Date,KO,GLD,AAPL,TLT,SPY,XOM,JPM,JNJ
2016-01-04,30.555978775024414,102.88999938964844,23.709104537963867,90.64982604980469,169.4715576171875,49.31961441040039,48.18407440185547,75.33755493164062
2016-01-05,30.664064407348633,103.18000030517578,23.11496925354004,90.28406524658203,169.75820922851562,49.73984146118164,48.26737976074219,75.65247344970703
2016-01-06,30.498321533203125,104.66999816894531,22.662620544433594,91.50065612792969,167.61679077148438,49.325984954833984,47.57060241699219,75.27006530761719
2016-01-07,29.993852615356445,106.1500015258789,21.70615005493164,91.66487121582031,163.59544372558594,48.53644943237305,45.64686965942383,74.3928451538086
2016-01-08,29.91457748413086,105.68000030517578,21.8209285736084,92.07544708251953,161.79969787597656,47.55592346191406,44.624412536621094,73.5980453491211
2016-01-11,29.965028762817383,104.73999786376953,22.174251556396484,91.06778717041016,161.9598846435547,46.919219970703125,44.556251525878906,73.15570831298828
2016-01-12,30.35418701171875,104.20999908447266,22.496078491210938,92.38141632080078,163.2666778564453,47.88064193725586,44.65470886230469,73.65805053710938
2016-01-13,30.159595489501953,104.72000122070312,21.917695999145508,93.29203033447266,159.1947021484375,48.167179107666016,43.427764892578125,72.74333190917969
2016-01-14,30.18123435974121,103.0199966430664,22.397056579589844,92.41874694824219,161.8081512451172,50.37656021118164,44.079105377197266,74.14540100097656
2016-01-15,29.907381057739258,104.08000183105469,21.85918617248535,93.85933685302734,158.33480834960938,49.396026611328125,43.2005615234375,72.72834777832031
2016-01-19,30.210054397583008,103.9800033569336,21.753408432006836,93.56818389892578,158.54550170898438,48.64470672607422,43.17784118652344,73.10324096679688
2016-01-20,29.820903778076172,105.37000274658203,21.782672882080078,94.553466796875,156.5137481689453,46.59449005126953,42.041770935058594,71.7911148071289
2016-01-21,29.82810401916504,105.48999786376953,21.672393798828125,93.91158294677734,157.3905029296875,47.18026351928711,41.84485626220703,71.93355560302734
2016-01-22,30.31094741821289,105.0,22.82465362548828,93.55327606201172,160.61944580078125,48.75294494628906,43.13238525390625,72.54087829589844
2016-01-25,30.383020401000977,106.08000183105469,22.379058837890625,94.06084442138672,158.19146728515625,47.103851318359375,42.155372619628906,72.2784423828125
2016-01-26,30.325355529785156,107.29000091552734,22.50282859802246,94.10560607910156,160.34971618652344,48.835723876953125,43.23085403442383,75.86235809326172
2016-01-27,30.332563400268555,107.69000244140625,21.02424430847168,94.08320617675781,158.6045379638672,47.937950134277344,43.2005615234375,76.59717559814453
2016-01-28,30.678485870361328,106.54000091552734,21.175031661987305,94.21754455566406,159.43069458007812,49.02035140991211,43.38232421875,76.67965698242188
2016-01-29,30.930723190307617,106.94999694824219,21.90644645690918,95.01618957519531,163.31724548339844,49.56793975830078,45.063697814941406,78.30664825439453
2016-02-01,30.988370895385742,108.05000305175781,21.70165252685547,94.72533416748047,163.2582550048828,48.57465744018555,44.578975677490234,78.2541732788086
2016-02-02,30.584779739379883,108.08999633789062,21.262805938720703,96.48265838623047,160.31597900390625,47.492252349853516,43.192970275878906,77.53440856933594
2016-02-03,30.786588668823242,109.25,21.68364906311035,95.68247985839844,161.2769775390625,49.96906280517578,43.48077392578125,78.08172607421875
2016-02-04,30.649662017822266,110.56999969482422,21.857877731323242,96.14616394042969,161.5299072265625,50.82862854003906,44.230587005615234,77.90180206298828
2016-02-05,30.584779739379883,112.31999969482422,21.27408790588379,96.25835418701172,158.45277404785156,50.98780822753906,43.73829650878906,75.38252258300781
2016-02-08,30.736135482788086,113.83000183105469,21.498098373413086,98.32975006103516,156.31985473632812,51.67544174194336,42.82187271118164,76.4771957397461
2016-02-09,31.20455551147461,113.58000183105469,21.49357795715332,98.43443298339844,156.32827758789062,51.450584411621094,42.56436538696289,76.45472717285156
2016-02-10,30.664064407348633,114.45999908447266,21.33066177368164,99.3019027709961,156.193359375,50.9815559387207,42.04935073852539,76.27477264404297
2016-02-11,30.56317901611328,119.05999755859375,21.201683044433594,99.99734497070312,154.16160583496094,51.142181396484375,40.19378662109375,76.2522964477539
2016-02-12,31.067646026611328,118.36000061035156,21.26729965209961,98.3372573852539,157.33993530273438,52.06095886230469,43.54136657714844,76.34224700927734
2016-02-16,31.2478084564209,114.7699966430664,21.866924285888672,97.29773712158203,159.99560546875,52.18301010131836,44.192710876464844,76.71712493896484
2016-02-17,31.341489791870117,115.4800033569336,22.20180892944336,96.69953918457031,162.60906982421875,52.68415069580078,44.51081466674805,76.85211944580078
2016-02-18,31.4279727935791,118.29000091552734,21.780941009521484,97.88855743408203,161.94308471679688,52.973270416259766,43.783729553222656,78.15670013427734
2016-02-19,31.543272018432617,117.58000183105469,21.731168746948242,97.9708023071289,161.8671417236328,53.00538635253906,43.79130935668945,78.6626968383789
2016-02-22,31.665782928466797,115.48999786376953,21.921228408813477,97.91849517822266,164.2108612060547,52.93473434448242,44.35933303833008,79.10826110839844
2016-02-23,31.485626220703125,117.22000122070312,21.425691604614258,98.31478881835938,162.13694763183594,52.1894416809082,42.5037727355957,78.60228729248047
2016-02-24,31.644168853759766,117.61000061035156,21.74473762512207,98.12036895751953,162.87887573242188,52.37577438354492,42.5189094543457,79.2668685913086
2016-02-25,31.824325561523438,117.91999816894531,21.89408302307129,98.4718246459961,164.8515625,52.69057846069336,43.17784118652344,80.3392562866211
2016-02-26,31.08926010131836,117.11000061035156,21.928022384643555,97.52213287353516,164.4722137451172,52.523529052734375,43.57924270629883,79.88614654541016
2016-02-29,31.08205223083496,118.63999938964844,21.87824058532715,97.9483871459961,163.18235778808594,51.49554443359375,42.640098571777344,79.4556655883789
2016-03-01,31.485626220703125,117.7699966430664,22.747127532958984,96.22361755371094,167.0182342529297,52.221561431884766,44.83647155761719,80.97361755371094
2016-03-02,31.543272018432617,118.68000030517578,22.796899795532227,96.62076568603516,167.76852416992188,53.13389587402344,45.260616302490234,80.83769226074219
2016-03-03,31.680204391479492,120.7300033569336,22.96660804748535,96.97286987304688,168.42613220214844,52.94115447998047,45.41207504272461,80.54319763183594
2016-03-04,31.788305282592773,120.54000091552734,23.308279037475586,96.35101318359375,168.97418212890625,52.8704833984375,45.48025131225586,80.42988586425781
2016-03-07,31.71622657775879,121.13999938964844,23.050329208374023,96.32102966308594,169.10903930664062,54.26466751098633,45.39694595336914,80.61114501953125
2016-03-08,31.939632415771484,120.58000183105469,22.860258102416992,97.38497161865234,167.26272583007812,53.088905334472656,44.51838302612305,80.21842193603516
2016-03-09,32.29276657104492,119.58000183105469,22.88062286376953,96.7930679321289,168.08897399902344,52.94115447998047,44.77589416503906,80.68666076660156
2016-03-10,32.59543991088867,121.5,22.89193344116211,96.39599609375,168.22386169433594,52.799800872802734,44.38962936401367,80.9132308959961
2016-03-11,32.827842712402344,119.41000366210938,23.13857650756836,95.42195892333984,170.9384765625,52.80622863769531,44.9425163269043,81.34369659423828
2016-03-14,32.89322280883789,117.87000274658203,23.197410583496094,95.7216796875,170.71926879882812,52.947566986083984,44.77589416503906,81.3059310913086
2016-03-15,32.85688400268555,117.95999908447266,23.663516998291016,95.81157684326172,170.44105529785156,53.21099090576172,44.83647155761719,81.38143157958984
2016-03-16,32.718902587890625,120.58999633789062,23.97804832458496,96.09626007080078,171.4274444580078,53.243141174316406,44.624412536621094,81.11713409423828
2016-03-17,33.24182891845703,120.12999725341797,23.9395751953125,96.49335479736328,172.51499938964844,54.03337478637695,44.49565505981445,80.61114501953125
2016-03-18,33.11835861206055,119.80000305175781,23.966733932495117,96.69568634033203,173.1929168701172,54.0976448059082,45.805908203125,81.18510437011719
2016-03-21,33.1692008972168,118.95999908447266,23.964468002319336,95.95391082763672,173.4386444091797,53.72500228881836,45.790771484375,81.01895904541016
2016-03-22,33.04572296142578,119.30999755859375,24.147747039794922,95.93144226074219,173.34542846679688,54.04623794555664,45.6241455078125,81.09446716308594
2016-03-23,33.01667022705078,116.61000061035156,24.014249801635742,97.01781463623047,172.2014617919922,53.808509826660156,45.39694595336914,81.94032287597656
2016-03-24,33.10382843017578,116.33000183105469,23.910160064697266,97.05531311035156,172.12515258789062,53.95627975463867,45.04853820800781,81.79682159423828
2016-03-28,33.26361083984375,116.5999984741211,23.801551818847656,97.18265533447266,172.2268829345703,54.11048126220703,44.98794937133789,81.73640441894531
2016-03-29,33.757484436035156,118.76000213623047,24.364965438842773,98.20165252685547,173.8199462890625,54.30964660644531,44.707725524902344,82.42367553710938
2016-03-30,33.830108642578125,117.0999984741211,24.790363311767578,97.1677017211914,174.58265686035156,54.303218841552734,45.22273635864258,82.3028335571289
2016-03-31,33.692115783691406,117.63999938964844,24.661380767822266,97.85698699951172,174.15895080566406,53.705692291259766,44.85162353515625,81.71373748779297
2016-04-01,34.01168441772461,116.93000030517578,24.88765525817871,98.11226654052734,175.3452911376953,53.30095291137695,45.34392166137695,82.46142578125
2016-04-04,34.055267333984375,116.1500015258789,25.14334487915039,98.17229461669922,174.77757263183594,53.42945098876953,45.16844177246094,82.00827026367188
2016-04-05,33.793792724609375,117.66000366210938,24.846927642822266,99.24595642089844,173.03192138671875,52.819095611572266,44.52752685546875,82.2801513671875
2016-04-06,33.92453384399414,116.94000244140625,25.107139587402344,98.52516174316406,174.921630859375,53.52580642700195,44.87088394165039,82.6351089477539
2016-04-07,33.67033004760742,118.61000061035156,24.559560775756836,99.74148559570312,172.82850646972656,52.92189025878906,43.73402786254883,82.52181243896484
2016-04-08,34.04073715209961,118.43000030517578,24.586715698242188,99.11079406738281,173.29458618164062,53.461585998535156,44.054481506347656,82.39344024658203
2016-04-11,33.728431701660156,120.02999877929688,24.668176651000977,98.98314666748047,172.88784790039062,53.532249450683594,44.40546417236328,82.29524230957031
2016-04-12,33.880958557128906,120.05000305175781,24.989484786987305,98.29994201660156,174.4978790283203,54.19399642944336,45.22947311401367,82.77106475830078
2016-04-13,33.437923431396484,118.7699966430664,25.351518630981445,98.64532470703125,176.260498046875,54.502410888671875,47.144561767578125,82.97493743896484
2016-04-14,33.285400390625,117.11000061035156,25.365087509155273,98.17229461669922,176.2689971923828,54.88789749145508,47.75495147705078,82.95230865478516
2016-04-15,33.48150634765625,117.91999816894531,24.855981826782227,99.01315307617188,176.07408142089844,54.592376708984375,47.205589294433594,83.20906066894531
2016-04-18,33.56864929199219,117.73999786376953,24.319713592529297,98.5852279663086,177.31134033203125,55.112762451171875,47.510772705078125,83.77547454833984
2016-04-19,33.844635009765625,119.58000183105469,24.19074058532715,98.2773666381836,177.87059020996094,55.3890266418457,48.31191635131836,85.09709167480469
2016-04-20,32.225032806396484,118.97000122070312,24.240516662597656,97.19632720947266,178.04002380371094,55.76810073852539,49.013851165771484,85.77677154541016
2016-04-21,31.70937728881836,119.41999816894531,23.97804832458496,96.61817169189453,177.08251953125,55.761695861816406,48.52555465698242,85.76925659179688
2016-04-22,32.34849548339844,117.88999938964844,23.912425994873047,96.37044525146484,177.08251953125,56.23712158203125,48.807857513427734,85.58042907714844
2016-04-25,32.47196960449219,118.2300033569336,23.776662826538086,95.97252655029297,176.7774658203125,56.108619689941406,48.52555465698242,85.72393798828125
2016-04-26,32.341243743896484,118.69999694824219,23.611482620239258,95.53704071044922,177.04014587402344,56.30138397216797,48.77732849121094,85.27080535888672
2016-04-27,32.4501838684082,119.04000091552734,22.133935928344727,96.49055480957031,177.40455627441406,56.834632873535156,48.9146728515625,85.1650619506836
2016-04-28,32.41386413574219,121.29000091552734,21.457372665405273,96.8884506225586,175.79444885253906,56.55837631225586,48.52555465698242,84.94602966308594
2016-04-29,32.53733444213867,123.6500015258789,21.210739135742188,97.13623046875,174.84536743164062,56.79610824584961,48.22034454345703,84.64395141601562
2016-05-02,32.668067932128906,123.23999786376953,21.18810272216797,96.15824890136719,176.235107421875,57.265113830566406,48.67051315307617,85.14996337890625
2016-05-03,32.56639099121094,122.95999908447266,21.536569595336914,97.36937713623047,174.70132446289062,56.609771728515625,47.73204803466797,85.10465240478516
2016-05-04,32.668067932128906,122.20999908447266,21.31256103515625,97.90354919433594,173.726806640625,56.50054931640625,46.97669219970703,84.74971008300781
2016-05-05,32.72616958618164,122.06999969482422,21.22605323791504,98.55807495117188,173.6929168701172,56.56480407714844,46.724910736083984,85.24813079833984
2016-05-06,32.915016174316406,123.18000030517578,21.107669830322266,98.13677978515625,174.32843017578125,56.866764068603516,46.99959945678711,85.14240264892578
2016-05-09,32.85688400268555,120.6500015258789,21.123605728149414,98.44522857666016,174.4724578857422,56.90529251098633,46.70201873779297,85.88250732421875
2016-05-10,33.22731399536133,120.9800033569336,21.267032623291016,98.45272064208984,176.64183044433594,57.81763458251953,47.33530044555664,86.59996795654297
2016-05-11,33.01667022705078,122.12000274658203,21.059871673583984,99.00946044921875,174.9894256591797,57.53905487060547,47.15980529785156,86.37339782714844
2016-05-12,33.285400390625,121.16000366210938,20.565858840942383,98.55807495117188,175.0402374267578,58.09623336791992,47.129302978515625,86.26768493652344
2016-05-13,32.93678283691406,121.70999908447266,20.606847763061523,99.5135269165039,173.51490783691406,57.44187545776367,46.69439697265625,85.76166534423828
2016-05-16,33.132877349853516,121.80000305175781,21.371747970581055,98.65583038330078,175.22666931152344,58.031463623046875,47.04537582397461,86.42625427246094
2016-05-17,32.50102615356445,122.22000122070312,21.2829647064209,98.82140350341797,173.59121704101562,58.005550384521484,47.04537582397461,85.96558380126953
2016-05-18,32.30492401123047,120.0999984741211,21.526559829711914,97.41456604003906,173.64205932617188,57.888919830322266,48.86125946044922,85.78435516357422
2016-05-19,32.188720703125,119.87000274658203,21.444597244262695,97.83583068847656,173.04034423828125,58.38132095336914,48.36532974243164,85.2254638671875
2016-05-20,31.92000389099121,119.70999908447266,21.676799774169922,97.91107177734375,174.133544921875,58.141605377197266,48.456878662109375,85.6742172241211
2016-05-23,31.934528350830078,119.37000274658203,21.952255249023438,98.1292495727539,173.89630126953125,58.05089569091797,48.41873550415039,85.30915832519531
2016-05-24,32.225032806396484,117.30000305175781,22.28689956665039,97.69290924072266,176.15036010742188,58.09623336791992,49.24274826049805,85.71227264404297
2016-05-25,32.2322998046875,116.9800033569336,22.6784610748291,97.32427215576172,177.34521484375,58.478485107421875,49.990478515625,86.21426391601562
2016-05-26,32.45744705200195,116.58000183105469,22.85830307006836,97.82835388183594,177.3960418701172,58.18046951293945,49.616607666015625,85.87198638916016
2016-05-27,32.52280044555664,115.62000274658203,22.84464454650879,97.68540954589844,178.15875244140625,58.3165283203125,49.921791076660156,85.99366760253906
2016-05-31,32.392066955566406,116.05999755859375,22.733089447021484,97.91862487792969,177.8197784423828,57.675106048583984,49.799720764160156,85.71227264404297
2016-06-01,32.4647102355957,115.94000244140625,22.414379119873047,98.31584930419922,178.18414306640625,57.817626953125,50.12017822265625,85.78072357177734
2016-06-02,32.47922897338867,115.66999816894531,22.24591827392578,99.02449035644531,178.72650146484375,57.35765075683594,50.211734771728516,87.08134460449219
2016-06-03,32.71163558959961,118.87999725341797,22.29144859313965,100.4341812133789,178.1925811767578,57.25398635864258,49.31905746459961,87.28669738769531
2016-06-06,32.95132064819336,118.91999816894531,22.453083038330078,99.68788146972656,179.09933471679688,57.88243865966797,49.80735397338867,88.05492401123047
2016-06-07,32.915016174316406,118.81999969482422,22.54414176940918,99.92910766601562,179.37896728515625,58.77004623413086,49.639488220214844,88.02449035644531
2016-06-08,33.0820426940918,120.58000183105469,22.52365493774414,100.46431732177734,179.9636993408203,58.82187271118164,49.78446578979492,88.07772827148438
2016-06-09,33.23457336425781,121.25,22.685285568237305,101.11265563964844,179.71798706054688,58.744136810302734,49.402976989746094,88.99044036865234
2016-06-10,33.401615142822266,121.73999786376953,22.49861717224121,101.60262298583984,178.01466369628906,58.29707717895508,48.708656311035156,88.99805450439453
2016-06-13,33.02103805541992,122.63999938964844,22.159414291381836,102.05494689941406,176.64183044433594,58.69228744506836,48.27375411987305,88.83071899414062
2016-06-14,32.962501525878906,122.7699966430664,22.186737060546875,101.97953033447266,176.29440307617188,58.58863830566406,47.365814208984375,89.08172607421875
2016-06-15,32.940547943115234,123.68000030517578,22.113889694213867,102.37152099609375,176.04867553710938,58.413700103759766,47.281883239746094,88.54170227050781
2016-06-16,33.16010284423828,122.37999725341797,22.207223892211914,102.86908721923828,176.57408142089844,59.1004753112793,47.47263717651367,88.71663665771484
2016-06-17,32.77952194213867,123.94999694824219,21.70183753967285,102.22833251953125,175.91650390625,58.776527404785156,47.51841735839844,87.8343505859375
2016-06-20,32.9185905456543,123.20999908447266,21.64948081970215,101.13520812988281,177.0493927001953,59.03568649291992,47.58708190917969,88.6406021118164
2016-06-21,33.028358459472656,120.83999633789062,21.833879470825195,100.66788482666016,177.5519256591797,59.301326751708984,48.02961349487305,88.36675262451172
2016-06-22,32.83076858520508,120.9000015258789,21.751928329467773,100.83369445800781,177.26235961914062,59.068077087402344,47.84648895263672,88.5797348022461
2016-06-23,32.99177551269531,120.11000061035156,21.877126693725586,99.68030548095703,179.57077026367188,59.47625732421875,48.868900299072266,89.27947998046875
2016-06-24,32.150146484375,126.0,21.26247215270996,102.35648345947266,173.12255859375,57.914825439453125,45.4736213684082,87.94843292236328
2016-06-27,32.04035949707031,126.68000030517578,20.9528751373291,104.91197204589844,170.0218963623047,57.57146453857422,43.955299377441406,88.648193359375
2016-06-28,32.33311080932617,125.31999969482422,21.305728912353516,105.1305923461914,173.08847045898438,58.899635314941406,45.41257858276367,89.9260025024414
2016-06-29,32.52339172363281,125.83999633789062,21.490123748779297,104.32402038574219,176.0357208251953,59.903846740722656,46.69439697265625,90.7626724243164
2016-06-30,33.17474365234375,126.47000122070312,21.763309478759766,104.70845794677734,178.43789672851562,60.73316955566406,47.411598205566406,92.26105499267578
2016-07-01,33.02103805541992,128.41000366210938,21.82932472229004,106.16226959228516,178.81265258789062,60.79794692993164,47.10402297973633,92.25344848632812
2016-07-05,33.24791717529297,129.47000122070312,21.624435424804688,107.49144744873047,177.52642822265625,60.26665496826172,45.78917694091797,92.99885559082031
2016-07-06,33.130828857421875,130.22999572753906,21.74736976623535,107.6651840209961,178.5911407470703,60.95989990234375,46.281288146972656,93.2802505493164
2016-07-07,32.99909591674805,129.74000549316406,21.840709686279297,107.65762329101562,178.48046875,60.227806091308594,46.58116149902344,93.1813735961914
2016-07-08,33.211334228515625,130.52000427246094,22.009166717529297,108.45061492919922,181.13804626464844,60.60356521606445,47.54230880737305,93.43997955322266
2016-07-11,33.35038375854492,129.2899932861328,22.077468872070312,107.49903106689453,181.77694702148438,60.830322265625,47.88064193725586,93.50082397460938
2016-07-12,33.35769271850586,127.1500015258789,22.177621841430664,105.73184967041016,183.09722900390625,61.51708984375,48.59572982788086,93.49321746826172
2016-07-13,33.47479248046875,128.32000732421875,22.05242347717285,106.97789764404297,183.0717010498047,61.471736907958984,48.564971923828125,93.55406951904297
2016-07-14,33.43819808959961,127.33000183105469,22.489505767822266,105.42212677001953,184.09390258789062,61.51708984375,49.30315017700195,93.69097900390625
2016-07-15,33.39429473876953,126.83999633789062,22.48723602294922,104.51589965820312,183.84686279296875,61.62723159790039,49.349273681640625,93.55406951904297
2016-07-18,33.39429473876953,127.04000091552734,22.726261138916016,104.41768646240234,184.34091186523438,61.43287658691406,49.18011474609375,93.6605224609375
2016-07-19,33.39429473876953,127.20999908447266,22.735368728637695,105.00677490234375,184.1535186767578,61.20612335205078,49.10320281982422,95.2654037475586
2016-07-20,33.30647659301758,125.38999938964844,22.755857467651367,104.43277740478516,184.92015075683594,60.85625457763672,49.15703201293945,95.18177795410156
2016-07-21,33.26255798339844,127.30000305175781,22.635196685791016,104.64425659179688,184.22164916992188,60.80442810058594,48.97250747680664,95.18934631347656
2016-07-22,33.54066467285156,126.3499984741211,22.459909439086914,104.82553100585938,185.04794311523438,60.9080810546875,49.24163055419922,95.09808349609375
2016-07-25,33.35038375854492,125.47000122070312,22.159414291381836,104.74996185302734,184.54534912109375,59.735389709472656,49.110904693603516,94.9916000366211
2016-07-26,32.845401763916016,126.0,22.00688934326172,104.91612243652344,184.63052368164062,59.301326751708984,49.310821533203125,95.18934631347656
2016-07-27,31.762264251708984,128.02999877929688,23.4365291595459,106.2226791381836,184.43460083007812,58.899635314941406,49.4646110534668,94.90032958984375
2016-07-28,31.945236206054688,127.66000366210938,23.752965927124023,106.0263442993164,184.6475830078125,58.439613342285156,49.287757873535156,94.66455841064453
2016-07-29,31.930591583251953,128.97999572753906,23.723371505737305,106.909912109375,184.9456787109375,57.6297607421875,49.187801361083984,95.25023651123047
2016-08-01,31.798864364624023,129.22000122070312,24.14223861694336,105.7508316040039,184.79238891601562,55.627784729003906,49.057090759277344,95.37950897216797
2016-08-02,31.857398986816406,130.27000427246094,23.784835815429688,104.66130828857422,183.60830688476562,56.39229202270508,48.94174575805664,94.96117401123047
2016-08-03,31.93790054321289,129.64999389648438,24.08305549621582,104.72184753417969,184.14500427246094,56.68384552001953,49.718353271484375,94.2386245727539
2016-08-04,31.8427791595459,129.8699951171875,24.231826782226562,105.50865936279297,184.34091186523438,56.677364349365234,49.641448974609375,94.20819854736328
2016-08-05,31.820816040039062,127.55000305175781,24.600332260131836,104.41159057617188,185.84860229492188,56.72920608520508,50.97937774658203,94.49720001220703
2016-08-08,31.791542053222656,127.44000244140625,24.80403709411621,104.60834503173828,185.73785400390625,57.39651107788086,50.82559585571289,94.0484619140625
2016-08-09,31.813505172729492,127.95999908447266,24.904748916625977,105.6373062133789,185.84860229492188,57.467777252197266,50.64875793457031,93.88113403320312
2016-08-10,31.915952682495117,128.55999755859375,24.71934700012207,106.04594421386719,185.3885955810547,56.461544036865234,50.19507598876953,93.82789611816406
2016-08-11,32.01841735839844,127.66999816894531,24.703325271606445,105.10015106201172,186.24896240234375,56.66410827636719,50.3334846496582,94.13973236083984
2016-08-12,32.22333526611328,127.4000015258789,24.760549545288086,105.9853744506836,186.0871124267578,57.40245056152344,50.2258415222168,93.72140502929688
2016-08-15,32.37701416015625,127.83999633789062,25.058095932006836,104.98663330078125,186.62376403808594,57.37630081176758,50.533416748046875,93.02925109863281
2016-08-16,32.07695007324219,128.47000122070312,25.03520393371582,104.70672607421875,185.66123962402344,57.44818878173828,50.525726318359375,91.52328491210938
2016-08-17,32.24530029296875,128.5,24.99858283996582,105.33464813232422,186.0104217529297,57.57233810424805,50.664127349853516,92.2686538696289
2016-08-18,32.274566650390625,129.11000061035156,24.966543197631836,105.50109100341797,186.42788696289062,58.09507369995117,50.71025085449219,91.81990814208984
2016-08-19,32.14282989501953,127.97000122070312,25.03063201904297,104.94877624511719,186.1553192138672,57.36978530883789,50.64107131958008,91.81990051269531
2016-08-22,32.01110076904297,127.77999877929688,24.836082458496094,105.83403015136719,186.1467742919922,57.493919372558594,50.59492492675781,91.21501922607422
2016-08-23,32.09159851074219,127.76000213623047,24.913904190063477,105.9475326538086,186.5215606689453,57.317501068115234,50.57185363769531,91.45238494873047
2016-08-24,32.09159851074219,126.33999633789062,24.72621726989746,105.6978530883789,185.5675048828125,57.513526916503906,50.71025085449219,90.89342498779297
2016-08-25,31.959871292114258,126.2300033569336,24.62093162536621,105.29686737060547,185.43975830078125,57.14763259887695,50.802528381347656,90.78627014160156
2016-08-26,31.703723907470703,126.05000305175781,24.47673797607422,104.68402862548828,185.0905303955078,57.02345657348633,50.91787338256836,91.14611053466797
2016-08-29,31.86471939086914,126.30000305175781,24.44926643371582,106.08370971679688,186.001953125,57.39592361450195,51.47917938232422,91.81990051269531
2016-08-30,31.645172119140625,125.02999877929688,24.261585235595703,105.67517852783203,185.69525146484375,57.18682098388672,51.902095794677734,91.47535705566406
2016-08-31,31.78421401977539,124.77999877929688,24.284473419189453,105.82650756835938,185.16717529296875,56.93852996826172,51.902095794677734,91.37580108642578
2016-09-01,31.725683212280273,125.29000091552734,24.428668975830078,105.94320678710938,185.17567443847656,56.74251174926758,51.679107666015625,91.17671966552734
2016-09-02,31.952543258666992,126.56999969482422,24.657550811767578,105.07906341552734,186.0104217529297,57.12147521972656,51.894405364990234,91.36048889160156
2016-09-06,32.04769515991211,128.7100067138672,24.650678634643555,105.84467315673828,186.57269287109375,57.87290954589844,51.85594940185547,91.68975830078125
2016-09-07,31.93790054321289,128.27000427246094,24.801746368408203,105.76889038085938,186.5556182861328,57.65727615356445,51.640655517578125,91.58255004882812
2016-09-08,31.930591583251953,127.58999633789062,24.151718139648438,104.4423599243164,186.12969970703125,58.18653869628906,51.70984649658203,91.47535705566406
2016-09-09,30.935291290283203,126.75,23.604694366455078,102.72177124023438,181.67474365234375,56.74251174926758,51.248497009277344,90.52592468261719
2016-09-12,31.608577728271484,126.58999633789062,24.133411407470703,102.77484130859375,184.2812957763672,57.036537170410156,51.563751220703125,91.23798370361328
2016-09-13,31.195405960083008,125.75,24.707908630371094,101.6075439453125,181.6321563720703,55.67744064331055,51.15623474121094,90.05119323730469
2016-09-14,31.069965362548828,126.18000030517578,25.582233428955078,101.7591323852539,181.56399536132812,55.27884292602539,51.056270599365234,90.24259948730469
2016-09-15,31.254430770874023,125.37000274658203,26.451993942260742,101.31953430175781,183.37840270996094,55.592491149902344,51.24082946777344,90.83216094970703
2016-09-16,31.09209632873535,125.05999755859375,26.303224563598633,102.13811492919922,182.66946411132812,54.906394958496094,50.610286712646484,90.54119873046875
2016-09-19,31.062572479248047,125.31999969482422,25.996519088745117,101.8045883178711,182.70370483398438,54.77570724487305,50.89480209350586,90.08948516845703
2016-09-20,31.239665985107422,125.44000244140625,25.994226455688477,102.16083526611328,182.7122802734375,53.932823181152344,51.10240173339844,90.31153106689453
2016-09-21,31.379850387573242,127.2699966430664,25.989654541015625,102.9870834350586,184.76695251464844,54.42942810058594,51.394596099853516,91.04655456542969
2016-09-22,31.697111129760742,127.56999969482422,26.234554290771484,103.80570220947266,185.9312744140625,54.58621597290039,51.817501068115234,91.46769714355469
2016-09-23,31.5347900390625,127.6500015258789,25.797386169433594,103.7071304321289,184.91250610351562,54.527435302734375,51.70984649658203,90.97000122070312
2016-09-26,31.025691986083984,127.55000305175781,25.83629608154297,104.36664581298828,183.4143524169922,54.2725944519043,50.57954406738281,90.18135833740234
2016-09-27,31.42412567138672,126.62000274658203,25.884357452392578,105.13213348388672,184.55294799804688,54.390201568603516,51.0255126953125,91.2839126586914
2016-09-28,31.099475860595703,126.22000122070312,26.08119773864746,104.90472412109375,185.46896362304688,56.781681060791016,51.29465103149414,91.41405487060547
2016-09-29,31.01093101501465,126.06999969482422,25.67607879638672,105.1700439453125,183.7909698486328,56.49419403076172,50.47958755493164,89.79085540771484
2016-09-30,31.22491455078125,125.63999938964844,25.875211715698242,104.2301025390625,185.17791748046875,57.030006408691406,51.20236587524414,90.44934844970703
2016-10-03,31.01093101501465,125.31999969482422,25.75389862060547,103.8861312866211,184.73272705078125,56.87970733642578,51.140869140625,90.97000122070312
2016-10-04,30.870731353759766,120.97000122070312,25.8637638092041,102.67122650146484,183.7909698486328,56.35698318481445,51.58232116699219,90.97763061523438
2016-10-05,30.84861183166504,120.77999877929688,25.875211715698242,102.19284057617188,184.6043243408203,56.8470344543457,52.42654037475586,91.25330352783203
2016-10-06,30.77483558654785,119.66000366210938,26.067474365234375,101.62330627441406,184.73272705078125,56.8731803894043,52.565948486328125,90.92405700683594
2016-10-07,30.789581298828125,119.73999786376953,26.10637855529785,101.69168090820312,184.09918212890625,56.6771354675293,52.75185012817383,91.29924011230469
2016-10-10,30.789581298828125,120.16000366210938,26.561857223510742,101.09178924560547,185.0580596923828,57.7879524230957,53.162322998046875,91.72801208496094
2016-10-11,30.64939308166504,119.55000305175781,26.619083404541016,100.8639907836914,182.7208251953125,57.33055877685547,52.90673065185547,90.07415771484375
2016-10-12,30.826478958129883,119.73999786376953,26.85711097717285,100.96272277832031,182.96055603027344,56.93198013305664,52.76731491088867,90.32683563232422
2016-10-13,30.811725616455078,120.02999877929688,26.774723052978516,101.34242248535156,182.3612823486328,56.55952453613281,52.46526336669922,90.5488510131836
2016-10-14,30.745317459106445,119.36000061035156,26.923486709594727,99.92236328125,182.4554443359375,56.546470642089844,52.294857025146484,90.01289367675781
2016-10-17,30.69367027282715,119.68000030517578,26.90517807006836,100.56021881103516,181.8219451904297,56.546470642089844,52.023799896240234,90.72496032714844
2016-10-18,30.966670989990234,120.41999816894531,26.88687515258789,100.88676452636719,182.96055603027344,56.69676971435547,52.43428039550781,88.36670684814453
2016-10-19,31.025691986083984,121.11000061035156,26.806760787963867,100.97032928466797,183.44854736328125,56.95811462402344,52.93770980834961,87.73883056640625
2016-10-20,30.937152862548828,120.73999786376953,26.793025970458984,101.07660675048828,183.10609436035156,56.9842643737793,52.86800003051758,87.95323944091797
2016-10-21,31.084728240966797,120.83000183105469,26.687746047973633,101.22848510742188,183.1916961669922,56.5987548828125,53.0461540222168,86.85830688476562
2016-10-24,31.402000427246094,120.55999755859375,26.928070068359375,100.78800964355469,183.9707794189453,56.788246154785156,53.340476989746094,86.98844909667969
2016-10-25,31.38723373413086,121.47000122070312,27.06540298461914,101.0538330078125,183.3544158935547,56.66410827636719,53.28624725341797,87.25647735595703
2016-10-26,31.31344985961914,120.79000091552734,26.456575393676758,100.37037658691406,182.98622131347656,56.905853271484375,53.541831970214844,87.71585845947266
2016-10-27,31.077341079711914,121.01000213623047,26.2025089263916,99.2769775390625,182.49830627441406,56.79477310180664,53.61928176879883,88.58875274658203
2016-10-28,31.15850257873535,121.58000183105469,26.028566360473633,99.05673217773438,181.95884704589844,55.396480560302734,53.526336669921875,88.30545043945312
2016-10-31,31.283935546875,121.94000244140625,25.987367630004883,99.66421508789062,181.9674835205078,54.44247055053711,53.64253616333008,88.81078338623047
2016-11-01,31.077341079711914,122.7300033569336,25.518152236938477,99.67176818847656,180.64907836914062,54.65810775756836,53.41789627075195,88.31311798095703
2016-11-02,31.025691986083984,123.63999938964844,25.54103660583496,100.10546875,179.56178283691406,54.527435302734375,53.193321228027344,87.94554901123047
2016-11-03,31.01093101501465,124.30000305175781,25.26727294921875,99.33707427978516,178.73988342285156,54.664649963378906,52.960941314697266,88.07572937011719
2016-11-04,30.76006507873535,124.38999938964844,25.039512634277344,100.22718811035156,178.54298400878906,54.60584259033203,52.48076629638672,88.13697814941406
2016-11-07,31.328203201293945,122.1500015258789,25.40070343017578,99.37510681152344,182.48114013671875,55.8342399597168,54.12270736694336,89.32382202148438
2016-11-08,31.638086318969727,121.63999938964844,25.550241470336914,98.97187042236328,183.302978515625,56.23636245727539,54.2388916015625,89.62240600585938
2016-11-09,31.188020706176758,121.55999755859375,25.508832931518555,94.77227020263672,185.24639892578125,56.856021881103516,56.73281478881836,92.11849975585938
2016-11-10,30.206708908081055,119.75,24.79795265197754,93.37242126464844,185.7086944580078,57.38336944580078,59.366146087646484,91.52894592285156
2016-11-11,30.273103713989258,117.0999984741211,24.945192337036133,92.84750366210938,185.2806396484375,56.47367477416992,59.39712905883789,90.70966339111328
2016-11-14,30.37639045715332,116.11000061035156,24.319429397583008,92.29212188720703,185.4261932373047,56.21658706665039,61.58122634887695,89.27782440185547
2016-11-15,30.575618743896484,117.12000274658203,24.641508102416992,92.74858856201172,186.8730010986328,57.23176574707031,61.465084075927734,89.0634536743164
2016-11-16,30.442811965942383,116.7699966430664,25.304080963134766,93.58545684814453,186.52194213867188,56.52641296386719,59.947025299072266,89.09408569335938
2016-11-17,30.339508056640625,116.16999816894531,25.294876098632812,92.20843505859375,187.48081970214844,56.183631896972656,60.42721176147461,89.2548599243164
2016-11-18,30.184555053710938,115.1500015258789,25.320180892944336,91.94215393066406,187.0613555908203,56.21658706665039,60.18712615966797,88.93878173828125
2016-11-21,30.516599655151367,115.58000183105469,25.70438575744629,92.1704330444336,188.47398376464844,57.01423645019531,60.450477600097656,88.66120910644531
2016-11-22,30.52398109436035,115.54000091552734,25.72047996520996,92.13995361328125,188.84201049804688,57.13945770263672,60.822227478027344,86.91885375976562
2016-11-23,30.339508056640625,113.25,25.58935546875,91.78239440917969,188.94479370117188,57.297691345214844,61.07779312133789,87.17325592041016
2016-11-25,30.642017364501953,112.61000061035156,25.718177795410156,91.91931915283203,189.64682006835938,57.429508209228516,61.05457305908203,87.990478515625
2016-11-28,30.804344177246094,113.80000305175781,25.667573928833008,92.59639739990234,188.75645446777344,57.00104522705078,60.65958023071289,87.21953582763672
2016-11-29,30.618328094482422,113.2699966430664,25.64226531982422,92.98445892333984,189.1245880126953,56.62528991699219,61.1242790222168,86.71839904785156
2016-11-30,30.023073196411133,111.75,25.42601203918457,91.4780502319336,188.67088317871094,57.54818344116211,62.092430114746094,85.80863189697266
2016-12-01,29.889141082763672,111.54000091552734,25.189048767089844,90.51215362548828,187.9774169921875,57.508636474609375,63.34714126586914,85.87033081054688
2016-12-02,30.030513763427734,112.13999938964844,25.28337860107422,91.1754150390625,188.07156372070312,57.376766204833984,63.199989318847656,86.31748962402344
2016-12-05,30.22398567199707,111.54000091552734,25.101625442504883,91.07630920410156,189.2017059326172,57.666831970214844,64.48564910888672,86.30208587646484
2016-12-06,30.186769485473633,111.43000030517578,25.294876098632812,91.00769805908203,189.8009796142578,57.71956253051758,64.81871032714844,86.39456176757812
2016-12-07,30.722509384155273,111.83000183105469,25.543338775634766,91.78530883789062,192.28367614746094,58.055763244628906,65.11302185058594,85.65444946289062
2016-12-08,30.491836547851562,111.56999969482422,25.794099807739258,90.70275115966797,192.75454711914062,58.220558166503906,65.92623901367188,85.56966400146484
2016-12-09,31.25078773498535,110.4000015258789,26.215106964111328,89.57453155517578,193.91883850097656,58.66880416870117,66.21282958984375,86.54878997802734
2016-12-12,31.176380157470703,110.81999969482422,26.065576553344727,89.74221801757812,193.69627380371094,59.97401809692383,65.62417602539062,88.93878173828125
2016-12-13,31.07221031188965,110.44999694824219,26.500385284423828,90.06239318847656,194.98899841308594,61.02874755859375,65.64739227294922,89.34739685058594
2016-12-14,30.66297149658203,108.83000183105469,26.500385284423828,89.05609130859375,193.3795166015625,59.71034240722656,65.62417602539062,88.65355682373047
2016-12-15,30.915958404541016,107.33999633789062,26.645320892333984,89.50591278076172,194.1757049560547,59.91469955444336,66.6078109741211,89.34739685058594
2016-12-16,31.057336807250977,108.05000305175781,26.67983055114746,89.30006408691406,193.79591369628906,60.10586929321289,65.78682708740234,89.33967590332031
2016-12-19,31.0052433013916,108.58999633789062,26.833965301513672,90.2606201171875,194.21788024902344,59.6048698425293,66.16634368896484,89.44764709472656
2016-12-20,30.99779510498047,107.79000091552734,26.905282974243164,89.810791015625,194.96705627441406,59.61145782470703,67.01829528808594,89.17007446289062
2016-12-21,30.930831909179688,107.8499984741211,26.930587768554688,90.20722961425781,194.42459106445312,59.512577056884766,67.1886978149414,88.90023040771484
2016-12-22,30.915958404541016,107.58999633789062,26.75344467163086,90.04595184326172,194.08871459960938,59.9015007019043,67.29711151123047,89.00045776367188
2016-12-23,30.953144073486328,107.93000030517578,26.80635643005371,90.22940063476562,194.3728790283203,59.796051025390625,67.4210433959961,89.40137481689453
2016-12-27,30.960588455200195,108.55999755859375,26.976604461669922,89.9389877319336,194.85516357421875,59.82242202758789,67.48301696777344,89.3628158569336
2016-12-28,30.796913146972656,108.86000061035156,26.861570358276367,90.5962905883789,193.24478149414062,59.52577209472656,66.99505615234375,88.7383041381836
2016-12-29,30.953144073486328,110.29000091552734,26.85467529296875,90.91731262207031,193.20176696777344,59.55875015258789,66.52261352539062,89.03900909423828
2016-12-30,30.84899139404297,109.61000061035156,26.645320892333984,91.054931640625,192.49551391601562,59.49940490722656,66.83243560791016,88.82312774658203
2017-01-03,31.10196876525879,110.47000122070312,26.721240997314453,91.44466400146484,193.96815490722656,59.91469955444336,67.56047058105469,89.30884552001953
2017-01-04,30.9903621673584,110.86000061035156,26.691329956054688,91.79631805419922,195.1221160888672,59.25550079345703,67.68506622314453,89.16236114501953
2017-01-05,31.064767837524414,112.58000183105469,26.827062606811523,93.23324584960938,194.96705627441406,58.37217330932617,67.06202697753906,90.09522247314453
2017-01-06,31.057336807250977,111.75,27.126140594482422,92.37718200683594,195.66464233398438,58.339202880859375,67.06980895996094,89.66349792480469
2017-01-09,30.744827270507812,112.66999816894531,27.37459945678711,93.1185531616211,195.01878356933594,57.376766204833984,67.11653900146484,89.6480712890625
2017-01-10,30.53648567199707,113.1500015258789,27.402210235595703,93.05742645263672,195.01878356933594,56.645076751708984,67.31120300292969,89.55554962158203
2017-01-11,30.54391098022461,113.5,27.549449920654297,93.37079620361328,195.56993103027344,57.22517013549805,67.81747436523438,88.45307922363281
2017-01-12,30.469518661499023,113.91000366210938,27.43441390991211,93.16443634033203,195.07904052734375,56.91532897949219,67.16326904296875,88.3682632446289
2017-01-13,30.417421340942383,114.20999908447266,27.386104583740234,92.72112274169922,195.52688598632812,56.921939849853516,67.5215072631836,88.35285949707031
2017-01-17,30.6704158782959,115.8499984741211,27.606962203979492,93.69181060791016,194.83795166015625,57.58772277832031,65.06827545166016,88.56102752685547
2017-01-18,30.722509384155273,114.87000274658203,27.60465431213379,92.49182891845703,195.2684783935547,56.875789642333984,65.37203216552734,88.42992401123047
2017-01-19,30.61087989807129,114.7699966430664,27.556344985961914,91.85741424560547,194.54513549804688,55.85403823852539,64.87361907958984,88.04447174072266
2017-01-20,30.744827270507812,115.05000305175781,27.606962203979492,91.67399597167969,195.2599334716797,56.61869430541992,65.16175842285156,88.00590515136719
2017-01-23,30.826669692993164,115.79000091552734,27.625364303588867,92.5911636352539,194.75180053710938,56.012245178222656,65.19292449951172,87.82090759277344
2017-01-24,31.176380157470703,115.2699966430664,27.600059509277344,91.95681762695312,196.00048828125,56.09135055541992,65.97950744628906,86.16329193115234
2017-01-25,31.340068817138672,114.31999969482422,28.039474487304688,90.80261993408203,197.6969757080078,56.25613021850586,66.99969482421875,86.96511840820312
2017-01-26,31.109411239624023,113.26000213623047,28.053274154663086,91.10840606689453,197.49024963378906,56.42754364013672,67.56046295166016,86.22498321533203
2017-01-27,30.841548919677734,113.48999786376953,28.055574417114258,91.43704986572266,197.18023681640625,56.36820983886719,67.70063781738281,87.41227722167969
2017-01-30,30.789461135864258,113.97000122070312,27.98195457458496,91.16189575195312,195.9574432373047,55.93972396850586,66.99969482421875,87.21953582763672
2017-01-31,30.930831909179688,115.55000305175781,27.917539596557617,91.79631805419922,195.94020080566406,55.30030059814453,65.90941619873047,87.31202697753906
2017-02-01,30.700180053710938,115.19999694824219,29.619972229003906,91.22865295410156,196.0177459716797,54.67406463623047,66.15862274169922,87.29664611816406
2017-02-02,30.804351806640625,115.83999633789062,29.569351196289062,91.19039916992188,196.14694213867188,55.0102653503418,65.87826538085938,87.55876922607422
2017-02-03,30.908517837524414,116.12999725341797,29.695890426635742,91.15209197998047,197.4989013671875,55.0695686340332,67.89532470703125,87.61273193359375
2017-02-06,30.92338752746582,117.69999694824219,29.974254608154297,91.7036361694336,197.14584350585938,54.91795349121094,67.57604217529297,87.42768096923828
2017-02-07,31.176380157470703,117.45999908447266,30.259531021118164,92.37765502929688,197.15447998046875,54.56199264526367,67.53710174560547,87.48934936523438
2017-02-08,31.265666961669922,118.19000244140625,30.37685203552246,93.63386535644531,197.4127960205078,54.20277786254883,66.94520568847656,87.42768096923828
2017-02-09,30.692733764648438,117.29000091552734,30.59635353088379,92.5538558959961,198.583984375,54.44226837158203,67.9109115600586,87.95195770263672
2017-02-10,30.194210052490234,117.5999984741211,30.52704429626465,92.500244140625,199.36764526367188,54.89461898803711,67.75516510009766,88.84626007080078
2017-02-13,30.22398567199707,116.80000305175781,30.79737663269043,92.20918273925781,200.4526824951172,55.21392822265625,68.65077209472656,89.33967590332031
2017-02-14,30.157007217407227,116.93000030517578,31.19710922241211,91.54273223876953,201.2535400390625,55.094173431396484,69.74885559082031,89.70976257324219
2017-02-15,30.090045928955078,117.44999694824219,31.310335159301758,91.12142944335938,202.3041534423828,55.32036590576172,70.55101776123047,90.35736846923828
2017-02-16,30.655529022216797,118.08000183105469,31.273359298706055,91.6193618774414,202.1319580078125,54.748260498046875,70.50430297851562,91.03582000732422
2017-02-17,30.677845001220703,117.68000030517578,31.358844757080078,92.1632308959961,202.45054626464844,54.38904571533203,70.27067565917969,91.63717651367188
2017-02-21,30.84899139404297,117.75,31.58527946472168,92.00236511230469,203.6562042236328,54.475521087646484,70.87812805175781,92.25393676757812
2017-02-22,30.953144073486328,117.91000366210938,31.680017471313477,92.155517578125,203.4753875732422,53.836891174316406,70.91706085205078,92.14599609375
2017-02-23,30.99779510498047,118.94000244140625,31.545997619628906,92.43128204345703,203.61317443847656,54.40233612060547,70.97157287597656,93.82672119140625
2017-02-24,31.08708953857422,119.69999694824219,31.57603645324707,93.45774841308594,203.87152099609375,53.93668746948242,70.3485336303711,95.24691772460938
2017-02-27,31.0052433013916,119.12000274658203,31.638410568237305,92.90620422363281,204.19012451171875,54.24269104003906,70.4264144897461,94.99081420898438
2017-02-28,31.221012115478516,119.2300033569336,31.652286529541016,93.25088500976562,203.6389617919922,54.0963249206543,70.57440948486328,94.84335327148438
2017-03-01,31.369831085205078,119.05999755859375,32.29924011230469,91.68833923339844,206.48944091796875,55.22722244262695,72.89519500732422,96.12388610839844
2017-03-02,31.60049057006836,117.58000183105469,32.10745620727539,91.35834503173828,205.18907165527344,55.41350555419922,71.75816345214844,95.94538879394531
2017-03-03,31.607934951782227,117.51000213623047,32.29692840576172,91.5962142944336,205.31820678710938,54.85470962524414,72.27216339111328,96.06954956054688
2017-03-06,31.384714126586914,116.72000122070312,32.19526290893555,91.15882873535156,204.7068328857422,55.10086441040039,71.58682250976562,96.00748443603516
2017-03-07,31.243343353271484,115.77999877929688,32.23686599731445,90.88253021240234,204.09544372558594,54.89461898803711,71.18963623046875,96.10059356689453
2017-03-08,31.243343353271484,115.05999755859375,32.1167106628418,90.39134216308594,203.71652221679688,53.903419494628906,71.03385925292969,96.31014251708984
2017-03-09,31.273109436035156,114.47000122070312,32.04277038574219,89.66983795166016,203.974853515625,54.329166412353516,71.31422424316406,97.74585723876953
2017-03-10,31.46656608581543,114.72000122070312,32.1490478515625,89.98457336425781,204.68968200683594,54.28926467895508,71.08841705322266,97.94763946533203
2017-03-13,31.54913330078125,114.73999786376953,32.16292190551758,89.41667938232422,204.79298400878906,54.16286087036133,71.15069580078125,98.31240844726562
2017-03-14,31.50409698486328,114.12000274658203,32.114410400390625,89.84639739990234,204.00929260253906,53.87681198120117,71.26751708984375,98.59957122802734
2017-03-15,31.61669158935547,116.25,32.45404815673828,90.94392395019531,205.77464294433594,54.548702239990234,71.4388427734375,100.08184051513672
2017-03-16,31.714282989501953,116.7300033569336,32.5071907043457,90.48345184326172,205.36993408203125,54.59526824951172,71.3687744140625,99.69380187988281
2017-03-17,31.54913330078125,116.98999786376953,32.345455169677734,91.05135345458984,205.0092315673828,54.548702239990234,70.6211166381836,99.38337707519531
2017-03-20,31.66171646118164,117.51000213623047,32.685096740722656,91.44274139404297,204.784423828125,54.548702239990234,70.11491394042969,99.39111328125
2017-03-21,31.901935577392578,118.54000091552734,32.310787200927734,92.20254516601562,202.1550750732422,54.43560028076172,68.05888366699219,98.7547378540039
2017-03-22,31.81185531616211,118.83000183105469,32.67584991455078,92.5708999633789,202.63075256347656,54.38904571533203,68.16792297363281,97.98641204833984
2017-03-23,31.654216766357422,118.66999816894531,32.56033706665039,92.44044494628906,202.4145965576172,54.45555877685547,68.05888366699219,97.70706939697266
2017-03-24,31.61669158935547,118.86000061035156,32.495635986328125,92.77046203613281,202.2675323486328,54.036476135253906,67.98102569580078,97.38111877441406
2017-03-27,31.766815185546875,119.52999877929688,32.55109405517578,93.19258117675781,202.05995178222656,54.04977798461914,67.94207763671875,97.62947082519531
2017-03-28,31.849390029907227,119.04000091552734,33.225772857666016,92.5708999633789,203.53024291992188,54.44226837158203,69.001220703125,97.52083587646484
2017-03-29,31.841873168945312,119.33000183105469,33.299705505371094,93.12348175048828,203.72055053710938,54.5620002746582,68.74420166015625,96.94648742675781
2017-03-30,31.97700309753418,118.47000122070312,33.25580596923828,92.37135314941406,204.36920166015625,55.6795654296875,69.33609771728516,96.74473571777344
2017-03-31,31.856895446777344,118.72000122070312,33.19342803955078,92.6400146484375,203.89353942871094,54.55535125732422,68.40933227539062,96.65937042236328
2017-04-03,31.834375381469727,119.3499984741211,33.202659606933594,93.57443237304688,203.5388946533203,54.59526824951172,68.1601333618164,96.76800537109375
2017-04-04,32.03704833984375,119.62000274658203,33.44990539550781,93.06683349609375,203.66867065429688,54.79482650756836,68.38728332519531,96.76026153564453
2017-04-05,31.954471588134766,119.62000274658203,33.27660369873047,93.35140228271484,203.06321716308594,54.901275634765625,67.510009765625,96.85338592529297
2017-04-06,32.029537200927734,119.18000030517578,33.19342803955078,93.21294403076172,203.63406372070312,55.2205810546875,67.73717498779297,97.04739379882812
2017-04-07,31.984500885009766,119.45999908447266,33.119483947753906,92.83612060546875,203.42649841308594,55.05426025390625,67.50218200683594,96.94648742675781
2017-04-10,32.04454803466797,119.45999908447266,33.080204010009766,93.26679992675781,203.54754638671875,55.30039978027344,67.26717376708984,96.49638366699219
2017-04-11,32.02203369140625,121.19000244140625,32.72437286376953,94.15126037597656,203.305419921875,55.10749053955078,67.14970397949219,96.40325927734375
2017-04-12,32.232208251953125,122.0199966430664,32.763668060302734,94.66654968261719,202.4145965576172,55.19395446777344,66.8912353515625,97.31903076171875
2017-04-13,32.11961364746094,122.5999984741211,32.59036636352539,94.95881652832031,201.099853515625,54.34248352050781,66.10794830322266,97.00083923339844
2017-04-17,32.32978439331055,122.23999786376953,32.770591735839844,94.66654968261719,202.881591796875,54.269290924072266,67.25151824951172,97.56736755371094
2017-04-18,32.63755416870117,122.81999969482422,32.625038146972656,95.90476989746094,202.27615356445312,53.91672897338867,66.7032470703125,94.54070281982422
2017-04-19,32.449893951416016,121.7300033569336,32.5048713684082,95.38178253173828,201.9042510986328,53.544212341308594,66.15495300292969,94.19148254394531
2017-04-20,32.34480285644531,121.95999908447266,32.911537170410156,95.01261901855469,203.54754638671875,53.89012145996094,67.00871276855469,94.57949829101562
2017-04-21,32.32978439331055,122.30999755859375,32.87225341796875,95.01261901855469,202.89891052246094,53.6772575378418,66.20194244384766,94.49415588378906
2017-04-24,32.4874267578125,121.4800033569336,33.188804626464844,94.54345703125,205.13027954101562,53.95663833618164,68.53608703613281,95.37109375
2017-04-25,32.35982894897461,120.25,33.394439697265625,93.40521240234375,206.3239288330078,54.36907958984375,69.13138580322266,95.7901840209961
2017-04-26,32.45740509033203,120.83999633789062,33.19805145263672,93.92053985595703,206.1941680908203,54.14956283569336,69.2645263671875,95.85226440429688
2017-04-27,32.284759521484375,120.38999938964844,33.223453521728516,93.88972473144531,206.3671875,54.056427001953125,68.62224578857422,96.03075408935547
2017-04-28,32.38983917236328,120.7699966430664,33.19111633300781,94.09744262695312,205.91738891601562,54.31587219238281,68.14447784423828,95.82122802734375
2017-05-01,32.442386627197266,119.66999816894531,33.86811828613281,93.31517791748047,206.43634033203125,54.58859634399414,68.19145965576172,95.72032928466797
2017-05-02,32.569984436035156,119.6500015258789,34.08298873901367,93.7929458618164,206.51422119140625,54.58196258544922,67.7528305053711,95.99971008300781
2017-05-03,32.5174446105957,117.9800033569336,33.9790153503418,93.85462188720703,206.26341247558594,55.01433563232422,68.14447784423828,95.71257019042969
2017-05-04,32.77267074584961,116.79000091552734,33.85655975341797,93.39219665527344,206.5055694580078,54.309207916259766,68.2227783203125,96.19371032714844
2017-05-05,32.79519271850586,117.01000213623047,34.41801452636719,93.47701263427734,207.31858825683594,54.5620002746582,68.14447784423828,95.85226440429688
2017-05-08,32.9453125,116.75,35.35379409790039,92.9683837890625,207.283935546875,55.140750885009766,68.2227783203125,95.65046691894531
2017-05-09,32.66006851196289,116.05000305175781,35.58022689819336,92.96062469482422,207.0936737060547,54.754920959472656,67.94865417480469,95.61942291259766
2017-05-10,32.70510482788086,116.04000091552734,35.41155242919922,92.85272979736328,207.46560668945312,55.00335693359375,68.48128509521484,95.30899810791016
2017-05-11,32.78017044067383,116.5,35.71780776977539,92.85272979736328,207.04176330566406,55.47343826293945,68.26979064941406,95.6116714477539
2017-05-12,32.720115661621094,116.83000183105469,36.21662902832031,93.55409240722656,206.69583129882812,55.43314743041992,68.08180236816406,95.95313262939453
2017-05-15,32.82521057128906,117.13999938964844,36.123817443847656,93.29975128173828,207.83755493164062,55.60100555419922,68.41075897216797,98.55296325683594
2017-05-16,32.915279388427734,117.6500015258789,36.07046127319336,93.64656066894531,207.64720153808594,55.43314743041992,68.62224578857422,99.1583023071289
2017-05-17,32.97532653808594,119.79000091552734,34.85938262939453,95.01070404052734,203.96273803710938,55.05709457397461,66.00611877441406,98.30463409423828
2017-05-18,32.87775421142578,118.80999755859375,35.39066696166992,95.11856079101562,204.784423828125,54.895931243896484,65.76332092285156,98.53746795654297
2017-05-19,32.95281982421875,119.4000015258789,35.51131820678711,95.34207153320312,206.11634826660156,55.01679611206055,66.40559387207031,98.56073760986328
2017-05-22,33.16299057006836,119.9000015258789,35.72708511352539,95.08003234863281,207.162841796875,55.25856018066406,66.34294891357422,98.76253509521484
2017-05-23,33.32063674926758,119.13999938964844,35.683006286621094,94.44034576416016,207.62130737304688,55.453269958496094,67.17321014404297,98.96430969238281
2017-05-24,33.801029205322266,119.61000061035156,35.57627868652344,94.97216796875,208.10568237304688,55.25856018066406,67.13404846191406,98.95652770996094
2017-05-25,34.086280822753906,119.4800033569336,35.699249267578125,95.00298309326172,209.10031127929688,54.895931243896484,66.85205078125,99.62836456298828
2017-05-26,34.071258544921875,120.54000091552734,35.638919830322266,95.1648178100586,209.0570526123047,54.76163101196289,66.85990905761719,99.15184783935547
2017-05-30,34.101287841796875,120.13999938964844,35.652835845947266,95.63494873046875,208.87538146972656,54.459442138671875,65.7163314819336,99.3002700805664
2017-05-31,34.131309509277344,120.62000274658203,35.441715240478516,95.8738784790039,208.82351684570312,54.05655288696289,64.34558868408203,100.19085693359375
2017-06-01,34.37151336669922,120.72000122070312,35.539154052734375,95.88386535644531,210.48410034179688,54.190826416015625,65.05839538574219,100.60489654541016
2017-06-02,34.44657516479492,121.61000061035156,36.065826416015625,97.01921081542969,211.1847381591797,53.385040283203125,64.72940826416016,101.6204605102539
2017-06-05,34.52164840698242,121.7300033569336,35.713172912597656,96.41680145263672,211.029052734375,53.801368713378906,64.8469009399414,101.8392105102539
2017-06-06,34.514137268066406,123.0999984741211,35.83381271362305,96.94200897216797,210.35440063476562,54.53330993652344,64.98005676269531,102.20639038085938
2017-06-07,34.16133117675781,122.44999694824219,36.04725646972656,96.47859191894531,210.74363708496094,54.331871032714844,65.72416687011719,102.14388275146484
2017-06-08,33.8760986328125,121.6500015258789,35.959110260009766,96.2237548828125,210.847412109375,54.13710403442383,66.53875732421875,101.98764038085938
2017-06-09,34.01871109008789,120.54000091552734,34.564720153808594,96.07696533203125,210.52737426757812,55.151119232177734,68.11310577392578,102.75323486328125
2017-06-12,34.026222229003906,120.36000061035156,33.73876953125,96.04608154296875,210.48410034179688,55.68831253051758,68.12879180908203,102.97979736328125
2017-06-13,34.07918930053711,120.4800033569336,34.01021957397461,96.0615463256836,211.5133819580078,55.70845031738281,68.35597229003906,103.13603210449219
2017-06-14,34.283538818359375,119.81999969482422,33.678443908691406,97.54435729980469,211.24526977539062,55.11082458496094,68.2149429321289,103.72193908691406
2017-06-15,34.24570083618164,119.31999969482422,33.476593017578125,97.38990783691406,210.83876037597656,55.23841857910156,67.8076400756836,103.9328842163086
2017-06-16,34.291099548339844,119.33999633789062,33.0079345703125,97.5829849243164,210.8848114013672,56.064369201660156,67.50218200683594,104.95625305175781
2017-06-19,34.34407043457031,118.43000030517578,33.952213287353516,97.44400787353516,212.64041137695312,55.57415008544922,68.9825668334961,104.737548828125
2017-06-20,34.51816177368164,118.18000030517578,33.643653869628906,98.31672668457031,211.2063751220703,55.2719841003418,68.55176544189453,104.85469818115234
2017-06-21,34.22299575805664,118.5199966430664,33.843170166015625,98.51751708984375,211.15426635742188,54.68775939941406,68.23847961425781,105.39376068115234
2017-06-22,34.10947036743164,118.91999816894531,33.787498474121094,98.7337417602539,211.05859375,54.446022033691406,68.16012573242188,106.28433990478516
2017-06-23,34.24570083618164,119.43000030517578,33.938297271728516,98.68742370605469,211.31068420410156,54.80192947387695,68.0348129272461,106.58119201660156
2017-06-26,34.381927490234375,118.36000061035156,33.831573486328125,99.05813598632812,211.4497833251953,54.55345916748047,68.33245086669922,106.51087188720703
2017-06-27,34.09434127807617,118.80999755859375,33.3466682434082,98.00006103515625,209.7462615966797,54.466163635253906,68.96688079833984,105.47188568115234
2017-06-28,34.298675537109375,118.9000015258789,33.833885192871094,97.67567443847656,211.62359619140625,54.74821090698242,70.35328674316406,104.54220581054688
2017-06-29,33.9278450012207,118.31999969482422,33.3350715637207,96.85701751708984,209.76370239257812,54.190826416015625,71.39502716064453,103.62039947509766
2017-06-30,33.942970275878906,118.0199966430664,33.413963317871094,96.6330337524414,210.1547393798828,54.21099090576172,71.59085083007812,103.34697723388672
2017-07-03,33.87486267089844,116.08999633789062,33.293312072753906,96.32191467285156,210.51109313964844,55.1309700012207,73.04788970947266,103.82350158691406
2017-07-05,33.92027282714844,116.5199966430664,33.43019485473633,96.34518432617188,210.99777221679688,54.291568756103516,73.78030395507812,104.401611328125
2017-07-06,33.602413177490234,116.47000122070312,33.11466598510742,95.54803466796875,209.0683135986328,53.801368713378906,73.54403686523438,103.52666473388672
2017-07-07,33.594852447509766,115.27999877929688,33.45106506347656,94.97531127929688,210.4241943359375,53.8685188293457,73.91419982910156,103.54225158691406
2017-07-10,33.58727264404297,115.47000122070312,33.655250549316406,95.11465454101562,210.65013122558594,53.82822799682617,73.39440155029297,102.76887512207031
2017-07-11,33.54943084716797,115.62000274658203,33.764278411865234,95.27714538574219,210.4936981201172,54.12369918823242,73.11087036132812,102.51889038085938
2017-07-12,33.68566131591797,116.02999877929688,33.81300735473633,95.93497467041016,212.0754852294922,54.365440368652344,72.8588638305664,103.30006408691406
2017-07-13,33.6251220703125,115.81999969482422,34.28398513793945,95.33132934570312,212.43182373046875,54.37215042114258,73.3235092163086,103.01105499267578
2017-07-14,33.8143196105957,116.7699966430664,34.57864761352539,95.4474105834961,213.42271423339844,54.58030700683594,72.65408325195312,103.58914184570312
2017-07-17,33.852169036865234,117.29000091552734,34.69927978515625,95.7105484008789,213.39657592773438,54.29828643798828,71.97675323486328,103.23760223388672
2017-07-18,33.80674743652344,118.11000061035156,34.819942474365234,96.54637145996094,213.50953674316406,54.12369918823242,71.72472381591797,105.04220581054688
2017-07-19,33.9278450012207,118.08000183105469,35.03801727294922,96.58502960205078,214.66555786132812,54.291568756103516,71.82711791992188,105.62814331054688
2017-07-20,33.92027282714844,118.23999786376953,34.880245208740234,96.8636703491211,214.76107788085938,54.29828643798828,71.82711791992188,106.69055938720703
2017-07-21,34.07918930053711,119.26000213623047,34.864009857177734,97.27385711669922,214.56993103027344,53.801368713378906,71.58297729492188,105.70624542236328
2017-07-24,33.93540573120117,119.30999755859375,35.28627014160156,96.8946533203125,214.51779174804688,53.63351058959961,71.89014434814453,103.9094467163086
2017-07-25,34.23812484741211,118.91999816894531,35.43708038330078,95.63311004638672,215.03929138183594,53.90210723876953,73.08724212646484,103.02667999267578
2017-07-26,34.61653518676758,119.87999725341797,35.60413360595703,95.78792572021484,215.0479278564453,53.969242095947266,72.40206146240234,102.30014038085938
2017-07-27,34.90412139892578,119.79000091552734,34.93129348754883,95.31584930419922,214.8480224609375,54.27815246582031,72.10277557373047,102.20639038085938
2017-07-28,34.82087326049805,120.69000244140625,34.68537521362305,95.88079833984375,214.5960235595703,53.45219421386719,71.89014434814453,103.00324249267578
2017-07-31,34.692222595214844,120.75,34.5067253112793,95.99689483642578,214.4743194580078,53.747642517089844,72.29966735839844,103.68289184570312
2017-08-01,34.586265563964844,120.6500015258789,34.81296157836914,96.67085266113281,214.9523468017578,53.83494186401367,73.26837921142578,103.51881408691406
2017-08-02,34.503013610839844,120.4000015258789,36.457923889160156,96.72517395019531,215.05662536621094,54.12369918823242,73.3313980102539,103.24542999267578
2017-08-03,34.56355285644531,120.58999633789062,36.09366226196289,97.72570037841797,214.63943481445312,54.049842834472656,72.85096740722656,104.175048828125
2017-08-04,34.434906005859375,119.6500015258789,36.283912658691406,96.89582061767578,215.03054809570312,53.86180877685547,73.76457214355469,104.04220581054688
2017-08-07,34.540863037109375,119.51000213623047,36.84537887573242,97.00439453125,215.43032836914062,53.82822799682617,74.04808807373047,103.7922592163086
2017-08-08,34.51059341430664,119.86000061035156,37.14002227783203,96.6553726196289,214.9001922607422,53.693904876708984,73.78030395507812,103.33134460449219
2017-08-09,34.503013610839844,121.30999755859375,37.36739730834961,97.1827621459961,214.89146423339844,53.86180877685547,73.66217041015625,104.08131408691406
2017-08-10,34.61653518676758,122.20999908447266,36.17716979980469,98.01268768310547,211.85826110839844,53.54313278198242,72.60681915283203,103.971923828125
2017-08-11,34.503013610839844,122.79000091552734,36.6802864074707,98.0592041015625,212.17112731933594,53.02785110473633,72.00038146972656,103.9797592163086
2017-08-14,34.661949157714844,121.91999816894531,37.232295989990234,97.55508422851562,214.27444458007812,53.04142379760742,72.84309387207031,104.27660369873047
2017-08-15,34.95710754394531,120.9800033569336,37.639915466308594,97.14398193359375,214.2483367919922,52.91259002685547,73.03209686279297,104.19847869873047
2017-08-16,34.96467208862305,121.87000274658203,37.48851013183594,97.50077819824219,214.6220245361328,52.52610397338867,72.52806091308594,104.81564331054688
2017-08-17,34.70735168457031,122.48999786376953,36.768798828125,98.22986602783203,211.27589416503906,51.70570755004883,71.3939437866211,103.9328842163086
2017-08-18,34.56355285644531,122.30000305175781,36.6849365234375,98.2065658569336,210.94566345214844,51.963356018066406,71.46481323242188,103.6125717163086
2017-08-21,34.571136474609375,122.76000213623047,36.61739730834961,98.44699096679688,211.11074829101562,51.78706359863281,71.37820434570312,104.25315856933594
2017-08-22,34.51059341430664,122.20999908447266,37.21599578857422,98.06695556640625,213.31837463378906,52.031158447265625,72.11064147949219,105.22969818115234
2017-08-23,34.465179443359375,122.66999816894531,37.262577056884766,98.73397064208984,212.55352783203125,51.94300842285156,72.1972885131836,103.7453842163086
2017-08-24,34.366798400878906,122.29000091552734,37.097206115722656,98.36943817138672,212.0581512451172,51.75318145751953,72.07911682128906,103.81568145751953
2017-08-25,34.48788070678711,122.73999786376953,37.2346305847168,98.7494888305664,212.55352783203125,52.01759338378906,72.37057495117188,103.52478790283203
2017-08-28,34.374359130859375,124.69000244140625,37.6096305847168,98.68743896484375,212.562255859375,51.84808349609375,72.14215087890625,103.57197570800781
2017-08-29,34.39706802368164,124.41999816894531,37.94503402709961,99.00546264648438,212.8055877685547,51.834537506103516,71.74835205078125,103.94147491455078
2017-08-30,34.351646423339844,124.36000061035156,38.047523498535156,98.97439575195312,213.81375122070312,51.597225189208984,71.91378021240234,103.04525756835938
2017-08-31,34.472747802734375,125.81999969482422,38.19892120361328,99.2691650390625,215.10009765625,51.75318145751953,71.58297729492188,104.0672607421875
2017-09-01,34.64680862426758,126.05999755859375,38.2105712890625,98.50982666015625,215.40426635742188,51.9158821105957,72.22090911865234,103.01378631591797
2017-09-05,34.75276565551758,127.45999908447266,37.75171661376953,100.07198333740234,213.85723876953125,52.329471588134766,70.49610137939453,102.12538146972656
2017-09-06,34.78303146362305,126.80999755859375,37.712135314941406,99.4579849243164,214.58729553222656,53.41432189941406,70.96868896484375,102.73075103759766
2017-09-07,35.02521896362305,128.1300048828125,37.56071472167969,100.47615051269531,214.56117248535156,53.58382034301758,69.72427368164062,103.9257583618164
2017-09-08,35.04034423828125,127.97000122070312,36.948143005371094,100.25850677490234,214.3092041015625,53.44143295288086,69.63764953613281,102.97444152832031
2017-09-11,35.20684814453125,126.19000244140625,37.61662292480469,99.06163024902344,216.59495544433594,53.73299789428711,70.71663665771484,104.72769927978516
2017-09-12,35.35821533203125,126.55999755859375,37.467552185058594,98.54095458984375,217.32504272460938,53.90249252319336,71.58297729492188,104.27167510986328
2017-09-13,35.471736907958984,125.61000061035156,37.18571853637695,98.15231323242188,217.42935180664062,54.085540771484375,71.78775024414062,104.13016510009766
2017-09-14,35.17422103881836,126.16000366210938,36.86661911010742,98.55644989013672,217.3597869873047,54.30252456665039,71.64596557617188,105.49027252197266
2017-09-15,35.227622985839844,125.52999877929688,37.23928451538086,98.59529113769531,217.65240478515625,54.28897476196289,72.15791320800781,105.70252227783203
2017-09-18,35.17422103881836,124.36000061035156,36.95743942260742,98.02793884277344,218.11538696289062,54.30252456665039,73.1817398071289,106.43370819091797
2017-09-19,35.07505416870117,124.62000274658203,36.9714241027832,97.78703308105469,218.3336639404297,54.39065933227539,73.98507690429688,106.30790710449219
2017-09-20,34.92249298095703,123.62000274658203,36.35185623168945,97.85698699951172,218.4122772216797,54.614410400390625,74.5048599243164,104.73551177978516
2017-09-21,34.63262176513672,122.68000030517578,35.72763442993164,97.80258178710938,217.8271026611328,54.166908264160156,74.84355163574219,103.57984161376953
2017-09-22,34.701271057128906,123.23999786376953,35.37825012207031,98.08238220214844,217.87075805664062,54.187252044677734,74.6860122680664,103.29680633544922
2017-09-25,34.85383224487305,124.52999877929688,35.066139221191406,98.69637298583984,217.42530822753906,54.90596389770508,74.1268539428711,103.12385559082031
2017-09-26,34.76230239868164,123.13999938964844,35.669403076171875,98.51760864257812,217.55636596679688,54.844940185546875,73.79605102539062,102.94304656982422
2017-09-27,34.0528564453125,121.9800033569336,35.923282623291016,97.03314208984375,218.403564453125,55.21105194091797,74.961669921875,102.0074462890625
2017-09-28,34.25882339477539,122.20999908447266,35.70201110839844,96.74559783935547,218.6656494140625,55.72636795043945,75.11920166015625,101.78736114501953
2017-09-29,34.335113525390625,121.58000183105469,35.897674560546875,96.96319580078125,219.43418884277344,55.58397674560547,75.22156524658203,102.21186065673828
2017-10-02,34.17491912841797,120.7699966430664,35.825462341308594,96.78562927246094,220.38626098632812,55.3466682434082,76.26905822753906,103.1631851196289
2017-10-03,34.47241973876953,120.83000183105469,35.981529235839844,96.87907409667969,220.85792541503906,55.434810638427734,76.67071533203125,103.85501098632812
2017-10-04,34.70890426635742,121.16999816894531,35.74860382080078,96.88687896728516,221.11996459960938,55.45515823364258,75.89102172851562,104.47607421875
2017-10-05,34.72414779663086,120.5199966430664,36.193477630615234,96.5208740234375,222.43014526367188,55.61109924316406,76.91295623779297,104.71192932128906
2017-10-06,34.701271057128906,121.08999633789062,36.172508239746094,96.24828338623047,222.17681884765625,55.400901794433594,76.77827453613281,104.73551177978516
2017-10-09,34.64023971557617,122.08000183105469,36.29829788208008,96.55203247070312,221.8099822998047,55.61788558959961,76.374267578125,104.91634368896484
2017-10-10,34.99114990234375,122.4000015258789,36.312259674072266,96.70779418945312,222.39517211914062,55.773834228515625,76.94461059570312,105.27013397216797
2017-10-11,35.16659927368164,122.79000091552734,36.46366500854492,96.89466857910156,222.74459838867188,56.004356384277344,76.71491241455078,107.43212890625
2017-10-12,35.17422103881836,122.88999938964844,36.33555221557617,97.30741119384766,222.41268920898438,55.889076232910156,76.04153442382812,107.57366180419922
2017-10-13,35.227622985839844,123.81999969482422,36.5661506652832,98.00828552246094,222.6834259033203,55.875526428222656,75.93853759765625,107.2591781616211
2017-10-16,35.563270568847656,122.97000122070312,37.23928451538086,97.93822479248047,222.9803924560547,56.146728515625,77.50706481933594,107.0154800415039
2017-10-17,35.48699188232422,122.12999725341797,37.376705169677734,98.06282806396484,223.13760375976562,56.24842071533203,77.33279418945312,110.68694305419922
2017-10-18,35.39545440673828,121.66999816894531,37.21133804321289,97.41642761230469,223.35598754882812,56.11281967163086,77.6258773803711,110.60044860839844
2017-10-19,35.540382385253906,122.38999938964844,36.330909729003906,97.58778381347656,223.4170684814453,56.09926223754883,77.7209701538086,111.66969299316406
2017-10-20,35.38018035888672,121.61000061035156,36.39379119873047,96.55203247070312,224.5700225830078,56.350120544433594,78.83000946044922,111.95270538330078
2017-10-23,35.33441925048828,121.80000305175781,36.37514877319336,96.72331237792969,223.6965789794922,56.43827438354492,78.69532012939453,112.911865234375
2017-10-24,35.227622985839844,121.33000183105469,36.59177017211914,96.12370300292969,224.0896453857422,56.59421920776367,79.94700622558594,111.35521697998047
2017-10-25,35.12846755981445,121.3499984741211,36.43104934692383,95.66419219970703,222.9803924560547,56.390804290771484,80.02622985839844,111.92123413085938
2017-10-26,35.26576614379883,120.33000183105469,36.66398239135742,95.34493255615234,223.26864624023438,56.59421920776367,80.59657287597656,111.48883056640625
2017-10-27,35.14371109008789,120.9000015258789,37.97763442993164,95.97570037841797,225.0941162109375,56.7569465637207,80.6203384399414,111.46524810791016
2017-10-30,34.983516693115234,121.12999725341797,38.832462310791016,96.89466857910156,224.255615234375,56.64168167114258,80.33517456054688,110.06587219238281
2017-10-31,35.07505416870117,120.66999816894531,39.37283706665039,96.92582702636719,224.60498046875,56.51285171508789,79.70140838623047,109.60199737548828
2017-11-01,34.93775939941406,121.11000061035156,38.87206268310547,97.35740661621094,224.90199279785156,56.86543273925781,79.94700622558594,110.0501480102539
2017-11-02,34.99877166748047,121.19000244140625,39.156211853027344,97.78663635253906,224.9893035888672,56.6348991394043,80.47775268554688,110.01081848144531
2017-11-03,35.06742858886719,120.62000274658203,40.17873764038086,98.05198669433594,225.74049377441406,56.397605895996094,80.33517456054688,110.12879180908203
2017-11-06,34.6860237121582,121.6500015258789,40.58634948730469,98.41874694824219,226.08981323242188,56.7840690612793,79.8360824584961,109.8771743774414
2017-11-07,35.0445442199707,121.20999908447266,40.716796875,98.83238983154297,225.93263244628906,56.668792724609375,78.22795867919922,109.88505554199219
2017-11-08,35.227622985839844,121.62999725341797,41.049869537353516,98.61386108398438,226.31692504882812,56.59421920776367,77.34862518310547,111.10364532470703
2017-11-09,35.26576614379883,122.12999725341797,40.96602249145508,98.33292388916016,225.49591064453125,56.93324661254883,77.34071350097656,110.34101104736328
2017-11-10,35.50224304199219,121.12999725341797,40.83042907714844,96.85012817382812,225.42605590820312,56.75531005859375,77.24565124511719,109.71994018554688
2017-11-13,35.63954162597656,121.30999755859375,40.66680908203125,97.05302429199219,225.63565063476562,56.72110366821289,77.52291870117188,109.8771743774414
2017-11-14,36.18117141723633,121.55999755859375,40.052032470703125,97.70858764648438,225.11158752441406,56.27630615234375,77.05553436279297,109.66492462158203
2017-11-15,35.708213806152344,121.41000366210938,39.523719787597656,98.76994323730469,223.98487854003906,55.57148742675781,77.78433227539062,109.35833740234375
2017-11-16,35.509883880615234,121.4000015258789,39.995914459228516,97.91148376464844,225.8889617919922,55.12669372558594,78.00614929199219,109.17744445800781
2017-11-17,34.86909484863281,122.86000061035156,39.77384948730469,98.63729858398438,225.22512817382812,54.90771484375,77.74474334716797,108.49348449707031
2017-11-20,34.67838668823242,121.30999755859375,39.734100341796875,98.59829711914062,225.60940551757812,55.119850158691406,78.43394470214844,108.43843841552734
2017-11-21,34.92249298095703,121.51000213623047,40.47278594970703,98.91041564941406,227.08554077148438,55.338836669921875,78.37054443359375,108.76080322265625
2017-11-22,34.96826934814453,122.62999725341797,40.898223876953125,99.23040008544922,226.88470458984375,55.4962158203125,78.14080047607422,107.935302734375
2017-11-24,34.99877166748047,122.31999969482422,40.90056228637695,98.95729064941406,227.40872192382812,55.71519470214844,77.8873062133789,108.50137329101562
2017-11-27,35.0140266418457,122.83000183105469,40.69485092163086,98.81678009033203,227.29518127441406,55.50306701660156,77.578369140625,109.23698425292969
2017-11-28,34.96063232421875,122.80999755859375,40.4564323425293,98.94947814941406,229.60108947753906,55.886253356933594,80.29553985595703,110.75569915771484
2017-11-29,34.70890426635742,122.04000091552734,39.61723327636719,97.97393798828125,229.46128845214844,56.29682922363281,82.17302703857422,110.58959197998047
2017-11-30,35.201114654541016,121.0999984741211,40.171241760253906,97.64614868164062,231.47027587890625,56.99482727050781,82.798828125,110.20993041992188
2017-12-01,35.35493087768555,121.58999633789062,39.98421859741211,98.9638671875,230.98989868164062,57.11115264892578,83.01273345947266,110.72409057617188
2017-12-04,35.55488967895508,121.18000030517578,39.69203567504883,99.0107650756836,230.71031188964844,57.186424255371094,84.72383880615234,109.95679473876953
2017-12-05,35.57796096801758,120.31999969482422,39.65462875366211,99.50341033935547,229.88055419921875,56.72110366821289,83.74948120117188,110.47883605957031
2017-12-06,35.72408676147461,120.06999969482422,39.50736618041992,99.8475112915039,229.92420959472656,56.30367660522461,83.1236343383789,111.57833862304688
2017-12-07,35.20880889892578,118.48999786376953,39.579830169677734,99.06546783447266,230.64915466308594,56.48844909667969,82.87805938720703,110.747802734375
2017-12-08,34.84733581542969,118.4800033569336,39.59152603149414,99.0733413696289,231.90692138671875,56.563716888427734,83.91581726074219,111.20658874511719
2017-12-11,34.86271667480469,118.01000213623047,40.362911224365234,98.87000274658203,232.60569763183594,56.816890716552734,83.67024230957031,111.64161682128906
2017-12-12,34.83195114135742,118.1500015258789,40.13618087768555,98.83088684082031,233.01622009277344,56.63214111328125,84.64462280273438,112.7964859008789
2017-12-13,35.30109786987305,119.16999816894531,40.26942443847656,99.5738296508789,232.9900360107422,56.87849807739258,83.5831069946289,113.02586364746094
2017-12-14,35.40108108520508,118.93000030517578,40.25773239135742,99.99610137939453,232.0379638671875,56.72794723510742,82.9097671508789,112.04502868652344
2017-12-15,35.52413558959961,119.18000030517578,40.66680908203125,100.37145233154297,233.97027587890625,56.816890716552734,84.08218383789062,112.68573760986328
2017-12-18,35.324161529541016,119.7300033569336,41.23950958251953,99.45650482177734,235.45388793945312,56.75531005859375,84.73178100585938,112.16368103027344
2017-12-19,35.47798156738281,119.81999969482422,40.80003356933594,98.16615295410156,234.54962158203125,56.413169860839844,84.37529754638672,112.1478500366211
2017-12-20,35.43952941894531,120.13999938964844,40.75563430786133,97.07920837402344,234.42674255371094,56.7074089050293,84.08218383789062,111.65748596191406
2017-12-21,35.070377349853516,120.30999755859375,40.909915924072266,97.64500427246094,234.9096221923828,57.37803268432617,85.42098999023438,111.57833862304688
2017-12-22,35.062679290771484,120.94000244140625,40.909915924072266,97.77822875976562,234.84815979003906,57.46016311645508,85.11993408203125,110.83480072021484
2017-12-26,35.231868743896484,121.7699966430664,39.87203598022461,98.06815338134766,234.56723022460938,57.46697998046875,84.77928161621094,110.81103515625
2017-12-27,35.324161529541016,122.2300033569336,39.8790397644043,99.34553527832031,234.681396484375,57.41224670410156,84.937744140625,111.1907730102539
2017-12-28,35.162654876708984,122.8499984741211,39.99125671386719,99.25935363769531,235.16421508789062,57.494346618652344,85.38929748535156,111.18282318115234
2017-12-29,35.28571701049805,123.6500015258789,39.55879211425781,99.41605377197266,234.27743530273438,57.23433303833008,84.7159423828125,110.51840209960938
2018-01-02,35.02421951293945,125.1500015258789,40.26707458496094,98.34249114990234,235.95433044433594,58.18551254272461,85.51600646972656,110.13082122802734
2018-01-03,34.94731521606445,124.81999969482422,40.260074615478516,98.81263732910156,237.44668579101562,59.32825469970703,85.60315704345703,111.18282318115234
2018-01-04,35.43952941894531,125.45999908447266,40.44706344604492,98.7969970703125,238.4474639892578,59.41038131713867,86.82948303222656,111.17494201660156
2018-01-05,35.43183517456055,125.33000183105469,40.907569885253906,98.51485443115234,240.03659057617188,59.36244201660156,86.2720718383789,112.09249877929688
2018-01-08,35.37800216674805,125.30999755859375,40.75563430786133,98.45218658447266,240.47549438476562,59.62934112548828,86.39947509765625,112.2348861694336
2018-01-09,35.55488967895508,124.7300033569336,40.750953674316406,97.1355972290039,241.01979064941406,59.37614822387695,86.83746337890625,114.0146255493164
2018-01-10,35.43183517456055,125.02999877929688,40.741600036621094,97.01806640625,240.651123046875,58.904014587402344,87.79303741455078,113.88014221191406
2018-01-11,35.40877914428711,125.44000244140625,40.9730224609375,97.41775512695312,242.40699768066406,59.48564147949219,88.26285552978516,114.52875518798828
2018-01-12,35.493370056152344,126.95999908447266,41.39612579345703,97.58229064941406,243.9871368408203,59.88937759399414,89.72010040283203,115.29605102539062
2018-01-16,35.78562545776367,127.16999816894531,41.18573760986328,97.98980712890625,243.15313720703125,59.51301956176758,89.40156555175781,116.16614532470703
2018-01-17,36.00865173339844,126.13999938964844,41.865962982177734,97.85658264160156,245.47071838378906,60.217838287353516,89.97489929199219,116.26101684570312
2018-01-18,36.054805755615234,125.86000061035156,41.90338134765625,96.94755554199219,245.05813598632812,59.82780456542969,90.18991088867188,116.21360778808594
2018-01-19,36.270145416259766,126.41999816894531,41.716365814208984,96.43816375732422,246.1731414794922,59.63618469238281,89.99083709716797,116.56161499023438
2018-01-22,36.43935012817383,126.6500015258789,41.375083923339844,96.53219604492188,248.17474365234375,60.38890075683594,91.04194641113281,117.1786117553711
2018-01-23,36.49318313598633,127.27999877929688,41.38443374633789,96.94755554199219,248.7015380859375,60.42312240600586,90.94639587402344,112.18743133544922
2018-01-24,36.785430908203125,128.8300018310547,40.725242614746094,96.42243957519531,248.6049346923828,60.58051681518555,92.10901641845703,112.37725830078125
2018-01-25,36.793128967285156,127.97000122070312,39.99824905395508,97.21394348144531,248.71026611328125,60.47104263305664,92.1329116821289,114.22027587890625
2018-01-26,37.32380676269531,128.07000732421875,40.09175109863281,96.85350036621094,251.58975219726562,60.90212631225586,92.62662506103516,114.95590209960938
2018-01-29,36.68545913696289,127.3499984741211,39.261924743652344,96.1795425415039,249.92176818847656,60.22467803955078,92.53108978271484,113.6507339477539
2018-01-30,36.46241760253906,126.80000305175781,39.0305061340332,95.61531066894531,247.35833740234375,59.38300323486328,91.66307830810547,112.66204071044922
2018-01-31,36.60085678100586,127.6500015258789,39.138023376464844,96.1795425415039,247.48126220703125,59.73883819580078,92.10901641845703,109.30818939208984
2018-02-01,36.49318313598633,128.07000732421875,39.21983337402344,94.7856216430664,247.20030212402344,60.95003128051758,93.06459045410156,110.75569915771484
2018-02-02,35.939422607421875,126.38999938964844,37.518089294433594,93.90608215332031,241.8187255859375,57.84334945678711,91.00212860107422,108.90478515625
2018-02-05,34.52431869506836,126.70999908447266,36.58071517944336,94.79350280761719,231.70523071289062,54.55189895629883,86.63836669921875,103.13837432861328
2018-02-06,34.35512161254883,125.37999725341797,38.10948181152344,94.20452880859375,236.27029418945312,53.614410400390625,89.2741470336914,104.27742004394531
2018-02-07,34.2705192565918,124.79000091552734,37.293678283691406,93.30924224853516,234.98861694335938,52.64955139160156,89.8793716430664,103.9531021118164
2018-02-08,33.14765167236328,124.9800033569336,36.26748275756836,93.20721435546875,226.1744842529297,52.05421829223633,85.90574645996094,99.95064544677734
2018-02-09,33.17073059082031,124.7699966430664,36.71107864379883,92.61821746826172,229.5719451904297,52.38603591918945,87.62577819824219,102.45812225341797
2018-02-12,33.81675720214844,125.37000274658203,38.18977737426758,93.0265884399414,232.94313049316406,52.82844924926758,88.97953796386719,103.04344177246094
2018-02-13,33.98595428466797,126.08000183105469,38.572349548339844,93.44276428222656,233.52247619628906,52.74550247192383,89.52899169921875,102.79827117919922
2018-02-14,33.9167366027832,128.22999572753906,39.28351593017578,92.40619659423828,236.67417907714844,52.856117248535156,91.59937286376953,102.56887817382812
2018-02-15,34.439720153808594,128.3800048828125,40.602577209472656,92.72032165527344,239.6941375732422,52.68328857421875,91.98161315917969,103.80281829833984
2018-02-16,34.59353256225586,127.95999908447266,40.47114944458008,93.22286224365234,239.76438903808594,52.91141891479492,91.32066345214844,105.32156372070312
2018-02-20,33.83214569091797,126.23999786376953,40.335018157958984,92.81452941894531,238.26315307617188,52.36529541015625,91.34455108642578,103.51806640625
2018-02-21,33.33223342895508,125.66000366210938,40.15194320678711,91.67584228515625,237.0780029296875,51.770790100097656,91.72679138183594,102.7586898803711
2018-02-22,33.47066116333008,126.30000305175781,40.48757553100586,91.95071411132812,237.38523864746094,52.44133758544922,91.55956268310547,102.7586898803711
2018-02-23,33.870601654052734,126.13999938964844,41.19170379638672,92.76738739013672,241.16908264160156,53.59579849243164,93.41495513916016,104.42772674560547
2018-02-26,33.862911224365234,126.44999694824219,42.006168365478516,92.79884338378906,243.96954345703125,54.50137710571289,94.57755279541016,105.13621520996094
2018-02-27,33.54758071899414,125.12999725341797,41.870033264160156,92.6653060913086,240.92315673828125,53.57505416870117,93.45477294921875,104.8177719116211
2018-02-28,33.23994064331055,125.0,41.80665969848633,93.25431060791016,238.48260498046875,52.358375549316406,91.97364807128906,103.39282989501953
2018-03-01,33.40145492553711,124.72000122070312,41.07435989379883,93.89087677001953,235.014892578125,51.985084533691406,90.32526397705078,101.32305908203125
2018-03-02,33.624481201171875,125.38999938964844,41.35836410522461,93.12761688232422,236.22640991210938,52.22703170776367,90.23768615722656,102.54901123046875
2018-03-05,33.75522994995117,125.18000030517578,41.50154113769531,92.87581634521484,238.956787109375,52.72476577758789,91.62325286865234,103.3211898803711
2018-03-06,33.78599166870117,126.52999877929688,41.46632385253906,92.9623794555664,239.56243896484375,52.66255187988281,91.70288848876953,102.07138061523438
2018-03-07,33.701393127441406,125.72000122070312,41.081390380859375,92.86006927490234,239.47471618652344,51.33527374267578,91.36048126220703,102.72412872314453
2018-03-08,34.185916900634766,125.41999816894531,41.529693603515625,93.3951644897461,240.63352966308594,51.23849868774414,91.36845397949219,105.12824249267578
2018-03-09,34.470489501953125,125.54000091552734,42.24321746826172,92.7813949584961,244.8210906982422,51.542667388916016,93.99626159667969,106.5134048461914
2018-03-12,34.24745178222656,125.54000091552734,42.651611328125,93.31646728515625,244.51390075683594,52.01274108886719,93.69367980957031,105.5820083618164
2018-03-13,34.27820587158203,125.77999877929688,42.240875244140625,93.78858184814453,242.93362426757812,51.521942138671875,92.57087707519531,106.95124053955078
2018-03-14,33.96785354614258,125.69999694824219,41.88175964355469,94.61478424072266,241.68701171875,50.8790168762207,91.53565979003906,105.33522033691406
2018-03-15,33.88251495361328,124.9000015258789,41.93103790283203,94.61478424072266,241.42361450195312,51.445884704589844,91.7666015625,105.92428588867188
2018-03-16,33.71958923339844,124.5999984741211,41.783199310302734,94.2764663696289,241.6854248046875,51.92979049682617,91.92586517333984,106.41786193847656
2018-03-19,33.56440353393555,124.87000274658203,41.144775390625,93.97746276855469,238.4153594970703,51.25922775268555,91.20121002197266,103.67940521240234
2018-03-20,33.48680877685547,124.30999755859375,41.13068771362305,93.59972381591797,238.82090759277344,51.14863204956055,91.288818359375,104.45158386230469
2018-03-21,33.362674713134766,126.4800033569336,40.19889450073242,93.70205688476562,238.36244201660156,51.87449264526367,91.36845397949219,104.4356689453125
2018-03-22,33.17646408081055,125.9800033569336,39.630882263183594,94.6305160522461,232.40406799316406,50.80989074707031,87.55413055419922,101.40266418457031
2018-03-23,32.842838287353516,127.61000061035156,38.713165283203125,94.55973052978516,227.4505157470703,50.38820266723633,85.21297454833984,99.587646484375
2018-03-26,33.122154235839844,128.27999877929688,40.55095291137695,94.19778442382812,233.6732635498047,51.155540466308594,87.84081268310547,101.41062927246094
2018-03-27,33.27733612060547,127.48999786376953,39.51118469238281,95.20500946044922,229.69810485839844,50.94813919067383,86.13668823242188,101.267333984375
2018-03-28,33.61095428466797,125.7300033569336,39.07463455200195,95.45681762695312,229.0194091796875,50.33290481567383,86.00132751464844,101.45838165283203
2018-03-29,33.69630813598633,125.79000091552734,39.379737854003906,95.92105865478516,231.9457550048828,51.57722854614258,87.5700454711914,102.01564025878906
2018-04-02,33.106632232666016,127.26000213623047,39.12156677246094,96.11030578613281,226.9392852783203,50.616336822509766,85.88188171386719,99.15774536132812
2018-04-03,33.65750503540039,126.30000305175781,39.522926330566406,95.36904907226562,229.84793090820312,51.86066436767578,87.06040954589844,102.17488098144531
2018-04-04,34.32475280761719,126.44999694824219,40.2786865234375,95.1718978881836,232.30711364746094,51.75697708129883,88.38228607177734,103.81475067138672
2018-04-05,34.44890594482422,125.80000305175781,40.55799865722656,94.46220397949219,234.14051818847656,52.55194854736328,89.54280090332031,104.05355072021484
2018-04-06,34.07648849487305,126.38999938964844,39.52057647705078,95.49525451660156,228.9224853515625,51.75697708129883,87.30982208251953,101.975830078125
2018-04-09,34.00665283203125,126.81999969482422,39.91254425048828,95.65296173095703,230.05064392089844,51.75697708129883,88.35826873779297,103.07441711425781
2018-04-10,34.13079833984375,127.12000274658203,40.66361618041992,95.47945404052734,233.70851135253906,53.277809143066406,90.04700469970703,103.68737030029297
2018-04-11,34.13079833984375,128.11000061035156,40.47349548339844,95.81853485107422,232.48336791992188,53.52667999267578,88.53436279296875,103.19380950927734
2018-04-12,34.161834716796875,126.62000274658203,40.87249755859375,95.11669921875,234.3960723876953,53.381500244140625,90.7353286743164,103.83065032958984
2018-04-13,34.53425216674805,127.44999694824219,41.01097869873047,95.33753967285156,233.70851135253906,53.810081481933594,88.27823638916016,103.98193359375
2018-04-16,34.66615676879883,127.62999725341797,41.26681900024414,95.36904907226562,235.63003540039062,54.294002532958984,88.2061996459961,104.88941955566406
2018-04-17,34.821327209472656,127.75,41.83483123779297,95.6292724609375,238.15089416503906,54.148834228515625,88.2061996459961,103.91822814941406
2018-04-18,34.53425216674805,127.8499984741211,41.74092483520508,94.86437225341797,238.3272247314453,54.76408004760742,87.4939193725586,101.67332458496094
2018-04-19,34.37907791137695,127.5999984741211,40.55799865722656,94.09156799316406,237.00515747070312,54.90232849121094,89.41474151611328,101.53800964355469
2018-04-20,33.936824798583984,126.62999725341797,38.896244049072266,93.41342163085938,234.99539184570312,54.61198806762695,89.21463775634766,100.82950592041016
2018-04-23,34.12302780151367,125.62000274658203,38.78359603881836,93.43707275390625,234.9602508544922,55.006019592285156,88.78245544433594,100.96483612060547
2018-04-24,33.416988372802734,126.2300033569336,38.24374771118164,93.01127624511719,231.7958526611328,54.162662506103516,88.36629486083984,100.45535278320312
2018-04-25,32.92041778564453,125.41000366210938,38.410400390625,92.38829040527344,232.3688507080078,54.95764923095703,88.0301513671875,100.90912628173828
2018-04-26,33.1687126159668,124.97000122070312,38.54418182373047,93.03492736816406,234.73101806640625,55.897796630859375,88.1181869506836,101.90419006347656
2018-04-27,33.60320281982422,125.5,38.098228454589844,93.75249481201172,234.9513702392578,53.775535583496094,87.55793762207031,102.11117553710938
2018-04-30,33.525596618652344,124.58999633789062,38.78828811645508,93.91808319091797,233.14451599121094,53.74789047241211,87.06173706054688,100.69417572021484
2018-05-01,33.044559478759766,123.70999908447266,39.689571380615234,93.57981872558594,233.5587921142578,53.19485092163086,87.06173706054688,100.31204986572266
2018-05-02,32.63334655761719,123.6500015258789,41.44285583496094,93.47709655761719,231.98976135253906,53.09114074707031,86.37340545654297,98.31392669677734
2018-05-03,32.501461029052734,124.27999877929688,41.51795959472656,93.89593505859375,231.4785919189453,52.91141891479492,85.82917785644531,97.93978881835938
2018-05-04,32.866111755371094,124.54000091552734,43.1468620300293,94.03821563720703,234.475341796875,53.16028594970703,86.7815933227539,98.86324310302734
2018-05-07,32.69541931152344,124.56999969482422,43.45901107788086,93.88806915283203,235.26869201660156,53.740966796875,87.53392791748047,98.38558197021484
2018-05-08,32.43938064575195,124.58999633789062,43.66790008544922,93.80115509033203,235.26869201660156,53.98292541503906,88.83047485351562,97.60545349121094
2018-05-09,32.41611099243164,124.33000183105469,43.97538375854492,93.24002838134766,237.54270935058594,55.254905700683594,90.76732635498047,98.32189178466797
2018-05-10,32.7264518737793,125.18000030517578,44.60440444946289,93.99080657958984,239.76393127441406,56.492313385009766,91.47162628173828,99.7866439819336
2018-05-11,32.69541931152344,125.0,44.434757232666016,94.2279052734375,240.49554443359375,56.75766372680664,91.12749481201172,101.29122161865234
2018-05-14,32.617835998535156,124.48999786376953,44.331085205078125,93.72999572753906,240.610107421875,57.14170455932617,91.15950012207031,100.35186767578125
2018-05-15,32.36954879760742,122.4800033569336,43.92818832397461,92.66307830810547,238.95301818847656,57.113800048828125,90.46320343017578,99.61151123046875
2018-05-16,32.2376708984375,122.29000091552734,44.338157653808594,92.3074722290039,239.95785522460938,57.2744026184082,90.7113037109375,99.7866439819336
2018-05-17,32.8195686340332,122.36000061035156,44.057769775390625,91.84117126464844,239.75511169433594,57.1766471862793,90.40715026855469,98.59256744384766
2018-05-18,32.7264518737793,122.41000366210938,43.897560119628906,92.63147735595703,239.15577697753906,56.77163314819336,88.94249725341797,98.90302276611328
2018-05-21,32.9048957824707,122.4800033569336,44.208560943603516,92.6788558959961,240.95388793945312,57.455955505371094,89.7588882446289,98.48907470703125
2018-05-22,32.78076934814453,122.41000366210938,44.09782409667969,92.53661346435547,240.28396606445312,57.0090446472168,90.44718933105469,97.84425354003906
2018-05-23,32.89715576171875,122.54000091552734,44.38057327270508,93.20840454101562,240.9450225830078,57.36517333984375,90.03099060058594,98.27413940429688
2018-05-24,32.8350830078125,123.58999633789062,44.331085205078125,93.95127868652344,240.45144653320312,56.05238723754883,89.02255249023438,97.31884765625
2018-05-25,32.89715576171875,123.20999908447266,44.432403564453125,94.53610229492188,239.8784942626953,54.96303939819336,88.5663833618164,97.41507720947266
2018-05-29,33.11439514160156,123.19000244140625,44.27219009399414,96.60671997070312,237.11965942382812,54.7605094909668,84.78073120117188,95.75504302978516
2018-05-30,33.46354675292969,123.37000274658203,44.177940368652344,95.9586410522461,240.28396606445312,56.911285400390625,86.71754455566406,97.01412963867188
2018-05-31,33.362674713134766,123.0999984741211,44.02949523925781,95.80059814453125,238.81198120117188,56.72971725463867,85.64509582519531,95.93147277832031
2018-06-01,33.45577621459961,122.48999786376953,44.82353591918945,95.29439544677734,241.15655517578125,57.14170455932617,86.757568359375,97.2466812133789
2018-06-04,33.742855072021484,122.37000274658203,45.198158264160156,94.60527801513672,242.3023681640625,56.54118728637695,86.79759216308594,97.80003356933594
2018-06-05,33.448020935058594,122.8499984741211,45.5468635559082,94.82706451416016,242.47869873046875,56.33865737915039,86.30939483642578,97.4231185913086
2018-06-06,33.71958923339844,122.91999816894531,45.70471954345703,94.05866241455078,244.5059356689453,57.30233383178711,88.32625579833984,98.47368621826172
2018-06-07,33.704063415527344,122.86000061035156,45.582210540771484,94.96966552734375,244.4795379638672,57.874935150146484,88.67842102050781,98.9067611694336
2018-06-08,34.09976577758789,123.01000213623047,45.16752243041992,94.68444061279297,245.2022247314453,58.377716064453125,88.9265365600586,99.4921875
2018-06-11,34.23942184448242,123.2300033569336,45.056785583496094,94.51019287109375,245.52842712402344,58.028564453125,88.70242309570312,98.36943817138672
2018-06-12,34.4566650390625,122.81999969482422,45.30418395996094,94.5339584350586,245.8457794189453,57.553733825683594,88.1902084350586,98.27318572998047
2018-06-13,34.27821731567383,123.19000244140625,44.93191146850586,94.48644256591797,245.06126403808594,56.918277740478516,88.01411437988281,98.34538269042969
2018-06-14,34.11383056640625,123.37999725341797,44.955474853515625,95.2706527709961,245.67825317382812,57.1836051940918,86.46145629882812,98.1689453125
2018-06-15,34.53653335571289,121.33999633789062,44.4936637878418,95.35773468017578,245.36485290527344,56.324710845947266,86.357421875,98.329345703125
2018-06-18,34.09033966064453,121.11000061035156,44.47011184692383,95.2706527709961,244.86021423339844,56.436431884765625,86.58151245117188,97.29478454589844
2018-06-19,34.12948226928711,120.80000305175781,43.75148010253906,95.82513427734375,243.9217071533203,56.35264587402344,86.07728576660156,98.29724884033203
2018-06-20,33.86332702636719,120.26000213623047,43.94232177734375,94.98546600341797,244.33775329589844,56.178070068359375,86.06929779052734,97.87223052978516
2018-06-21,33.730255126953125,120.05000305175781,43.69728469848633,95.48451232910156,242.8060760498047,55.647361755371094,86.0452880859375,97.39903259277344
2018-06-22,33.85551071166992,120.33999633789062,43.570045471191406,95.47659301757812,243.24876403808594,56.82748794555664,84.63666534423828,98.5137710571289
2018-06-25,34.11383056640625,119.88999938964844,42.92210388183594,95.69046020507812,239.93740844726562,55.68228530883789,83.86832427978516,98.31328582763672
2018-06-26,33.91812515258789,119.26000213623047,43.45459747314453,95.82513427734375,240.46865844726562,56.310752868652344,83.92435455322266,98.12083435058594
2018-06-27,33.71460723876953,118.58000183105469,43.390995025634766,96.72818756103516,238.47662353515625,57.05793762207031,82.62776947021484,97.5273666381836
2018-06-28,34.027713775634766,118.22000122070312,43.70670700073242,96.75196075439453,239.840087890625,57.239479064941406,83.98037719726562,97.84013366699219
2018-06-29,34.3329963684082,118.6500015258789,43.61481857299805,96.41927337646484,240.18531799316406,57.77018737792969,83.39612579345703,97.31082916259766
2018-07-02,34.24688720703125,117.45999908447266,44.10253143310547,96.34384155273438,240.6988525390625,57.09284973144531,84.10043334960938,97.50328826904297
2018-07-03,34.434757232666016,118.6500015258789,43.33443832397461,96.85987854003906,239.84893798828125,57.428016662597656,82.92393493652344,98.40953063964844
2018-07-05,34.9592399597168,119.05000305175781,43.68314743041992,97.13774108886719,241.80564880371094,57.476905822753906,83.46306610107422,100.24602508544922
2018-07-06,34.94357681274414,118.86000061035156,44.2886848449707,97.45532989501953,243.85086059570312,57.490875244140625,83.73665618896484,100.84751892089844
2018-07-09,34.75571060180664,119.1500015258789,44.90363693237305,96.82814025878906,246.046630859375,57.8889045715332,86.32778930664062,101.08812713623047
2018-07-10,35.2019157409668,118.93000030517578,44.84944534301758,96.82015991210938,246.93202209472656,58.41961669921875,85.79667663574219,102.15472412109375
2018-07-11,35.060997009277344,117.63999938964844,44.26747131347656,97.19329071044922,245.1258087158203,57.67241668701172,85.61160278320312,101.2405014038086
2018-07-12,34.967071533203125,118.12999725341797,45.00965881347656,97.18540954589844,247.34814453125,57.74225616455078,85.98175811767578,102.45947265625
2018-07-13,35.02185821533203,117.61000061035156,45.080352783203125,97.4314956665039,247.54286193847656,58.175193786621094,85.58749389648438,100.99188995361328
2018-07-16,35.01402282714844,117.55000305175781,44.98139190673828,97.0266342163086,247.3214874267578,57.60260009765625,88.98328399658203,99.9974365234375
2018-07-17,35.42108154296875,116.27999877929688,45.10861587524414,96.84403228759766,248.32199096679688,57.476905822753906,88.9189224243164,103.5421371459961
2018-07-18,35.31932067871094,116.30999755859375,44.86122512817383,96.45491790771484,248.84437561035156,57.414066314697266,89.74775695800781,102.49154663085938
2018-07-19,35.31148147583008,115.80999755859375,45.20994186401367,97.06629180908203,247.90589904785156,57.267417907714844,88.42804718017578,100.9999008178711
2018-07-20,35.44455337524414,116.55999755859375,45.106266021728516,95.87541961669922,247.62249755859375,56.84144592285156,89.54657745361328,100.92772674560547
2018-07-23,35.186241149902344,116.0,45.146331787109375,94.69243621826172,248.08299255371094,56.84144592285156,91.2122802734375,101.55323791503906
2018-07-24,35.42891311645508,116.04000091552734,45.47382354736328,95.01795959472656,249.33131408691406,57.96572494506836,91.8560791015625,103.74262237548828
2018-07-25,36.0786247253418,116.68000030517578,45.902645111083984,94.86711883544922,251.45626831054688,58.3707275390625,92.68489837646484,103.14913940429688
2018-07-26,36.19603729248047,115.7699966430664,45.7589225769043,94.68450164794922,250.8629913330078,58.82461929321289,92.41934967041016,104.48043060302734
2018-07-27,36.17254638671875,115.83000183105469,44.99787521362305,94.84329223632812,249.1631317138672,57.204559326171875,93.36888122558594,105.4989242553711
2018-07-30,36.188201904296875,115.6500015258789,44.74576950073242,94.51777648925781,247.8616180419922,57.078853607177734,93.93217468261719,105.99616241455078
2018-07-31,36.50132751464844,115.98999786376953,44.83530807495117,95.03384399414062,249.0834197998047,56.918277740478516,92.49980926513672,106.27685546875
2018-08-01,36.3134651184082,115.13999938964844,47.47657012939453,94.25961303710938,248.66726684570312,56.13618469238281,93.0711441040039,106.37309265136719
2018-08-02,36.14907455444336,114.5199966430664,48.86433792114258,94.39488220214844,250.02203369140625,55.8010139465332,93.46543884277344,105.25833129882812
2018-08-03,36.493507385253906,114.91999816894531,49.00570297241211,94.86434173583984,251.09323120117188,56.003482818603516,94.22184753417969,105.8197250366211
2018-08-06,36.51698684692383,114.33000183105469,49.26018142700195,94.92002868652344,252.01409912109375,55.989540100097656,94.2459945678711,105.87586212158203
2018-08-07,36.39955520629883,114.58999633789062,48.79836654663086,94.42668151855469,252.84617614746094,56.750667572021484,94.5920181274414,105.42677307128906
2018-08-08,36.125587463378906,114.91000366210938,48.83135986328125,94.52218627929688,252.74005126953125,56.373592376708984,94.78517150878906,105.19419860839844
2018-08-09,36.282142639160156,114.73999786376953,49.21540451049805,95.31790161132812,252.39471435546875,56.087318420410156,94.0528564453125,105.21822357177734
2018-08-10,36.07078552246094,114.69000244140625,49.068809509277344,96.01016235351562,250.70361328125,56.03085708618164,93.12747955322266,104.85734558105469
2018-08-13,35.87509536743164,112.95999908447266,49.385643005371094,95.81124877929688,249.76515197753906,55.424137115478516,91.64682006835938,104.43232727050781
2018-08-14,35.92205810546875,113.06999969482422,49.593719482421875,95.59639739990234,251.35879516601562,55.24775695800781,92.25839233398438,103.85487365722656
2018-08-15,36.07078552246094,111.19000244140625,49.709571838378906,96.15340423583984,249.48184204101562,54.28123092651367,91.4939193725586,104.60071563720703
2018-08-16,36.18038558959961,111.0999984741211,50.437808990478516,96.14543151855469,251.50045776367188,55.02903366088867,92.35496520996094,106.24475860595703
2018-08-17,36.47782516479492,112.12999725341797,51.4450569152832,96.26480102539062,252.38583374023438,55.212467193603516,92.35496520996094,107.84068298339844
2018-08-20,36.57958984375,112.69000244140625,50.94379806518555,96.90929412841797,252.92593383789062,55.600502014160156,92.2342529296875,109.77342987060547
2018-08-21,36.18038558959961,113.0199966430664,50.844482421875,96.58309936523438,253.51919555664062,55.614601135253906,92.79753112792969,108.54642486572266
2018-08-22,35.953372955322266,113.2699966430664,50.84684753417969,96.96500396728516,253.36863708496094,56.411808013916016,92.51590728759766,107.95294952392578
2018-08-23,35.77333450317383,112.19999694824219,50.950889587402344,97.1162338256836,253.03216552734375,55.79097366333008,92.32278442382812,108.35395050048828
2018-08-24,35.71853256225586,114.16000366210938,51.10930633544922,97.30715942382812,254.55511474609375,56.171966552734375,92.28253173828125,109.02757263183594
2018-08-27,35.765506744384766,114.58999633789062,51.530181884765625,96.75012969970703,256.5648498535156,56.722251892089844,93.91606140136719,108.92262268066406
2018-08-28,35.515010833740234,113.68000030517578,51.94632339477539,96.16929626464844,256.6889343261719,56.63759231567383,93.4573974609375,108.4382553100586
2018-08-29,35.483699798583984,114.19999694824219,52.72184753417969,96.296630859375,258.0700378417969,57.04677200317383,93.151611328125,108.87419891357422
2018-08-30,35.186241149902344,113.63999938964844,53.20655059814453,96.5035171508789,257.0252380371094,56.79985809326172,92.69293975830078,108.94684600830078
2018-08-31,34.88877868652344,113.51000213623047,53.82130813598633,96.28074645996094,257.0340270996094,56.559974670410156,92.20207214355469,108.73695373535156
2018-09-04,35.037506103515625,112.93000030517578,53.9938850402832,95.72405242919922,256.59136962890625,56.64463806152344,92.66075134277344,107.95388793945312
2018-09-05,35.5228385925293,113.31999969482422,53.64159393310547,95.46884155273438,255.9008026123047,57.39952850341797,92.21012115478516,109.6815414428711
2018-09-06,35.82811737060547,113.54000091552734,52.75021743774414,95.81977844238281,255.13063049316406,56.76457595825195,91.81581115722656,110.4969253540039
2018-09-07,35.78898239135742,113.2300033569336,52.324615478515625,95.00626373291016,254.63478088378906,57.73109817504883,91.99286651611328,110.86019134521484
2018-09-10,36.05513381958008,113.1500015258789,51.62238693237305,95.35722351074219,255.077392578125,57.64645004272461,91.50198364257812,110.7713851928711
2018-09-11,36.023826599121094,113.22000122070312,52.927547454833984,94.63147735595703,255.91851806640625,58.457767486572266,92.08135223388672,111.8208999633789
2018-09-12,36.19603729248047,114.16999816894531,52.270240783691406,94.85480499267578,255.98060607910156,58.64825439453125,90.99503326416016,112.50711822509766
2018-09-13,36.18025207519531,113.76000213623047,53.532833099365234,94.99834442138672,257.4945373535156,58.076812744140625,91.34908294677734,112.93497467041016
2018-09-14,36.30656051635742,113.0199966430664,52.92517852783203,94.54375457763672,257.5387878417969,58.50009536743164,91.33299255371094,112.61206817626953
2018-09-17,36.567073822021484,113.61000061035156,51.515987396240234,94.54375457763672,256.1752624511719,58.845787048339844,91.60658264160156,112.99151611328125
2018-09-18,36.25919723510742,113.44000244140625,51.601112365722656,93.55487060546875,257.56524658203125,59.00101089477539,91.97675323486328,113.4597396850586
2018-09-19,36.28286361694336,113.87999725341797,51.63184356689453,92.99658966064453,257.83984375,59.706512451171875,94.64834594726562,113.3951416015625
2018-09-20,36.81969451904297,114.2699966430664,52.02434158325195,93.4272689819336,259.9292297363281,59.840572357177734,95.46109008789062,114.62226867675781
2018-09-21,36.772335052490234,113.48999786376953,51.463966369628906,93.38735961914062,259.69183349609375,60.08747482299805,94.83343505859375,115.34884643554688
2018-09-24,36.36970520019531,113.47000122070312,52.20402526855469,93.14814758300781,258.8291015625,61.09635543823242,93.92412567138672,113.40325164794922
2018-09-25,36.061832427978516,113.6500015258789,52.53506851196289,93.05243682861328,258.58905029296875,61.02580642700195,93.6585693359375,111.92584991455078
2018-09-26,36.19603729248047,113.05000305175781,52.116554260253906,93.7063980102539,257.8152770996094,60.51783752441406,92.5561294555664,111.5383071899414
2018-09-27,36.32234573364258,112.05000305175781,53.187625885009766,93.77017211914062,258.5356750488281,60.51078414916992,92.1537857055664,111.58678436279297
2018-09-28,36.46444320678711,112.76000213623047,53.37441635131836,93.52296447753906,258.5623474121094,59.98167037963867,90.80189514160156,111.54642486572266
2018-10-01,36.49602127075195,112.56999969482422,53.73380661010742,92.83636474609375,259.4606018066406,60.53899002075195,91.33299255371094,112.77351379394531
2018-10-02,36.71706771850586,113.87000274658203,54.211421966552734,93.40386962890625,259.30950927734375,60.997562408447266,91.71122741699219,113.41132354736328
2018-10-03,36.21181869506836,113.41999816894531,54.871097564697266,91.78131866455078,259.4516906738281,60.778865814208984,92.5722427368164,112.24069213867188
2018-10-04,36.19603729248047,113.4800033569336,53.90642166137695,91.13385772705078,257.42388916015625,60.3767204284668,93.40687561035156,112.49903106689453
2018-10-05,36.21971130371094,113.80000305175781,53.031578063964844,90.3506088256836,255.983154296875,60.2074089050293,92.88015747070312,112.2972412109375
2018-10-08,36.693382263183594,112.54000091552734,52.908626556396484,90.046875,255.983154296875,60.76475524902344,93.44738006591797,112.53131866455078
2018-10-09,36.622344970703125,112.5999984741211,53.64159393310547,90.95803833007812,255.60958862304688,61.03285598754883,92.79912567138672,112.3779296875
2018-10-10,36.061832427978516,112.87999725341797,51.156593322753906,90.71027374267578,247.51608276367188,59.628902435302734,90.32760620117188,111.19122314453125
2018-10-11,35.240814208984375,115.77999877929688,50.70499038696289,91.81328582763672,242.0641632080078,57.568843841552734,87.62108612060547,108.05071258544922
2018-10-12,35.27238464355469,115.2300033569336,52.51612854003906,91.49356079101562,245.42604064941406,57.413639068603516,86.66490936279297,108.0749740600586
2018-10-15,35.45394515991211,116.0,51.39302444458008,91.45360565185547,244.04759216308594,57.01854705810547,86.17060089111328,108.13955688476562
2018-10-16,35.911842346191406,115.80000305175781,52.52558898925781,91.66139221191406,249.38380432128906,57.28664016723633,88.0181655883789,110.24664306640625
2018-10-17,36.20392990112305,115.79000091552734,52.29860305786133,91.11788940429688,249.4282684326172,57.49829864501953,88.99868774414062,112.58787536621094
2018-10-18,36.00657272338867,115.91999816894531,51.07621765136719,91.08592987060547,245.82635498046875,57.74522399902344,87.58867645263672,112.6201400756836
2018-10-19,36.57497024536133,116.01000213623047,51.85409164428711,90.88612365722656,245.69290161132812,57.829872131347656,87.44283294677734,112.25686645507812
2018-10-22,36.290771484375,115.70999908447266,52.170928955078125,90.76622009277344,244.59002685546875,57.251365661621094,86.18683624267578,111.9581527709961
2018-10-23,36.59864044189453,116.38999938964844,52.66273498535156,91.05398559570312,243.34486389160156,56.32716751098633,85.287353515625,112.15998077392578
2018-10-24,36.89073944091797,116.66000366210938,50.8563117980957,91.74136352539062,235.9719696044922,54.76095962524414,83.6990966796875,110.98131561279297
2018-10-25,36.71706771850586,116.4000015258789,51.96996307373047,91.35774230957031,240.20535278320312,55.24775695800781,84.9713134765625,111.78858184814453
2018-10-26,36.25129699707031,116.7699966430664,51.14240646362305,91.90919494628906,235.9807891845703,54.697444915771484,83.80445098876953,110.57763671875
2018-10-29,36.67759704589844,116.30999755859375,50.182464599609375,91.701416015625,234.6734161376953,54.358821868896484,84.96321868896484,111.04589080810547
2018-10-30,37.60124588012695,115.80000305175781,50.433074951171875,91.24578094482422,238.1508331298828,55.57933044433594,86.46231842041016,113.62928009033203
2018-10-31,37.798606872558594,115.1500015258789,51.74769973754883,90.78221130371094,240.6945343017578,56.21428298950195,88.34230041503906,113.01573944091797
2018-11-01,37.688087463378906,116.62999725341797,52.542144775390625,90.86636352539062,243.2559051513672,56.91270446777344,88.30989074707031,113.685791015625
2018-11-02,37.89333724975586,116.6500015258789,49.05699157714844,89.73661804199219,241.81517028808594,57.815765380859375,87.82369232177734,113.57272338867188
2018-11-05,38.43806457519531,116.37000274658203,47.66434860229492,90.08917999267578,243.1493377685547,57.59706115722656,88.3990249633789,114.79985046386719
2018-11-06,38.769630432128906,116.04000091552734,48.1797981262207,90.03311157226562,244.68792724609375,57.84398651123047,88.81228637695312,115.09858703613281
2018-11-07,38.974876403808594,116.02999877929688,49.6410026550293,90.15325927734375,249.9263916015625,58.57769775390625,90.33570861816406,116.8585433959961
2018-11-08,38.94329833984375,115.77999877929688,49.46780776977539,90.14529418945312,249.4727783203125,57.64645004272461,91.06499481201172,117.30258178710938
2018-11-09,39.2196044921875,114.4800033569336,48.51397705078125,90.8182601928711,247.03590393066406,57.63218688964844,90.18174743652344,117.33483123779297
2018-11-12,39.36960220336914,113.66000366210938,46.07012939453125,91.4111557006836,242.4199676513672,56.89103698730469,88.28558349609375,117.56088256835938
2018-11-13,39.36171340942383,113.69999694824219,45.60982894897461,91.35504913330078,241.9663848876953,55.58686828613281,88.80418395996094,116.80204772949219
2018-11-14,39.28276443481445,114.63999938964844,44.321475982666016,91.4111557006836,240.31214904785156,55.15217971801758,86.97282409667969,116.4548568725586
2018-11-15,39.26697540283203,114.7699966430664,45.415287017822266,91.3711166381836,242.82015991210938,55.722293853759766,89.19316864013672,116.65668487548828
2018-11-16,39.606441497802734,115.62000274658203,45.91828536987305,91.8999252319336,243.45172119140625,56.271034240722656,89.12831115722656,117.85962677001953
2018-11-19,39.874855041503906,115.66999816894531,44.098445892333984,92.15629577636719,239.33375549316406,56.456321716308594,89.80900573730469,119.26432800292969
2018-11-20,38.98277282714844,115.66999816894531,41.991512298583984,92.1883544921875,234.90467834472656,54.852867126464844,87.88040924072266,118.23094177246094
2018-11-21,38.46963119506836,115.86000061035156,41.944061279296875,92.15629577636719,235.70509338378906,55.273319244384766,87.22404479980469,114.63037872314453
2018-11-23,38.698577880859375,115.7699966430664,40.87872314453125,92.2524642944336,234.1309356689453,53.79813003540039,86.42180633544922,114.82411193847656
2018-11-26,38.58015823364258,115.63999938964844,41.431556701660156,92.04415893554688,237.9107666015625,54.8599853515625,88.5367660522461,114.85660552978516
2018-11-27,38.974876403808594,114.94999694824219,41.341407775878906,92.1483154296875,238.71115112304688,54.90986633300781,88.9095458984375,116.35964965820312
2018-11-28,39.243289947509766,115.37999725341797,42.93110656738281,91.6996078491211,244.20761108398438,55.9075813293457,89.89815521240234,118.97572326660156
2018-11-29,38.97276306152344,115.73999786376953,42.601287841796875,92.0601806640625,243.67398071289062,56.34230422973633,89.1850357055664,118.49641418457031
2018-11-30,40.102638244628906,115.54000091552734,42.37113952636719,92.40467071533203,245.1592254638672,56.65586853027344,90.10072326660156,119.34947967529297
2018-12-03,39.53769302368164,116.41000366210938,43.8516845703125,93.06080627441406,248.40548706054688,57.88161849975586,90.95156860351562,118.78889465332031
2018-12-04,39.45017623901367,117.12000274658203,41.92270278930664,94.61878967285156,240.3565673828125,56.60597229003906,86.89180755615234,118.64263153076172
2018-12-06,39.2910270690918,117.13999938964844,41.455291748046875,94.9159164428711,239.9918670654297,55.864810943603516,85.23872375488281,118.54513549804688
2018-12-07,39.06028747558594,118.08999633789062,39.97711181640625,95.09261322021484,234.4154815673828,55.330326080322266,83.6990966796875,118.1551513671875
2018-12-10,39.17964172363281,117.68000030517578,40.240478515625,95.48609161376953,234.86016845703125,54.54641342163086,82.13513946533203,118.01702117919922
2018-12-11,39.41835021972656,117.54000091552734,40.01034164428711,95.47004699707031,234.9135284423828,54.646183013916016,81.33293914794922,119.02448272705078
2018-12-12,39.163719177246094,117.79000091552734,40.121849060058594,95.04440307617188,236.0963897705078,54.17583084106445,81.8596420288086,119.51193237304688
2018-12-13,39.362648010253906,117.52999877929688,40.560787200927734,94.81957244873047,236.01637268066406,54.8599853515625,81.94066619873047,120.11317443847656
2018-12-14,39.25920867919922,117.05999755859375,39.2629508972168,95.14883422851562,231.65843200683594,53.86225128173828,81.26811218261719,108.05636596679688
2018-12-17,38.45556640625,117.87000274658203,38.897552490234375,95.70294189453125,227.11363220214844,52.76478576660156,80.23089599609375,104.92028045654297
2018-12-18,38.447593688964844,118.1500015258789,39.402931213378906,96.27608489990234,226.86459350585938,51.31096649169922,79.85001373291016,105.96024322509766
2018-12-19,38.11341857910156,117.43000030517578,38.17388153076172,97.5479736328125,223.46713256835938,50.44153594970703,78.83712005615234,103.67724609375
2018-12-20,37.82696533203125,119.23999786376953,37.2105827331543,97.19378662109375,219.82955932617188,48.909332275390625,78.15644836425781,104.2134780883789
2018-12-21,37.85083770751953,118.72000122070312,35.763248443603516,97.17766571044922,215.3253173828125,48.5458869934082,76.30886840820312,104.06723022460938
2018-12-24,36.56977462768555,120.0199966430664,34.837921142578125,97.66065979003906,209.63584899902344,46.68586349487305,74.66390991210938,99.80182647705078
2018-12-26,37.34955596923828,119.66000366210938,37.29125213623047,96.61418914794922,220.2276611328125,48.91646194458008,77.75936889648438,102.94605255126953
2018-12-27,37.819000244140625,120.56999969482422,37.04924392700195,96.63028717041016,221.91844177246094,49.130252838134766,78.63455200195312,103.51475524902344
2018-12-28,37.55643081665039,121.05999755859375,37.06821060180664,97.44330596923828,221.63218688964844,48.581504821777344,78.46437072753906,103.40098571777344
2018-12-31,37.67578125,121.25,37.42649459838867,97.81362915039062,223.57337951660156,48.59577560424805,79.10452270507812,104.84716796875
2019-01-02,37.34160614013672,121.33000183105469,37.469200134277344,98.32880401611328,223.80593872070312,49.66474914550781,80.47395324707031,103.79097747802734
2019-01-03,37.11085510253906,122.43000030517578,33.73699951171875,99.44772338867188,218.46531677246094,48.90220260620117,79.33029174804688,102.14170837402344
2019-01-04,37.85083770751953,121.44000244140625,35.17721176147461,98.29657745361328,225.78298950195312,50.7052116394043,82.25485229492188,103.8559799194336
2019-01-07,37.357521057128906,121.86000061035156,35.098907470703125,98.00680541992188,227.56320190429688,50.96889877319336,82.31204223632812,103.18977355957031
2019-01-08,37.77923583984375,121.52999877929688,35.768001556396484,97.74920654296875,229.7012176513672,51.3394889831543,82.15682220458984,105.58650970458984
2019-01-09,37.055152893066406,122.30999755859375,36.375396728515625,97.59625244140625,230.77467346191406,51.61027908325195,82.0179443359375,104.74967193603516
2019-01-10,37.45299530029297,121.58999633789062,36.491668701171875,96.96837615966797,231.58883666992188,51.34660339355469,82.00977325439453,105.38340759277344
2019-01-11,37.66783142089844,121.80000305175781,36.13339614868164,97.34669494628906,231.67825317382812,51.11143112182617,81.61764526367188,105.41587829589844
2019-01-14,37.51664733886719,122.08999633789062,35.59004592895508,96.98445129394531,230.26483154296875,51.04729461669922,82.45907592773438,104.2215805053711
2019-01-15,37.85083770751953,121.87999725341797,36.31846237182617,96.63028717041016,232.9038543701172,51.07579803466797,83.06359100341797,105.09902954101562
2019-01-16,37.33364486694336,122.2699966430664,36.76215744018555,96.72689819335938,233.46743774414062,51.05441665649414,83.73344421386719,104.02658081054688
2019-01-17,37.44504165649414,122.11000061035156,36.980438232421875,96.75104522705078,235.23870849609375,51.40361022949219,84.07654571533203,104.87966918945312
2019-01-18,37.88266372680664,121.0199966430664,37.20820999145508,96.24383544921875,238.36968994140625,52.01649475097656,85.4407958984375,106.17957305908203
2019-01-22,37.97018814086914,121.44999694824219,36.37303161621094,96.89593505859375,235.1492156982422,51.232574462890625,84.0929183959961,104.64405822753906
2019-01-23,38.40781021118164,121.27999877929688,36.52013397216797,96.85568237304688,235.64126586914062,50.812110900878906,83.8804931640625,104.64405822753906
2019-01-24,37.94631576538086,121.08999633789062,36.23066329956055,97.49162292480469,235.7664794921875,50.88337326049805,83.92951202392578,103.20601654052734
2019-01-25,37.691707611083984,122.86000061035156,37.43124008178711,97.02473449707031,237.76138305664062,51.11143112182617,84.46049499511719,104.18093872070312
2019-01-28,37.53256607055664,123.29000091552734,37.08482360839844,96.92813873291016,235.95437622070312,50.76934814453125,84.86080169677734,104.79843139648438
2019-01-29,37.71556854248047,123.9800033569336,36.70046615600586,97.419189453125,235.64126586914062,50.96176528930664,85.09771728515625,105.88710021972656
2019-01-30,38.081581115722656,124.69000244140625,39.208370208740234,97.34669494628906,239.37164306640625,51.51763153076172,85.29374694824219,106.951416015625
2019-01-31,38.296417236328125,124.75,39.4907112121582,98.18392181396484,241.4739532470703,52.22317123413086,84.55037689208984,108.12136840820312
2019-02-01,38.749961853027344,124.5,39.509700775146484,97.59091186523438,241.5901641845703,54.10456466674805,84.86080169677734,109.03130340576172
2019-02-04,39.18758773803711,123.95999908447266,40.631980895996094,97.15519714355469,243.2898712158203,53.32065200805664,85.16305541992188,107.95887756347656
2019-02-05,39.1955451965332,124.27999877929688,41.32716369628906,97.59898376464844,244.3097381591797,53.869388580322266,84.78728485107422,107.95887756347656
2019-02-06,39.1955451965332,123.44000244140625,41.341407775878906,97.64738464355469,243.98765563964844,53.634220123291016,84.74641418457031,108.05636596679688
2019-02-07,39.32285690307617,123.73999786376953,40.55841827392578,98.29283905029297,241.6617431640625,53.22087860107422,83.63542938232422,107.2845458984375
2019-02-08,39.38651657104492,124.20999908447266,40.606075286865234,98.71236419677734,241.95697021484375,53.307342529296875,82.80216979980469,107.56890106201172
2019-02-11,39.47404861450195,123.5999984741211,40.372562408447266,98.32508850097656,242.0911407470703,53.39380645751953,82.41004943847656,107.2439193725586
2019-02-12,39.513832092285156,123.86000061035156,40.720455169677734,98.07499694824219,245.2042999267578,54.330543518066406,83.81515502929688,108.99882507324219
2019-02-13,39.61726760864258,123.37000274658203,40.5512809753418,97.70384216308594,246.0004425048828,54.94303512573242,84.21543884277344,109.23441314697266
2019-02-14,36.27538299560547,124.05999755859375,40.69901657104492,98.26055908203125,245.4547882080078,54.95744323730469,83.66812896728516,109.12068939208984
2019-02-15,35.996883392333984,124.80000305175781,40.608455657958984,98.413818359375,248.1295623779297,55.99504852294922,86.22503662109375,110.80247497558594
2019-02-19,35.670650482177734,126.69999694824219,40.729984283447266,98.66393280029297,248.5590362548828,56.369747161865234,85.92276763916016,110.24187469482422
2019-02-20,35.885498046875,126.4800033569336,40.99211120605469,98.3815689086914,249.0600128173828,56.58591079711914,86.33940124511719,110.77810668945312
2019-02-21,36.49021530151367,125.05000305175781,40.76096725463867,97.50215911865234,248.1743621826172,56.07431411743164,86.15968322753906,110.02251434326172
2019-02-22,36.02870559692383,125.5,41.21607971191406,98.08305358886719,249.71302795410156,56.50664138793945,85.77574920654297,110.98119354248047
2019-02-25,35.758182525634766,125.37000274658203,41.516326904296875,97.79261016845703,250.0529327392578,56.564292907714844,86.67432403564453,111.39012908935547
2019-02-26,35.55926513671875,125.58000183105469,41.54015350341797,98.27668762207031,249.8740692138672,56.67958450317383,86.01264190673828,111.31649780273438
2019-02-27,35.758182525634766,124.69000244140625,41.6688232421875,97.16329956054688,249.7666473388672,57.263248443603516,85.90642547607422,111.12023162841797
2019-02-28,36.07645797729492,123.98999786376953,41.25898742675781,96.83250427246094,249.301513671875,56.94620132446289,85.25292205810547,111.74996948242188
2019-03-01,36.108280181884766,121.87999725341797,41.692657470703125,95.93749237060547,250.85806274414062,57.64514923095703,85.31012725830078,113.14847564697266
2019-03-04,36.323116302490234,121.55999755859375,41.90234375,96.68941497802734,249.94554138183594,57.86852264404297,85.11405181884766,113.25477600097656
2019-03-05,36.28334426879883,121.72000122070312,41.82609558105469,96.89152526855469,249.60565185546875,57.78205108642578,85.04869079589844,113.4919662475586
2019-03-06,36.16398620605469,121.61000061035156,41.58543395996094,97.24725341796875,248.0937957763672,57.126338958740234,84.73009490966797,113.75369262695312
2019-03-07,36.02870559692383,121.51000213623047,41.104103088378906,97.87792205810547,246.01840209960938,57.76045227050781,84.11739349365234,113.05851745605469
2019-03-08,35.678611755371094,122.83999633789062,41.20179748535156,98.29022979736328,245.52633666992188,56.93179702758789,84.15008544921875,112.91130828857422
2019-03-11,36.744834899902344,122.23999786376953,42.62910842895508,97.99919128417969,249.0867462158203,57.48662567138672,85.24476623535156,113.32022857666016
2019-03-12,36.64140319824219,122.9800033569336,43.10805892944336,98.6863784790039,250.02606201171875,57.64514923095703,84.99149322509766,113.8272705078125
2019-03-13,36.77666091918945,123.83999633789062,43.2986946105957,98.50045776367188,251.68104553222656,58.156742095947266,85.27742004394531,114.0154037475586
2019-03-14,36.68034744262695,122.41000366210938,43.780025482177734,97.78895568847656,251.5200653076172,57.962196350097656,86.0534896850586,112.87860107421875
2019-03-15,36.359291076660156,122.97000122070312,44.349525451660156,98.43578338623047,252.76268005371094,57.75324249267578,87.0419692993164,112.53509521484375
2019-03-18,36.44757843017578,123.04000091552734,44.80226135253906,98.37916564941406,253.67921447753906,58.42335510253906,87.56478118896484,112.18341827392578
2019-03-19,36.56798553466797,123.37999725341797,44.447227478027344,98.16089630126953,253.74205017089844,58.27204132080078,87.24617767333984,113.22209167480469
2019-03-20,36.54389190673828,124.18000030517578,44.835628509521484,99.18769073486328,252.97833251953125,58.596290588378906,85.38359832763672,112.28153991699219
2019-03-21,36.5278434753418,123.68000030517578,46.48694610595703,99.40596771240234,255.83563232421875,58.93495559692383,84.03572082519531,112.94402313232422
2019-03-22,36.86494827270508,123.97000122070312,45.52426528930664,100.95022583007812,250.9117431640625,57.99102783203125,81.49512481689453,111.97083282470703
2019-03-25,36.945213317871094,124.91999816894531,44.973838806152344,101.11194610595703,250.72305297851562,57.587493896484375,80.81707000732422,111.7254409790039
2019-03-26,37.4348258972168,124.30000305175781,44.50917053222656,101.03916931152344,252.59194946289062,58.33688735961914,81.62578582763672,113.32840728759766
2019-03-27,37.41074752807617,123.6500015258789,44.90949630737305,101.96893310546875,251.27114868164062,57.89015197753906,81.34806823730469,113.43472290039062
2019-03-28,37.38666534423828,121.9000015258789,44.96906280517578,102.32470703125,252.22354125976562,58.17835998535156,82.27116394042969,113.58194732666016
2019-03-29,37.611392974853516,122.01000213623047,45.26215744018555,102.22767639160156,253.81405639648438,58.221588134765625,82.69596862792969,114.32616424560547
2019-04-01,37.4990234375,121.52999877929688,45.56954574584961,100.77562713623047,256.8239440917969,58.891719818115234,85.48163604736328,113.66374206542969
2019-04-02,37.378631591796875,121.9800033569336,46.23198318481445,100.96202850341797,256.9497375488281,58.639522552490234,85.89010620117188,112.62506866455078
2019-04-03,37.06560134887695,121.80000305175781,46.548885345458984,100.0868911743164,257.3541259765625,58.29365921020508,86.0616683959961,112.18341827392578
2019-04-04,37.306396484375,122.11000061035156,46.629913330078125,100.37047576904297,258.0369873046875,59.12230682373047,86.89305114746094,110.87490844726562
2019-04-05,37.298370361328125,121.9800033569336,46.94205856323242,100.5001449584961,259.2859191894531,59.43934631347656,86.68726348876953,111.37376403808594
2019-04-08,37.36259078979492,122.51000213623047,47.680747985839844,100.14360046386719,259.4836730957031,59.806846618652344,86.96714782714844,111.34102630615234
2019-04-09,37.45888900756836,123.1500015258789,47.53777313232422,100.45965576171875,258.15386962890625,59.03582763671875,86.32506561279297,110.87490844726562
2019-04-10,37.4348258972168,123.52999877929688,47.80464172363281,100.70271301269531,259.03436279296875,58.76922607421875,86.71196746826172,110.883056640625
2019-04-11,37.491004943847656,121.94999694824219,47.4067268371582,100.11121368408203,258.9624938964844,59.05025100708008,87.444580078125,110.5804672241211
2019-04-12,37.51508712768555,121.83000183105469,47.387657165527344,99.39812469482422,260.714599609375,58.30805969238281,91.5439224243164,111.210205078125
2019-04-15,37.723777770996094,121.5999984741211,47.473445892333984,99.64933013916016,260.5438537597656,58.113525390625,90.49851989746094,111.6518325805664
2019-04-16,37.68364334106445,120.51000213623047,47.47819900512695,99.0254135131836,260.714599609375,58.509822845458984,91.453369140625,112.87860107421875
2019-04-17,37.94850540161133,120.27999877929688,48.40275573730469,99.06593322753906,260.07666015625,58.675559997558594,94.08748626708984,113.28752136230469
2019-04-18,38.10904312133789,120.37000274658203,48.57670211791992,99.58451843261719,260.58880615234375,58.45936584472656,93.39603424072266,112.46966552734375
2019-04-22,38.04481887817383,120.37000274658203,48.73634338378906,99.10643768310547,260.8133544921875,59.73477554321289,93.51129150390625,112.72319030761719
2019-04-23,38.69496154785156,120.12000274658203,49.43928527832031,99.3171157836914,263.1585998535156,60.08065414428711,93.62651824951172,114.4161148071289
2019-04-24,38.51034927368164,120.47000122070312,49.3630256652832,100.12739562988281,262.5745544433594,58.91334533691406,93.47013854980469,113.84364318847656
2019-04-25,38.397987365722656,120.56999969482422,48.91505432128906,99.9815444946289,262.41278076171875,59.24478530883789,93.5195083618164,114.21166229248047
2019-04-26,38.73509979248047,121.37000274658203,48.68154525756836,100.32186889648438,263.6347961425781,57.99822998046875,94.22744750976562,114.81687927246094
2019-04-29,38.8635139465332,120.83000183105469,48.75540542602539,99.68174743652344,264.0480041503906,57.62351989746094,95.58563232421875,114.36708068847656
2019-04-30,39.37718963623047,121.19999694824219,47.816558837890625,100.1922607421875,264.1828918457031,57.84689712524414,95.52803039550781,115.47931671142578
2019-05-01,38.99994659423828,120.4000015258789,50.163673400878906,100.60552978515625,262.1971435546875,56.686790466308594,94.79541015625,116.09272003173828
2019-05-02,38.83943176269531,119.94000244140625,49.83721923828125,100.12645721435547,261.631103515625,55.69240951538086,95.00120544433594,115.54479217529297
2019-05-03,39.10429763793945,120.6500015258789,50.45676803588867,100.41069030761719,264.1918029785156,55.82212829589844,95.58563232421875,116.14179229736328
2019-05-06,38.90364074707031,120.80999755859375,49.67757034301758,100.686767578125,263.10467529296875,55.577125549316406,94.73780059814453,116.20716094970703
2019-05-07,38.526397705078125,121.20999908447266,48.33841323852539,101.4581298828125,258.7109375,55.281700134277344,93.19023895263672,114.47339630126953
2019-05-08,38.406009674072266,120.91000366210938,48.34794235229492,101.01964569091797,258.3515625,55.3681640625,92.69635009765625,114.32616424560547
2019-05-09,38.04481887817383,121.19999694824219,47.82847595214844,101.43376922607422,257.56976318359375,55.31771469116211,92.62225341796875,113.459228515625
2019-05-10,38.678897857666016,121.43000030517578,47.165889739990234,101.2956771850586,258.86370849609375,55.79874801635742,92.61402893066406,113.72100830078125
2019-05-13,38.566532135009766,122.66999816894531,44.42463684082031,102.09146881103516,252.3583221435547,55.17923355102539,90.09514617919922,112.20797729492188
2019-05-14,39.080223083496094,122.45999908447266,45.127899169921875,101.79105377197266,254.64051818847656,55.252132415771484,90.81130981445312,111.89717102050781
2019-05-15,39.473506927490234,122.38999938964844,45.668479919433594,102.41627502441406,256.1320495605469,55.6602783203125,90.4655990600586,111.97083282470703
2019-05-16,39.7945671081543,121.51000213623047,45.46754837036133,102.07524108886719,258.5043029785156,55.652976989746094,91.62623596191406,113.03398895263672
2019-05-17,39.48956298828125,120.6500015258789,45.20922088623047,102.3025894165039,256.8329772949219,55.32501983642578,91.18172454833984,113.36111450195312
2019-05-20,39.20863723754883,120.63999938964844,43.79554748535156,102.09146881103516,255.13479614257812,55.31772232055664,91.65916442871094,113.20575714111328
2019-05-21,39.00798797607422,120.36000061035156,44.635135650634766,101.9290771484375,257.43505859375,55.572818756103516,91.97196960449219,112.96038055419922
2019-05-22,39.85074996948242,120.23999786376953,43.721370697021484,102.51371765136719,256.64434814453125,55.069923400878906,91.22289276123047,113.48379516601562
2019-05-23,40.01128005981445,121.16999816894531,42.9750862121582,103.66673278808594,253.50848388671875,53.77991485595703,89.42838287353516,114.32616424560547
2019-05-24,39.81864547729492,121.30000305175781,42.810020446777344,103.75603485107422,254.08352661132812,54.005836486816406,90.30918884277344,114.33441162109375
2019-05-28,39.409297943115234,120.83000183105469,42.63300323486328,104.50311279296875,251.72039794921875,52.91988754272461,89.32958984375,112.86869049072266
2019-05-29,39.01601028442383,120.87000274658203,42.429691314697266,104.81975555419922,250.0312042236328,52.591922760009766,89.08264923095703,108.14215087890625
2019-05-30,39.529685974121094,121.69000244140625,42.649757385253906,105.72108459472656,250.71408081054688,52.45344924926758,88.12779998779297,108.78441619873047
2019-05-31,39.43339157104492,123.33000183105469,41.87712860107422,107.04461669921875,247.33558654785156,51.57884979248047,87.22232818603516,107.99391174316406
2019-06-03,40.11561965942383,125.11000061035156,41.453739166259766,107.7605972290039,246.70664978027344,52.387855529785156,87.6339111328125,108.23272705078125
2019-06-04,40.13166809082031,125.1500015258789,42.97029113769531,106.5320053100586,252.06185913085938,53.634124755859375,90.3338851928711,110.1183853149414
2019-06-05,40.75772476196289,125.47000122070312,43.66397476196289,105.9299087524414,254.24522399902344,53.18955993652344,90.6549072265625,110.65364074707031
2019-06-06,41.25535583496094,125.87999725341797,44.30503845214844,106.27163696289062,255.89846801757812,54.15890121459961,90.85248565673828,112.54752349853516
2019-06-07,41.32759094238281,126.58999633789062,45.484310150146484,107.1910629272461,258.4593200683594,54.355682373046875,89.8564453125,114.08735656738281
2019-06-10,41.23929977416992,125.33000183105469,46.06555938720703,106.18212127685547,259.64532470703125,54.59619903564453,90.82777404785156,114.47437286376953
2019-06-11,41.19916915893555,125.18000030517578,46.59897994995117,106.24723052978516,259.58245849609375,54.54515838623047,91.10763549804688,115.10020446777344
2019-06-12,41.4479866027832,125.83000183105469,46.45068359375,106.32861328125,259.124267578125,53.95482635498047,89.94697570800781,116.66475677490234
2019-06-13,41.359012603759766,126.5999984741211,46.44111633300781,106.69476318359375,260.19342041015625,54.428550720214844,90.16924285888672,115.86599731445312
2019-06-14,41.504608154296875,126.55999755859375,46.10383987426758,106.9632568359375,259.906005859375,54.188053131103516,90.39971160888672,115.3554458618164
2019-06-17,41.14869689941406,126.4800033569336,46.37892150878906,107.15042114257812,260.00469970703125,54.72737121582031,89.90583801269531,114.82023620605469
2019-06-18,40.962650299072266,127.12000274658203,47.46968078613281,107.68740844726562,262.7272644042969,55.20111083984375,91.13233184814453,115.47075653076172
2019-06-19,41.350914001464844,127.88999938964844,47.3309440612793,107.84198760986328,263.3202819824219,54.89500427246094,90.47380828857422,115.65190124511719
2019-06-20,41.7877197265625,131.11000061035156,47.71126937866211,108.12677001953125,265.83612060546875,55.83518981933594,90.70429992675781,117.10113525390625
2019-06-21,41.69874954223633,131.97999572753906,47.54861831665039,106.9388198852539,265.44970703125,56.622318267822266,90.0869369506836,117.0022964477539
2019-06-24,41.99803161621094,133.94000244140625,47.50077819824219,107.73622131347656,265.1246643066406,56.082969665527344,89.4448471069336,117.80107116699219
2019-06-25,41.86860275268555,134.1999969482422,46.78077697753906,108.06980895996094,262.5244140625,55.58740234375,88.70402526855469,118.77275085449219
2019-06-26,41.350914001464844,132.97000122070312,47.792606353759766,107.37821197509766,262.2625732421875,55.827903747558594,89.29668426513672,116.80469512939453
2019-06-27,41.318565368652344,132.83999633789062,47.778255462646484,108.13491821289062,263.1925354003906,55.25941467285156,89.593017578125,115.84950256347656
2019-06-28,41.18914031982422,133.1999969482422,47.34290313720703,108.06169891357422,264.546875,55.849769592285156,92.02959442138672,114.68846893310547
2019-07-01,41.73918914794922,130.6199951171875,48.21120834350586,107.80894470214844,266.9485168457031,55.79874801635742,93.57711791992188,114.75437927246094
2019-07-02,42.04656982421875,133.41000366210938,48.49345779418945,108.64047241210938,267.6437683105469,55.186527252197266,93.6759033203125,115.3060302734375
2019-07-03,42.14363479614258,133.6300048828125,48.89532470703125,109.41495513916016,269.7835693359375,55.711280822753906,93.5267105102539,117.04352569580078
2019-07-05,42.1517333984375,132.13999938964844,48.85226821899414,107.96385192871094,269.4766540527344,55.4853401184082,94.08212280273438,115.75072479248047
2019-07-08,42.06275177001953,131.2899932861328,47.84523010253906,108.11058807373047,267.995849609375,55.74043655395508,93.56815338134766,116.080078125
2019-07-09,41.73110580444336,131.75,48.13705825805664,108.06978607177734,268.3299560546875,55.70399856567383,93.96605682373047,116.44244384765625
2019-07-10,41.917144775390625,133.8300018310547,48.613067626953125,107.47468566894531,269.6120300292969,56.491127014160156,93.6925048828125,116.27772521972656
2019-07-11,42.09510803222656,132.6999969482422,48.25904846191406,106.03981018066406,270.24407958984375,56.53486251831055,94.58780670166016,115.37193298339844
2019-07-12,42.15980529785156,133.52999877929688,48.629817962646484,106.16217041015625,271.4540100097656,56.57858657836914,95.58258819580078,110.5877685546875
2019-07-15,42.167903900146484,133.52999877929688,49.086692810058594,106.77355194091797,271.5442199707031,56.177730560302734,94.42200469970703,110.92537689208984
2019-07-16,42.17599105834961,132.39999389648438,48.91685485839844,106.45559692382812,270.6684265136719,55.339595794677734,95.43336486816406,109.10556030273438
2019-07-17,42.20835494995117,134.5800018310547,48.64177322387695,107.6051254272461,268.8265686035156,55.0116081237793,94.49661254882812,108.57858276367188
2019-07-18,42.087013244628906,136.47999572753906,49.19432830810547,107.61328887939453,269.8106689453125,54.54515838623047,95.06034851074219,108.75149536132812
2019-07-19,41.56931686401367,134.47000122070312,48.459983825683594,107.36058807373047,268.3119201660156,54.65449142456055,94.1235580444336,107.30223846435547
2019-07-22,41.43180465698242,134.4499969482422,49.56747817993164,107.56436920166016,268.9709777832031,54.71281051635742,94.72872924804688,105.92710876464844
2019-07-23,43.9474983215332,133.69000244140625,49.954986572265625,106.97740936279297,270.89410400390625,54.93144226074219,96.46131896972656,106.091796875
2019-07-24,43.50259017944336,134.3699951171875,49.91432571411133,107.44210052490234,272.1672058105469,54.92415237426758,96.85093688964844,106.86578369140625
2019-07-25,42.92827224731445,133.4199981689453,49.519630432128906,106.9284896850586,270.86700439453125,54.61075210571289,95.9224624633789,107.96922302246094
2019-07-26,43.818058013916016,133.63999938964844,49.69187545776367,107.18122863769531,272.681884765625,54.523292541503906,96.34525299072266,107.6480941772461
2019-07-29,43.67245864868164,134.52999877929688,50.15591812133789,107.21382141113281,272.1852722167969,54.90958023071289,96.03854370117188,109.53376007080078
2019-07-30,43.45405197143555,134.97999572753906,49.94062805175781,107.47468566894531,271.5171203613281,54.916873931884766,95.822998046875,108.75973510742188
2019-07-31,42.572357177734375,133.2100067138672,50.95963668823242,108.33887481689453,268.54656982421875,54.195316314697266,96.16288757324219,107.22814178466797
2019-08-01,42.087013244628906,136.41000366210938,49.85691452026367,110.49053192138672,266.2082214355469,52.810577392578125,93.62619018554688,107.2857666015625
2019-08-02,42.329681396484375,135.88999938964844,48.802040100097656,111.51160430908203,264.20367431640625,52.29310607910156,93.61788177490234,107.92807006835938
2019-08-05,41.779640197753906,137.7899932861328,46.24735641479492,113.43946075439453,256.25836181640625,51.22172546386719,90.83247375488281,107.17874908447266
2019-08-06,42.28115463256836,138.91000366210938,47.122840881347656,114.34616088867188,259.85174560546875,51.717323303222656,91.54541015625,107.68101501464844
2019-08-07,43.01725387573242,141.02000427246094,47.61081314086914,114.38703155517578,260.0052490234375,51.382080078125,89.55583190917969,107.21990203857422
2019-08-08,43.42978286743164,141.72999572753906,48.66090393066406,114.63212585449219,265.106689453125,52.75225830078125,91.07289123535156,108.43035888671875
2019-08-09,43.211387634277344,141.25999450683594,48.25992202758789,114.40333557128906,263.3008728027344,51.62986755371094,90.9734115600586,108.72679138183594
2019-08-12,43.0334358215332,142.6300048828125,48.1374626159668,116.78863525390625,260.0955505371094,51.378990173339844,89.26567840576172,108.6362075805664
2019-08-13,43.27609634399414,141.77999877929688,50.176002502441406,116.38836669921875,264.1405334472656,52.013580322265625,90.64179229736328,109.8631591796875
2019-08-14,42.86356735229492,142.75,48.682518005371094,119.010498046875,256.3304748535156,49.9179801940918,86.87818908691406,107.26107788085938
2019-08-15,43.57538986206055,143.6999969482422,48.44000244140625,120.33384704589844,257.0076904296875,49.62282180786133,87.20980072021484,107.49162292480469
2019-08-16,44.012184143066406,142.77999877929688,49.58293533325195,119.37000274658203,260.7997741699219,50.397605895996094,89.29884338378906,108.1668472290039
2019-08-19,44.23869323730469,141.11000061035156,50.50736618041992,117.66267395019531,263.9418640136719,51.24617004394531,90.10298156738281,108.89973449707031
2019-08-20,43.58348083496094,142.2100067138672,50.509761810302734,118.87989044189453,261.9194641113281,50.93626022338867,88.9589614868164,107.541015625
2019-08-21,43.761436462402344,141.75999450683594,51.05721664428711,118.08738708496094,264.0503234863281,51.44540023803711,89.20765686035156,108.30683898925781
2019-08-22,44.07691192626953,141.39999389648438,51.014007568359375,117.30330657958984,263.9690246582031,51.334716796875,90.12784576416016,108.09275817871094
2019-08-23,43.470237731933594,144.1699981689453,48.65610122680664,119.23103332519531,257.188232421875,49.79991912841797,87.8895492553711,105.17779541015625
2019-08-26,44.11735534667969,144.19000244140625,49.580535888671875,118.74909210205078,260.0323486328125,50.06554412841797,88.59420776367188,106.02397918701172
2019-08-27,44.26295852661133,145.57000732421875,49.021080017089844,120.57889556884766,259.0120544433594,49.57855987548828,87.65744018554688,107.55046844482422
2019-08-28,44.57842254638672,145.16000366210938,49.35002517700195,120.73410034179688,260.8359069824219,49.94010925292969,88.53617858886719,106.75401306152344
2019-08-29,44.52989196777344,144.1199951171875,50.18562316894531,120.27665710449219,264.1676330566406,50.49352264404297,90.5423355102539,106.38899993896484
2019-08-30,44.521812438964844,143.75,50.12078857421875,120.30933380126953,264.0503234863281,50.530433654785156,91.07289123535156,106.4885482788086
2019-09-03,44.73212814331055,145.75,49.39084243774414,120.46484375,262.50634765625,50.58945083618164,89.99517822265625,106.80381774902344
2019-09-04,45.1122932434082,146.66000366210938,50.22883224487305,120.64490509033203,265.4858093261719,51.128116607666016,91.08118438720703,106.90336608886719
2019-09-05,44.586509704589844,143.13999938964844,51.21088790893555,118.4599609375,268.8987731933594,51.851234436035156,93.15365600585938,106.67106628417969
2019-09-06,44.67549133300781,141.9199981689453,51.20608139038086,119.30281829833984,269.1064453125,52.33823776245117,93.35260772705078,106.3641357421875
2019-09-09,44.101173400878906,141.38999938964844,51.42458724975586,117.18339538574219,269.2418212890625,52.7514533996582,95.66548919677734,105.31881713867188
2019-09-10,44.004112243652344,140.17999267578125,52.032066345214844,115.12940979003906,269.1786193847656,53.179439544677734,96.88410949707031,107.47581481933594
2019-09-11,44.30339050292969,141.02999877929688,53.68643569946289,114.9249038696289,271.09271240234375,53.07612991333008,97.14937591552734,108.81976318359375
2019-09-12,44.57842254638672,141.32000732421875,53.56637954711914,114.17195892333984,272.03179931640625,53.11302947998047,97.74626159667969,108.2058334350586
2019-09-13,44.21175765991211,140.14999389648438,52.524288177490234,111.73336029052734,271.85113525390625,53.600032806396484,99.66954040527344,108.49620056152344
2019-09-16,43.96731948852539,141.32000732421875,52.8004150390625,113.1572036743164,271.011474609375,54.404327392578125,98.78248596191406,107.46748352050781
2019-09-17,44.19546127319336,141.60000610351562,52.99251174926758,113.77098083496094,271.69775390625,53.99110412597656,98.29339599609375,107.57534790039062
2019-09-18,44.187320709228516,140.7100067138672,53.48955535888672,114.25374603271484,271.86016845703125,53.73283004760742,99.2798843383789,108.18924713134766
2019-09-19,44.423614501953125,141.27999877929688,53.054954528808594,114.59748840332031,271.8421630859375,53.37127685546875,98.9648666381836,107.94036102294922
2019-09-20,43.926570892333984,142.9499969482422,52.27938461303711,116.11139678955078,270.5578308105469,53.186805725097656,98.56696319580078,109.2179946899414
2019-09-23,44.11398696899414,143.75,52.51709747314453,116.08680725097656,270.4942321777344,53.22370529174805,98.55038452148438,109.29264831542969
2019-09-24,44.24435043334961,144.50999450683594,52.26737594604492,117.48612976074219,268.37176513671875,52.49320602416992,97.26544189453125,109.135009765625
2019-09-25,44.138431549072266,141.8300018310547,53.071746826171875,115.7676773071289,269.95916748046875,52.64815139770508,97.82088470458984,108.67044830322266
2019-09-26,44.31768798828125,141.7899932861328,52.798011779785156,116.51231384277344,269.3966979980469,52.36775588989258,97.01676177978516,106.89505767822266
2019-09-27,44.25250244140625,141.05999755859375,52.54109573364258,116.79877471923828,267.9455261230469,52.74409103393555,97.58875274658203,106.68766021728516
2019-09-30,44.358421325683594,138.8699951171875,53.77767562866211,117.0851821899414,269.1881103515625,52.10212326049805,97.56387329101562,107.33476257324219
2019-10-01,44.529537200927734,139.6300048828125,53.926551818847656,117.43766784667969,265.98614501953125,50.877227783203125,95.78984069824219,107.84082794189453
2019-10-02,43.250282287597656,141.25999450683594,52.57472229003906,117.72457885742188,261.2876281738281,49.54903793334961,93.88316345214844,109.50833129882812
2019-10-03,43.86954116821289,141.89999389648438,53.02132797241211,118.79845428466797,263.4283447265625,50.16148376464844,93.74946594238281,108.83634185791016
2019-10-04,44.43990707397461,141.89999389648438,54.50761032104492,119.67564392089844,266.9930114746094,50.89198684692383,95.78004455566406,110.88549041748047
2019-10-07,43.893978118896484,140.69000244140625,54.519615173339844,118.68363952636719,265.84112548828125,50.190982818603516,95.57113647460938,110.47069549560547
2019-10-08,43.65768814086914,141.9199981689453,53.88091278076172,119.00332641601562,261.71392822265625,49.21697998046875,93.44027709960938,109.37557983398438
2019-10-09,43.86139678955078,142.0500030517578,54.512413024902344,118.33118438720703,264.1992492675781,49.76301956176758,94.1171646118164,107.20201873779297
2019-10-10,43.72288131713867,140.80999755859375,55.24714660644531,116.56874084472656,265.98614501953125,50.36071014404297,95.43743896484375,107.06928253173828
2019-10-11,43.42954635620117,140.02999877929688,56.71663284301758,115.12599182128906,268.74371337890625,50.89937210083008,97.05020904541016,108.95249938964844
2019-10-14,43.42954635620117,140.58999633789062,56.63499450683594,115.96207427978516,268.4443054199219,51.04694366455078,97.3092269897461,108.4464340209961
2019-10-15,43.60065460205078,139.61000061035156,56.502925872802734,114.56037139892578,271.1020812988281,51.22403335571289,100.24232482910156,110.20521545410156
2019-10-16,43.58435821533203,140.41000366210938,56.27482986450195,114.69971466064453,270.6666259765625,50.34595489501953,100.0083236694336,112.13819885253906
2019-10-17,43.828800201416016,140.61000061035156,56.49333190917969,114.42098999023438,271.4648742675781,50.279537200927734,100.56819915771484,112.96778106689453
2019-10-18,44.635459899902344,140.4600067138672,56.76465606689453,114.42098999023438,270.276611328125,49.888465881347656,100.74369812011719,105.94100189208984
2019-10-21,44.187320709228516,139.7899932861328,57.74911880493164,113.56027221679688,272.10894775390625,50.722267150878906,103.24224853515625,106.20649719238281
2019-10-22,43.877689361572266,140.1999969482422,57.617042541503906,114.2242431640625,271.2199401855469,50.98053741455078,104.27840423583984,107.1854248046875
2019-10-23,44.521392822265625,140.52999877929688,58.39020538330078,114.3390121459961,272.0091247558594,51.46753692626953,104.55416107177734,107.76614379882812
2019-10-24,44.4969367980957,141.52999877929688,58.486263275146484,114.10946655273438,272.45355224609375,50.98053741455078,104.47897338867188,105.77509307861328
2019-10-25,43.79620361328125,141.86000061035156,59.20657730102539,113.55203247070312,273.5692443847656,51.098602294921875,105.3145980834961,106.48027801513672
2019-10-28,43.649532318115234,140.63999938964844,59.79965591430664,112.51912689208984,275.1112976074219,50.64848327636719,105.71571350097656,107.16883087158203
2019-10-29,43.51918029785156,140.25,58.41661834716797,112.59294128417969,275.02960205078125,50.50090789794922,105.64884948730469,107.11907196044922
2019-10-30,43.951019287109375,141.02000427246094,58.4094123840332,114.24063873291016,275.8731994628906,49.969627380371094,105.06391143798828,110.20521545410156
2019-10-31,44.35028076171875,142.42999267578125,59.73002624511719,115.78178405761719,275.13836669921875,49.85893630981445,104.38705444335938,109.5415267944336
2019-11-01,43.91842269897461,142.55999755859375,61.42520523071289,115.42535400390625,277.68731689453125,51.356868743896484,106.79366302490234,108.84464263916016
2019-11-04,43.299171447753906,142.14999389648438,61.8286018371582,113.90615844726562,278.802978515625,52.884273529052734,107.64600372314453,108.0399169921875
2019-11-05,42.712493896484375,139.85000610351562,61.73976135253906,112.62516021728516,278.4944763183594,53.93207550048828,107.8799819946289,108.1975326538086
2019-11-06,43.02213668823242,140.4499969482422,61.76615905761719,113.30672454833984,278.5581359863281,52.7514533996582,108.04711151123047,108.64555358886719
2019-11-07,42.60658264160156,138.27000427246094,62.479026794433594,111.25375366210938,279.5376281738281,53.87305450439453,108.63207244873047,109.03543090820312
2019-11-08,42.54139709472656,137.38999938964844,62.650020599365234,110.78570556640625,280.2270202636719,52.849952697753906,108.94959259033203,110.33792877197266
2019-11-11,42.23991394042969,137.05999755859375,63.146141052246094,110.85958862304688,279.6919250488281,52.528831481933594,108.5652084350586,109.49171447753906
2019-11-12,42.13399887084961,137.42999267578125,63.08832550048828,111.36869812011719,280.2813720703125,51.804447174072266,107.93011474609375,108.96908569335938
2019-11-13,42.7043571472168,137.97999572753906,63.69281005859375,112.09137725830078,280.3722229003906,51.37877655029297,107.36187744140625,108.9027099609375
2019-11-14,42.88361358642578,138.55999755859375,63.252113342285156,113.24922943115234,280.78033447265625,51.154747009277344,107.46219635009766,108.64555358886719
2019-11-15,42.91621398925781,138.2100067138672,64.00350189208984,113.1260986328125,282.81219482421875,51.670040130615234,108.23929595947266,111.9473876953125
2019-11-18,43.209537506103516,138.6199951171875,64.32621765136719,113.33138275146484,283.0207824707031,51.16969299316406,109.15013122558594,111.85614013671875
2019-11-19,43.250282287597656,138.69000244140625,64.13113403320312,114.27571105957031,282.9391784667969,50.64692687988281,109.11670684814453,111.84783172607422
2019-11-20,43.36434555053711,138.75999450683594,63.38454055786133,115.45824432373047,281.88690185546875,50.803768157958984,108.3228759765625,112.77698516845703
2019-11-21,43.152496337890625,138.0,63.10038757324219,114.73556518554688,281.4334411621094,52.02848815917969,108.5735855102539,113.19178009033203
2019-11-22,43.209537506103516,137.74000549316406,63.04498291015625,114.88339233398438,282.0594177246094,51.804447174072266,109.29216766357422,114.54407501220703
2019-11-25,43.36434555053711,137.0800018310547,64.150390625,115.2200927734375,284.2453308105469,51.4609375,109.87712860107422,114.59417724609375
2019-11-26,43.91842269897461,137.74000549316406,63.649478912353516,115.89347839355469,284.88934326171875,51.33397674560547,110.02757263183594,114.5857925415039
2019-11-27,43.959171295166016,137.00999450683594,64.50442504882812,115.55677795410156,286.1592712402344,51.304100036621094,110.35345458984375,115.07032012939453
2019-11-29,43.836036682128906,137.86000061035156,64.36234283447266,115.31045532226562,285.0979919433594,50.87844467163086,110.10276794433594,114.8531723022461
2019-12-02,44.123348236083984,137.7899932861328,63.6181640625,113.77294921875,282.6761474609375,51.09500503540039,109.86044311523438,114.74453735351562
2019-12-03,44.16439437866211,139.11000061035156,62.48384475708008,116.1585464477539,280.78033447265625,50.691741943359375,108.4482192993164,114.57747650146484
2019-12-04,44.5666389465332,138.9199981689453,63.03533935546875,114.99869537353516,282.51287841796875,51.266761779785156,110.5874252319336,116.43196868896484
2019-12-05,44.48454666137695,139.0,63.960140228271484,114.4393310546875,283.0207824707031,51.08753967285156,111.18910217285156,116.58234405517578
2019-12-06,44.67334747314453,137.6199951171875,65.19562530517578,113.80589294433594,285.60589599609375,51.90900421142578,112.84361267089844,117.2673110961914
2019-12-09,44.38603210449219,137.5800018310547,64.28287506103516,114.05265045166016,284.70794677734375,52.02102279663086,112.31719207763672,117.36753845214844
2019-12-10,44.1397590637207,137.97000122070312,64.65856170654297,114.0608901977539,284.390380859375,51.57294845581055,112.39238739013672,116.94154357910156
2019-12-11,44.287532806396484,138.9199981689453,65.21005249023438,114.9574966430664,285.19769287109375,51.498260498046875,112.1249771118164,117.76853942871094
2019-12-12,44.44350814819336,138.42999267578125,65.3762435913086,113.0655517578125,287.65582275390625,52.528831481933594,115.33380126953125,118.06924438476562
2019-12-13,44.67334747314453,139.0500030517578,66.26490783691406,114.37348175048828,287.82818603515625,51.69989776611328,114.32270050048828,118.10269927978516
2019-12-16,44.67334747314453,139.0399932861328,67.39922332763672,113.34520721435547,289.80560302734375,52.274925231933594,114.76561737060547,118.44515228271484
2019-12-17,44.67334747314453,139.00999450683594,67.53168487548828,113.18892669677734,289.8691101074219,52.03595733642578,115.4675064086914,119.92374420166016
2019-12-18,44.25468826293945,139.02000427246094,67.37031555175781,112.2594223022461,289.8873291015625,52.1778450012207,115.35050964355469,119.6146469116211
2019-12-19,44.59126663208008,139.3800048828125,67.43775177001953,112.43893432617188,291.0754699707031,51.81938934326172,114.77394104003906,121.41905212402344
2019-12-20,45.124847412109375,139.52000427246094,67.29808044433594,112.58734893798828,292.3515930175781,52.23012924194336,114.68201446533203,122.01213836669922
2019-12-23,45.07558822631836,139.9499969482422,68.3962631225586,112.42252349853516,292.7982482910156,52.491477966308594,114.64859771728516,122.32955932617188
2019-12-24,44.911407470703125,141.27000427246094,68.46128845214844,112.74386596679688,292.807373046875,52.28986740112305,114.96614074707031,121.903564453125
2019-12-26,45.1658935546875,142.3800048828125,69.81958770751953,113.01568603515625,294.36614990234375,52.37200164794922,116.1861572265625,121.81999969482422
2019-12-27,45.43678283691406,142.3300018310547,69.79309844970703,113.13934326171875,294.2930908203125,52.192779541015625,116.26973724365234,121.75318908691406
2019-12-30,45.371116638183594,142.6300048828125,70.20733642578125,112.72740936279297,292.670654296875,51.88660430908203,115.84355163574219,121.37726593017578
2019-12-31,45.43678283691406,142.89999389648438,70.72029113769531,111.62337493896484,293.38153076171875,52.11063003540039,116.48698425292969,121.85340118408203
2020-01-02,45.14126968383789,143.9499969482422,72.33386993408203,112.88392639160156,296.1252746582031,52.94702911376953,117.89918518066406,121.93694305419922
2020-01-03,44.89497756958008,145.86000061035156,71.63065338134766,114.6224136352539,293.8829650878906,52.52135467529297,116.3433837890625,120.52520751953125
2020-01-06,44.87858200073242,147.38999938964844,72.20140075683594,113.97152709960938,295.0040588378906,52.924625396728516,116.25086212158203,120.3748550415039
2020-01-07,44.53379821777344,147.97000122070312,71.8618392944336,113.41119384765625,294.1746520996094,52.491477966308594,114.27450561523438,121.10994720458984
2020-01-08,44.61589050292969,146.86000061035156,73.0178451538086,112.66146087646484,295.742431640625,51.69989776611328,115.16596984863281,121.09321594238281
2020-01-09,45.428585052490234,146.02999877929688,74.56880187988281,113.05691528320312,297.7478332519531,52.095706939697266,115.58646392822266,121.45246887207031
2020-01-10,45.58454513549805,146.91000366210938,74.73738098144531,114.06210327148438,296.8909606933594,51.63268280029297,114.43428802490234,121.17676544189453
2020-01-13,46.077091217041016,145.82000732421875,76.3341064453125,113.71611022949219,298.93280029296875,52.125572204589844,115.3846206665039,121.71139526367188
2020-01-14,45.970375061035156,145.69000244140625,75.3033218383789,114.30106353759766,298.4770202636719,51.67749786376953,116.7302474975586,122.39642333984375
2020-01-15,46.545005798339844,146.5399932861328,74.98059844970703,115.05903625488281,299.1515808105469,51.59535598754883,114.98094177246094,122.80574798583984
2020-01-16,46.64350509643555,146.30999755859375,75.91987609863281,114.69650268554688,301.6399841308594,51.39373016357422,115.42668151855469,123.79981994628906
2020-01-17,46.74201202392578,146.5800018310547,76.76036071777344,113.71611022949219,302.5788269042969,51.19953918457031,116.22563171386719,124.6101303100586
2020-01-21,46.93082046508789,146.74000549316406,76.24018096923828,114.9107894897461,301.986328125,50.467716217041016,115.08184814453125,124.69367980957031
2020-01-22,47.29201889038086,146.7899932861328,76.51232147216797,115.31451416015625,302.0227966308594,50.17646026611328,114.94730377197266,123.84153747558594
2020-01-23,47.47261428833008,147.1199951171875,76.88077545166016,116.12191009521484,302.36920166015625,49.86280822753906,114.82955932617188,124.07546997070312
2020-01-24,47.3494758605957,147.97999572753906,76.65919494628906,117.06112670898438,299.68023681640625,49.52676010131836,111.97858428955078,123.90003204345703
2020-01-27,47.18531036376953,148.99000549316406,74.40502166748047,118.88197326660156,294.8764953613281,48.346839904785156,111.03667449951172,124.25923156738281
2020-01-28,46.79948425292969,147.66000366210938,76.50988006591797,117.9509506225586,297.966552734375,48.279632568359375,113.0550537109375,124.88577270507812
2020-01-29,46.79948425292969,148.4600067138672,78.11143493652344,119.10447692871094,297.72039794921875,47.87636184692383,112.88685607910156,125.7545394897461
2020-01-30,48.318153381347656,148.47000122070312,77.99823760986328,119.12091827392578,298.6866455078125,48.38417434692383,114.28292083740234,125.60417938232422
2020-01-31,47.94053649902344,149.3300018310547,74.53987884521484,120.2085189819336,293.26312255859375,46.390254974365234,111.3142318725586,124.35946655273438
2020-02-03,48.08830261230469,148.36000061035156,74.3351821899414,120.1111068725586,295.441650390625,45.352237701416016,112.16358184814453,125.44541931152344
2020-02-04,48.301727294921875,146.42999267578125,76.78927612304688,118.4935531616211,299.9445495605469,44.78467559814453,113.77832794189453,126.64000701904297
2020-02-05,48.309932708740234,146.61000061035156,77.41541290283203,117.19792938232422,303.40826416015625,46.84579849243164,115.7126235961914,128.6365203857422
2020-02-06,48.424861907958984,147.39999389648438,78.32095336914062,117.72602844238281,304.4293212890625,46.2110481262207,115.72943115234375,128.25221252441406
2020-02-07,48.58904266357422,147.7899932861328,77.25636291503906,119.19499969482422,302.8067321777344,45.90486145019531,115.35938262939453,126.88229370117188
2020-02-10,49.04874038696289,148.1699981689453,77.62330627441406,119.52511596679688,305.0673522949219,45.420047760009766,115.8387451171875,126.857177734375
2020-02-11,48.91740036010742,147.66000366210938,77.15496826171875,118.92262268066406,305.5960388183594,45.851829528808594,116.05743408203125,126.96580505371094
2020-02-12,48.76963424682617,147.5399932861328,78.98723602294922,118.32026672363281,307.5649108886719,46.41238021850586,116.05743408203125,126.21399688720703
2020-02-13,48.93381881713867,148.3800048828125,78.42474365234375,118.77416229248047,307.2366943359375,46.15482711791992,115.95651245117188,125.37863159179688
2020-02-14,49.21292495727539,149.0,78.44407653808594,119.29409790039062,307.72894287109375,45.94272994995117,115.60326385498047,125.41206359863281
2020-02-18,48.86814498901367,150.91000366210938,77.00773620605469,120.1111068725586,306.93585205078125,45.35944366455078,114.07266998291016,124.58505249023438
2020-02-19,49.06516647338867,151.7899932861328,78.12301635742188,120.1028823852539,308.4034423828125,45.70790100097656,115.6285171508789,124.41793823242188
2020-02-20,49.02412414550781,152.41000366210938,77.321533203125,121.04373168945312,307.136474609375,45.34429931640625,115.6285171508789,123.9417953491211
2020-02-21,49.36069107055664,154.6999969482422,75.57135009765625,122.1742935180664,303.9735107421875,44.791316986083984,114.21562194824219,125.24495697021484
2020-02-24,48.14575958251953,156.08999633789062,71.98169708251953,123.99811553955078,293.8921203613281,42.693023681640625,111.14600372314453,122.66404724121094
2020-02-25,47.46440505981445,153.3000030517578,69.54351806640625,124.65845489501953,284.9865417480469,41.056819915771484,106.18414306640625,121.60478210449219
2020-02-26,47.28380584716797,153.97000122070312,70.6467514038086,123.99811553955078,283.9382629394531,40.15538787841797,106.50370788574219,120.78931427001953
2020-02-27,45.09201431274414,154.0,66.0286865234375,125.34342956542969,271.18609619140625,37.73894119262695,102.0716552734375,116.95584106445312
2020-02-28,43.9099235534668,148.3800048828125,65.99005889892578,128.1741485595703,270.0467529296875,38.966102600097656,97.64801788330078,113.05506134033203
2020-03-02,45.90470504760742,149.1999969482422,72.1337661743164,127.23104095458984,281.7414245605469,40.81441879272461,102.19779968261719,117.71247100830078
2020-03-03,46.01963806152344,153.88999938964844,69.84285736083984,129.2064208984375,273.674560546875,38.86005401611328,98.36285400390625,113.98821258544922
2020-03-04,48.36739730834961,154.16000366210938,73.08248901367188,127.83435821533203,285.177978515625,39.70844650268555,100.79336547851562,120.62120056152344
2020-03-05,46.57783508300781,157.49000549316406,70.71189880371094,131.01637268066406,275.6980895996094,37.9586181640625,95.84830474853516,119.38542938232422
2020-03-06,45.362911224365234,157.5500030517578,69.77286529541016,137.8350067138672,271.1405029296875,36.12545394897461,90.89485931396484,119.40223693847656
2020-03-09,42.57184982299805,157.80999755859375,64.2543716430664,141.57073974609375,249.96603393554688,31.709190368652344,78.58265686035156,114.70278930664062
2020-03-10,44.049468994140625,154.47999572753906,68.88207244873047,134.3140869140625,262.90045166015625,32.88331604003906,84.68827056884766,119.07435607910156
2020-03-11,42.85916519165039,153.92999267578125,66.48977661132812,129.37164306640625,250.08444213867188,31.800098419189453,80.70198059082031,110.80201721191406
2020-03-12,38.713623046875,147.7899932861328,59.92359161376953,130.1733856201172,226.1570587158203,28.16407012939453,74.0497055053711,105.43006896972656
2020-03-13,40.13794708251953,143.27999877929688,67.1029281616211,127.23104095458984,245.4904327392578,28.876117706298828,87.38785552978516,112.89530181884766
2020-03-16,37.47975158691406,141.63999938964844,58.47035217285156,135.47122192382812,218.62791442871094,26.126379013061523,74.31040954589844,106.87606048583984
2020-03-17,39.06971740722656,143.55999755859375,61.04129409790039,126.4375991821289,230.43211364746094,27.8837890625,78.85176849365234,114.82888793945312
2020-03-18,37.14023208618164,140.6999969482422,59.5470085144043,119.30493927001953,218.76461791992188,25.088594436645508,70.55113983154297,113.45861053466797
2020-03-19,34.639373779296875,138.0399932861328,59.09074783325195,122.5530776977539,219.22950744628906,26.0809268951416,71.7369384765625,106.80879211425781
2020-03-20,31.716182708740234,140.11000061035156,55.33934020996094,131.7685089111328,209.78201293945312,24.800743103027344,70.22313690185547,100.78950500488281
2020-03-23,31.103395462036133,146.3000030517578,54.1636962890625,137.19866943359375,204.418212890625,23.82356071472168,66.4638900756836,93.43350982666016
2020-03-24,32.66849899291992,153.39999389648438,59.59769821166992,134.64480590820312,222.939208984375,26.846006393432617,74.36927032470703,100.19261932373047
2020-03-25,34.45718765258789,151.3000030517578,59.26939392089844,134.33892822265625,226.27662658691406,28.247392654418945,77.14454650878906,100.3775634765625
2020-03-26,36.67650604248047,153.24000549316406,62.38833999633789,135.00010681152344,239.48887634277344,29.406375885009766,82.51850891113281,106.40526580810547
2020-03-27,35.45091247558594,152.25,59.80531311035156,138.60366821289062,232.35556030273438,27.98984146118164,76.63994598388672,103.53851318359375
2020-03-30,37.26445388793945,152.9199981689453,61.512027740478516,137.46307373046875,239.9014434814453,28.406461715698242,78.63310241699219,111.81926727294922
2020-03-31,36.64337921142578,148.0500030517578,61.38650131225586,136.34730529785156,236.3257293701172,28.76249885559082,75.71484375,110.2387924194336
2020-04-01,34.87953186035156,149.4499969482422,58.15652847290039,138.25762939453125,225.6898651123047,28.42919158935547,70.94640350341797,108.28839874267578
2020-04-02,36.39494323730469,151.89999389648438,59.12696838378906,139.13497924804688,230.89772033691406,30.603233337402344,73.59553527832031,111.93694305419922
2020-04-03,36.29557418823242,152.64999389648438,58.27721405029297,139.46609497070312,227.56028747558594,29.701805114746094,71.42021942138672,112.79444122314453
2020-04-06,38.647369384765625,156.8800048828125,63.361167907714844,139.10191345214844,242.84466552734375,30.656253814697266,76.01729583740234,117.4938735961914
2020-04-07,38.51486587524414,156.0399932861328,62.6273078918457,137.64515686035156,243.09222412109375,31.23954200744629,77.01998138427734,115.57711029052734
2020-04-08,39.59968185424805,154.64999389648438,64.23023223876953,136.6436309814453,251.25242614746094,33.21662902832031,80.13002014160156,120.4362564086914
2020-04-09,40.57685089111328,158.69000244140625,64.6937255859375,136.8918914794922,255.07582092285156,32.67121887207031,87.3187484741211,118.72966003417969
2020-04-13,38.86267852783203,161.41000366210938,65.9635009765625,135.64218139648438,252.74697875976562,32.390953063964844,83.43549346923828,117.50227355957031
2020-04-14,40.51060104370117,162.67999267578125,69.29489135742188,135.6090087890625,260.201171875,32.14098358154297,81.1496810913086,122.76493835449219
2020-04-15,39.425785064697266,161.85000610351562,68.66239166259766,139.20120239257812,254.67236328125,30.663829803466797,77.14740753173828,124.13526153564453
2020-04-16,39.00344467163086,161.7100067138672,69.20799255371094,140.78211975097656,255.90098571777344,29.656360626220703,74.20735931396484,125.82506561279297
2020-04-17,39.798439025878906,158.57000732421875,68.26891326904297,138.8949432373047,262.8142395019531,32.73940658569336,80.8777847290039,127.80066680908203
2020-04-20,38.53143310546875,159.6999969482422,66.85186004638672,140.0123748779297,258.18402099609375,31.194089889526367,77.92919158935547,127.50637817382812
2020-04-21,37.57912826538086,158.61000061035156,64.78546905517578,141.77528381347656,250.34475708007812,31.02743911743164,75.66888427734375,125.83340454101562
2020-04-22,37.827552795410156,161.72999572753906,66.65151977539062,140.3268585205078,255.90098571777344,31.913715362548828,75.91532135009766,128.6161346435547
2020-04-23,37.32241439819336,163.33999633789062,66.3931884765625,141.07176208496094,255.8826904296875,32.91362380981445,75.95780944824219,130.73460388183594
2020-04-24,37.62053298950195,162.63999938964844,68.30994415283203,141.40289306640625,259.4493103027344,33.12572479248047,77.07945251464844,130.1881866455078
2020-04-27,38.738468170166016,161.55999755859375,68.35823822021484,138.7708282470703,263.190185546875,33.2848014831543,80.40190887451172,129.70896911621094
2020-04-28,38.705345153808594,160.83999633789062,67.25017547607422,140.3682403564453,261.9799499511719,34.06504440307617,80.97125244140625,127.27101135253906
2020-04-29,39.020023345947266,161.72999572753906,69.45903015136719,139.63987731933594,268.8381652832031,35.95123291015625,83.15508270263672,126.30420684814453
2020-04-30,38.00144958496094,158.8000030517578,70.92434692382812,138.0093231201172,266.3350830078125,35.201297760009766,81.37061309814453,126.1361083984375
2020-05-01,37.76131057739258,159.77999877929688,69.78251647949219,139.1911163330078,259.2843017578125,32.678802490234375,79.2377700805664,124.66486358642578
2020-05-04,37.38038635253906,160.33999633789062,70.76985931396484,138.53640747070312,259.99951171875,33.99686050415039,78.29460144042969,124.64807891845703
2020-05-05,37.59568405151367,161.02000427246094,71.83203887939453,137.64962768554688,262.40167236328125,33.958980560302734,78.17562866210938,125.68214416503906
2020-05-06,37.05742645263672,158.9499969482422,72.57312774658203,135.42855834960938,260.6229248046875,33.32268524169922,76.70556640625,124.48838806152344
2020-05-07,36.933204650878906,161.38999938964844,73.32389831542969,137.69105529785156,263.7679138183594,33.512062072753906,77.50432586669922,124.07640838623047
2020-05-08,38.18364334106445,160.4199981689453,75.06912994384766,135.90101623535156,268.1321716308594,34.98162078857422,78.77041625976562,125.00957489013672
2020-05-11,37.71162414550781,159.4199981689453,76.25037384033203,134.84017944335938,268.187255859375,34.6483154296875,76.45064544677734,125.35425567626953
2020-05-12,37.115394592285156,160.0399932861328,75.37895965576172,136.2241668701172,262.8418273925781,34.06916809082031,73.95243072509766,123.6980972290039
2020-05-13,36.38666534423828,161.5800018310547,74.46882629394531,137.1772918701172,258.19317626953125,32.37806701660156,71.40322875976562,123.68970489501953
2020-05-14,36.18791580200195,163.00999450683594,74.92631530761719,138.5198974609375,261.2831726074219,32.66377639770508,74.36882781982422,124.11846160888672
2020-05-15,35.82355880737305,163.92999267578125,74.48333740234375,138.16346740722656,262.48419189453125,32.4321174621582,72.99222564697266,126.47238159179688
2020-05-18,37.2396125793457,162.69000244140625,76.23825073242188,135.13018798828125,270.47930908203125,35.01124954223633,76.8585205078125,126.53960418701172
2020-05-19,36.883514404296875,164.25999450683594,75.79773712158203,135.6357879638672,267.7012939453125,33.930171966552734,75.34598541259766,125.2785873413086
2020-05-20,38.00144958496094,164.64999389648438,77.2718505859375,136.0418701171875,272.2490234375,35.0344123840332,77.60628509521484,124.15203857421875
2020-05-21,37.40522003173828,162.25,76.69574737548828,136.3816680908203,270.3693542480469,34.408935546875,76.62060546875,123.33660888671875
2020-05-22,37.289283752441406,163.2100067138672,77.18955993652344,137.2021026611328,270.8828125,34.439823150634766,76.02580261230469,122.21075439453125
2020-05-26,38.167076110839844,160.88999938964844,76.66669464111328,135.3622283935547,274.22021484375,35.4514045715332,81.4216079711914,122.37156677246094
2020-05-27,38.69706344604492,161.17999267578125,77.00074005126953,135.11355590820312,278.3004150390625,35.70622634887695,86.13765716552734,122.65096282958984
2020-05-28,38.99517059326172,161.72000122070312,77.03463745117188,134.61631774902344,277.7869567871094,34.77959060668945,84.85452270507812,124.41168975830078
2020-05-29,38.65564727783203,162.91000366210938,76.9595947265625,135.5778045654297,279.0247497558594,35.11162567138672,82.68772888183594,125.9184799194336
2020-06-01,38.9123649597168,163.66000366210938,77.90603637695312,134.66490173339844,280.1524658203125,35.73711395263672,83.78387451171875,124.59791564941406
2020-06-02,38.83782958984375,162.60000610351562,78.26671600341797,134.1753387451172,282.4722595214844,36.532470703125,84.06426239013672,125.4952163696289
2020-06-03,39.66594314575195,159.60000610351562,78.69757080078125,132.3911590576172,286.2314453125,38.02280044555664,88.60186004638672,125.83382415771484
2020-06-04,39.682498931884766,161.27999877929688,78.01982116699219,130.4742431640625,285.47955322265625,37.91469955444336,90.44579315185547,124.20852661132812
2020-06-05,40.651371002197266,158.00999450683594,80.24188995361328,129.5448455810547,292.7962341308594,40.98802947998047,94.5160140991211,124.69105529785156
2020-06-08,41.280731201171875,159.72000122070312,80.71631622314453,130.042724609375,296.33538818359375,42.269866943359375,96.40242767333984,124.24240112304688
2020-06-09,40.57685089111328,161.25999450683594,83.26516723632812,131.51980590820312,294.12579345703125,41.32778549194336,93.92970275878906,123.55671691894531
2020-06-10,40.26216506958008,163.57000732421875,85.40737915039062,133.47000122070312,292.4844665527344,39.11159896850586,90.12288665771484,125.11433410644531
2020-06-11,37.71162414550781,162.38999938964844,81.30694580078125,135.99264526367188,275.6230773925781,35.659889221191406,82.60274505615234,119.24797058105469
2020-06-12,38.1043701171875,162.6199951171875,82.00890350341797,134.68154907226562,278.9237976074219,36.42435836791992,84.86302947998047,120.33149719238281
2020-06-15,38.68930435180664,162.3300018310547,83.02312469482422,134.75624084472656,281.52783203125,36.40119552612305,86.03568267822266,119.56961822509766
2020-06-16,39.08203887939453,162.25,85.22340393066406,132.6898956298828,286.9465026855469,37.21971893310547,86.72393798828125,122.28695678710938
2020-06-17,38.92327117919922,162.55999755859375,85.10479736328125,133.23760986328125,285.7545471191406,36.00737762451172,84.53162384033203,121.91445922851562
2020-06-18,39.26587677001953,162.24000549316406,85.13871002197266,134.64830017089844,285.8646545410156,36.231300354003906,84.07278442382812,121.39810943603516
2020-06-19,38.45532989501953,164.02999877929688,84.65216064453125,134.75624084472656,284.23101806640625,35.50545120239258,83.1125717163086,121.753662109375
2020-06-22,38.221351623535156,165.08999633789062,86.86698913574219,134.7728271484375,286.0543518066406,35.84520721435547,82.21187591552734,121.38119506835938
2020-06-23,38.13779067993164,166.47999572753906,88.72115325927734,133.85169982910156,287.37115478515625,36.061431884765625,83.21453094482422,120.9325180053711
2020-06-24,37.31052780151367,165.89999389648438,87.15504455566406,135.2872314453125,280.0408630371094,34.36260223388672,80.4359130859375,118.3591537475586
2020-06-25,37.54450225830078,165.8000030517578,88.31206512451172,135.67727661132812,283.04302978515625,34.87997055053711,83.24004364013672,118.2321548461914
2020-06-26,36.40805435180664,166.5399932861328,85.59861755371094,137.12953186035156,276.3203125,33.683074951171875,78.67694091796875,116.6576156616211
2020-06-29,37.06820297241211,166.6300048828125,87.57135009765625,136.69798278808594,280.3816223144531,34.22361373901367,79.02533721923828,117.69884490966797
2020-06-30,37.33559036254883,167.3699951171875,88.3023681640625,136.03421020507812,283.9731140136719,34.53248977661133,79.92606353759766,119.04481506347656
2020-07-01,37.45258331298828,166.6199951171875,88.13536834716797,135.7699432373047,285.9622802734375,33.7525749206543,79.24627685546875,118.83319854736328
2020-07-02,37.502716064453125,166.97999572753906,88.13536834716797,135.91119384765625,287.5370178222656,34.03828430175781,79.50369262695312,119.33263397216797
2020-07-06,37.79518127441406,167.97999572753906,90.49300384521484,135.35450744628906,291.9758605957031,34.27766036987305,81.51144409179688,121.03407287597656
2020-07-07,37.778472900390625,169.0399932861328,90.21221160888672,137.25711059570312,288.9644470214844,33.38964080810547,79.21195220947266,120.92408752441406
2020-07-08,37.6614875793457,170.08999633789062,92.31327819824219,136.7087860107422,291.1746826171875,33.31242752075195,80.05280303955078,121.27960205078125
2020-07-09,36.69216537475586,169.6300048828125,92.71025085449219,138.88546752929688,289.5169677734375,31.93791961669922,78.31961822509766,120.61933135986328
2020-07-10,37.728336334228516,169.19000244140625,92.87242126464844,138.18763732910156,292.4731750488281,32.934051513671875,82.60110473632812,120.5177001953125
2020-07-13,37.81189727783203,169.39999389648438,92.44400024414062,138.64454650878906,289.9405517578125,32.941768646240234,83.78520202636719,122.92185974121094
2020-07-14,38.329986572265625,170.19000244140625,93.9737777709961,138.84390258789062,293.697998046875,34.03055953979492,84.26567077636719,125.21585845947266
2020-07-15,38.772865295410156,170.33999633789062,94.62007141113281,138.1958465576172,296.3962097167969,34.462989807128906,85.56985473632812,125.50366973876953
2020-07-16,38.563961029052734,168.72999572753906,93.45577239990234,138.8522491455078,295.4200744628906,34.192718505859375,85.81008911132812,126.34173583984375
2020-07-17,39.12382125854492,170.1199951171875,93.26698303222656,138.5614776611328,296.2764892578125,33.60586166381836,84.2227554321289,126.4263687133789
2020-07-20,38.53888702392578,170.94000244140625,95.23246765136719,138.902099609375,298.6708679199219,32.818214416503906,83.4848861694336,126.63800811767578
2020-07-21,39.44136047363281,173.0,93.91812896728516,138.9851531982422,299.3063049316406,34.47844314575195,85.29530334472656,126.75653839111328
2020-07-22,40.51095962524414,175.6300048828125,94.18195343017578,139.40057373046875,301.010009765625,33.675350189208984,84.67753601074219,126.9850845336914
2020-07-23,40.34382629394531,177.17999267578125,89.8951187133789,141.02890014648438,297.41845703125,33.744850158691406,84.92636108398438,126.64644622802734
2020-07-24,40.51932144165039,178.6999969482422,89.67243957519531,141.0206298828125,295.5029602050781,33.536354064941406,84.32572937011719,125.38514709472656
2020-07-27,40.51095962524414,182.22999572753906,91.79766845703125,140.49720764160156,297.6578674316406,34.03055953979492,83.14167022705078,124.5894546508789
2020-07-28,40.26028060913086,183.75,90.28968048095703,141.4692840576172,295.7699890136719,33.6290168762207,83.50202941894531,124.2931900024414
2020-07-29,40.126564025878906,185.1300048828125,92.02039337158203,141.22840881347656,299.4075927734375,33.999671936035156,85.52694702148438,124.04767608642578
2020-07-30,39.850807189941406,183.75999450683594,93.13386535644531,142.15884399414062,298.33941650390625,32.33173370361328,83.24462127685547,124.3016128540039
2020-07-31,39.474788665771484,185.42999267578125,102.88391876220703,142.06741333007812,300.6968688964844,32.493896484375,82.9185791015625,123.38741302490234
2020-08-03,38.68930435180664,185.63999938964844,105.47632598876953,141.35218811035156,302.7873840332031,32.62516784667969,82.45526123046875,124.73335266113281
2020-08-04,39.015193939208984,189.58999633789062,106.18072509765625,142.69956970214844,303.9569396972656,33.567256927490234,81.98336029052734,124.62333679199219
2020-08-05,39.458072662353516,191.35000610351562,106.56559753417969,141.4519500732422,305.84478759765625,33.860679626464844,83.40766143798828,125.62220001220703
2020-08-06,39.67533493041992,193.88999938964844,110.2835693359375,142.24209594726562,307.88916015625,33.69852066040039,83.43339538574219,124.90266418457031
2020-08-07,39.94273376464844,190.80999755859375,107.77620697021484,141.29397583007812,308.1102600097656,33.54408264160156,85.26954650878906,125.7914810180664
2020-08-10,39.875885009765625,190.14999389648438,109.34272003173828,140.66180419921875,309.0311279296875,34.370330810546875,86.35066223144531,125.30899810791016
2020-08-11,40.05136489868164,179.94000244140625,106.09086608886719,138.99005126953125,306.4801940917969,34.72553634643555,89.07914733886719,124.41168975830078
2020-08-12,40.46916961669922,179.10000610351562,109.61673736572266,137.7257537841797,310.75323486328125,34.7176628112793,88.32408905029297,126.68878173828125
2020-08-13,40.427391052246094,183.3300018310547,111.5566635131836,136.25367736816406,310.19146728515625,33.86723709106445,87.83499908447266,125.28362274169922
2020-08-14,40.485877990722656,182.5399932861328,111.4572525024414,135.7213592529297,310.20068359375,34.016849517822266,87.86932373046875,125.48678588867188
2020-08-17,40.28533935546875,186.5,111.16625213623047,136.0623016357422,311.1861267089844,33.575889587402344,85.55269622802734,126.12164306640625
2020-08-18,40.460819244384766,188.17999267578125,112.09259033203125,137.0354461669922,311.8583984375,33.410545349121094,84.36005401611328,127.05279541015625
2020-08-19,39.58342361450195,182.24000549316406,112.23323822021484,136.17877197265625,310.5598449707031,33.040435791015625,84.5573959350586,127.3067626953125
2020-08-20,39.56670379638672,183.5,114.72362518310547,137.40975952148438,311.5268249511719,32.5364875793457,83.54495239257812,128.17864990234375
2020-08-21,39.50821304321289,182.02999877929688,120.63563537597656,138.23316955566406,312.63189697265625,32.29237747192383,83.50202941894531,129.31297302246094
2020-08-24,40.084781646728516,181.0,122.07844543457031,138.00856018066406,315.7998962402344,33.24517822265625,85.85301208496094,129.65383911132812
2020-08-25,40.03465270996094,181.22000122070312,121.0769271850586,136.95228576660156,316.9049377441406,32.19002151489258,86.23051452636719,129.57716369628906
2020-08-26,40.243568420410156,183.36000061035156,122.72349548339844,136.42832946777344,320.0821838378906,31.50495719909668,85.02073669433594,129.7816925048828
2020-08-27,40.302059173583984,181.24000549316406,121.25638580322266,134.10777282714844,320.7820129394531,31.292348861694336,87.81785583496094,130.36109924316406
2020-08-28,41.6390495300293,184.38999938964844,121.05998229980469,134.00799560546875,322.8541564941406,32.04041290283203,88.17822265625,130.92352294921875
2020-08-31,41.38835525512695,184.8300018310547,125.16539001464844,134.8979949951172,321.6845397949219,31.44983673095703,85.96453857421875,130.72756958007812
2020-09-01,41.045753479003906,185.0500030517578,130.15103149414062,136.44088745117188,324.71435546875,31.04825210571289,85.9216537475586,129.1170196533203
2020-09-02,42.775482177734375,182.6199951171875,127.45452117919922,137.73983764648438,329.4109802246094,30.859272003173828,87.2172622680664,131.08544921875
2020-09-03,42.18219757080078,181.13999938964844,117.25039672851562,138.1311798095703,318.0745544433594,30.796276092529297,86.94265747070312,127.43824768066406
2020-09-04,42.650142669677734,181.63999938964844,117.3280258178711,135.50830078125,315.4775390625,30.77265739440918,88.82174682617188,126.62019348144531
2020-09-08,41.62233352661133,181.2899932861328,109.43243408203125,136.34091186523438,306.8578186035156,30.063974380493164,85.73287200927734,125.48684692382812
2020-09-09,41.93987274169922,183.0500030517578,113.79730224609375,135.97463989257812,312.91741943359375,29.882854461669922,86.54800415039062,127.56610107421875
2020-09-10,41.781097412109375,182.4600067138672,110.0822982788086,136.6656951904297,307.4840393066406,29.134803771972656,85.6556625366211,125.18860626220703
2020-09-11,42.66685104370117,182.4499969482422,108.63705444335938,136.95713806152344,307.6405944824219,29.056066513061523,86.7196044921875,125.9299545288086
2020-09-14,42.717403411865234,183.88999938964844,111.89615631103516,136.94882202148438,311.692626953125,28.867084503173828,87.92082214355469,126.41569519042969
2020-09-15,43.003814697265625,183.4499969482422,112.07076263427734,136.61572265625,313.267333984375,28.559980392456055,85.1837387084961,126.87586975097656
2020-09-16,42.7848014831543,183.97000122070312,108.76315307617188,136.20773315429688,312.0241394042969,29.77261734008789,85.54410552978516,126.45832061767578
2020-09-17,42.58262634277344,182.9600067138672,107.02691650390625,136.62408447265625,309.2798156738281,29.764745712280273,84.56598663330078,125.4101333618164
2020-09-18,42.498382568359375,183.1999969482422,103.6319808959961,136.19943237304688,305.7190856933594,29.284414291381836,84.38579559326172,127.12300872802734
2020-09-21,41.35273361206055,179.52000427246094,106.77469635009766,136.89053344726562,302.316650390625,28.685964584350586,81.77742767333984,123.6462173461914
2020-09-22,41.8328971862793,178.64999389648438,108.4527359008789,136.78231811523438,305.3955993652344,27.97728729248047,80.88507843017578,122.88780212402344
2020-09-23,40.6114387512207,174.7899932861328,103.9035873413086,136.9654083251953,298.31317138671875,27.079618453979492,79.57231903076172,123.08383178710938
2020-09-24,41.02421188354492,175.44000244140625,104.97055053710938,137.49002075195312,299.1082763671875,27.02449607849121,79.50369262695312,123.27976989746094
2020-09-25,41.04106140136719,174.94000244140625,108.90863800048828,137.49002075195312,303.9439697265625,27.27647590637207,80.19868469238281,124.12342071533203
2020-09-28,41.51280212402344,176.6999969482422,111.50817108154297,137.0986328125,308.9922790527344,27.804052352905273,82.50674438476562,125.35903930664062
2020-09-29,41.209537506103516,178.19000244140625,110.66427612304688,137.25694274902344,307.3094787597656,26.99299430847168,81.81173706054688,125.31643676757812
2020-09-30,41.58860397338867,177.1199951171875,112.3326416015625,135.9412384033203,309.6394348144531,27.032367706298828,82.60110473632812,126.86732482910156
2020-10-01,41.428558349609375,178.6999969482422,113.28323364257812,136.16546630859375,311.62738037109375,26.087461471557617,83.20172119140625,125.53800964355469
2020-10-02,41.5801887512207,178.5399932861328,109.62643432617188,135.65699768066406,308.6686706542969,25.969343185424805,83.99110412597656,124.61769104003906
2020-10-05,41.5970344543457,179.41000366210938,113.0019302368164,133.00637817382812,314.1423034667969,26.567790985107422,85.766357421875,126.31342315673828
2020-10-06,41.226375579833984,177.3000030517578,109.76220703125,133.7232208251953,309.67645263671875,26.292198181152344,84.88306427001953,124.63468170166016
2020-10-07,41.748653411865234,177.22000122070312,111.62456512451172,132.74803161621094,315.06695556640625,26.378807067871094,86.3638916015625,126.01520538330078
2020-10-08,42.50680923461914,177.85000610351562,111.51788330078125,133.46481323242188,317.8592224121094,27.764678955078125,88.13912963867188,126.87586975097656
2020-10-09,42.8016471862793,181.0800018310547,113.45782470703125,133.4398193359375,320.69775390625,27.3552188873291,87.63687133789062,128.64833068847656
2020-10-12,43.03750991821289,180.55999755859375,120.66471099853516,133.8648681640625,325.85699462890625,27.26860237121582,88.71068572998047,129.38970947265625
2020-10-13,42.30464172363281,177.72000122070312,117.46379852294922,134.82350158691406,323.73046875,26.94576072692871,87.27314758300781,126.4242172241211
2020-10-14,42.220394134521484,178.27000427246094,117.55108642578125,135.1318817138672,321.6961669921875,26.89063262939453,86.7882080078125,126.20267486572266
2020-10-15,42.11089324951172,178.9199981689453,117.08551025390625,134.89846801757812,321.2986755371094,27.12687110900879,88.0871810913086,125.42720031738281
2020-10-16,42.14458465576172,178.3000030517578,115.44625091552734,134.52340698242188,321.1044616699219,26.851266860961914,87.90533447265625,126.20267486572266
2020-10-19,41.7992057800293,178.38999938964844,112.4975357055664,134.01498413085938,316.2226257324219,26.315811157226562,86.42450714111328,122.9815444946289
2020-10-20,42.32990264892578,179.25,113.98160552978516,132.73971557617188,317.48931884765625,26.536293029785156,86.91812896728516,123.17752075195312
2020-10-21,42.11089324951172,180.60000610351562,113.36082458496094,132.2812042236328,316.8883361816406,26.111085891723633,86.0521469116211,122.64923858642578
2020-10-22,42.69213104248047,178.8300018310547,112.27442169189453,130.90591430664062,318.6265869140625,27.44970703125,89.09171295166016,123.62918853759766
2020-10-23,42.55735397338867,178.63999938964844,111.58576965332031,131.70611572265625,319.7083435058594,26.898508071899414,89.8970718383789,123.76551818847656
2020-10-26,41.950836181640625,178.5500030517578,111.5954818725586,132.93138122558594,313.8001708984375,26.260690689086914,87.6715087890625,122.68330383300781
2020-10-27,42.035064697265625,179.02000427246094,113.09891510009766,133.82333374023438,312.7184143066406,25.843355178833008,86.01750946044922,121.98453521728516
2020-10-28,40.40083312988281,176.1300048828125,107.86107635498047,133.94834899902344,302.030029296875,24.85907554626465,83.6014404296875,117.90274810791016
2020-10-29,40.451377868652344,175.39999389648438,111.85733795166016,132.64796447753906,305.0997009277344,25.96147346496582,84.1469955444336,116.90576171875
2020-10-30,40.48509216308594,176.1999969482422,105.59132385253906,131.33938598632812,301.9190368652344,25.685871124267578,84.90037536621094,116.83758544921875
2020-11-02,40.956809997558594,177.91000366210938,105.5040054321289,132.3231658935547,305.3031005859375,26.764646530151367,86.81420135498047,118.18396759033203
2020-11-03,41.5717658996582,178.9199981689453,107.1239013671875,131.555419921875,310.6934509277344,26.307945251464844,89.55067443847656,118.02207946777344
2020-11-04,41.420127868652344,178.82000732421875,111.49846649169922,134.40919494628906,317.6372375488281,26.16620445251465,86.81420135498047,118.78899383544922
2020-11-05,41.64756774902344,182.92999267578125,115.45594787597656,134.642822265625,323.83203125,26.11895751953125,90.36470794677734,119.09577941894531
2020-11-06,41.65599060058594,183.19000244140625,115.32479095458984,133.0157470703125,323.75811767578125,25.811857223510742,89.1609878540039,121.21760559082031
2020-11-09,44.28425216674805,175.0800018310547,113.02196502685547,130.22036743164062,327.8263244628906,29.079689025878906,101.23272705078125,124.48133087158203
2020-11-10,45.47200012207031,175.66000366210938,112.68193054199219,129.4694061279297,327.34564208984375,29.724828720092773,100.90364074707031,126.35604858398438
2020-11-11,45.135047912597656,174.89999389648438,116.10208892822266,129.93663024902344,329.77728271484375,29.418378829956055,99.3968505859375,125.947021484375
2020-11-12,44.65488815307617,175.9600067138672,115.83002471923828,132.1479034423828,326.578125,28.41035270690918,98.17582702636719,126.37308502197266
2020-11-13,45.02553939819336,177.16000366210938,115.87863159179688,131.9727020263672,331.0995178222656,29.095809936523438,98.7906494140625,127.73655700683594
2020-11-16,45.36249542236328,177.14999389648438,116.88916015625,131.6555938720703,335.232421875,30.773168563842773,101.5791015625,128.5460662841797
2020-11-17,45.21928787231445,176.5,116.00493621826172,132.51507568359375,333.4294738769531,31.184450149536133,100.5486068725586,127.267822265625
2020-11-18,44.317935943603516,175.49000549316406,114.68347930908203,132.89892578125,329.4166259765625,30.007064819335938,99.80384826660156,125.58057403564453
2020-11-19,44.755977630615234,175.16000366210938,115.27620697021484,133.58309936523438,330.80364990234375,30.160297393798828,100.07229614257812,125.38461303710938
2020-11-20,44.368473052978516,175.69000244140625,114.0130615234375,134.76803588867188,328.5382080078125,29.789329528808594,99.21497344970703,124.71993255615234
2020-11-23,44.37690734863281,172.22999572753906,110.62201690673828,134.15054321289062,330.5077209472656,31.74087905883789,102.07269287109375,123.4499740600586
2020-11-24,44.831790924072266,169.58999633789062,111.90460205078125,132.8154296875,335.8333740234375,33.853721618652344,106.79228210449219,123.4499740600586
2020-11-25,44.58750915527344,169.50999450683594,112.74021911621094,132.4065704345703,335.3155822753906,32.91020202636719,105.67517852783203,123.28693389892578
2020-11-27,44.39374542236328,167.7899932861328,113.28434753417969,133.69155883789062,336.2494812011719,32.410213470458984,104.97372436523438,123.5615234375
2020-11-30,43.80794906616211,166.6699981689453,115.674560546875,133.52474975585938,334.7608947753906,30.74898338317871,102.08136749267578,124.1450424194336
2020-12-01,44.1815071105957,170.17999267578125,119.24053192138672,131.55592346191406,338.4223327636719,31.047359466552734,103.69208526611328,126.5218734741211
2020-12-02,44.240936279296875,171.4600067138672,119.59032440185547,130.51185607910156,339.1341857910156,32.208614349365234,105.6838150024414,127.1138916015625
2020-12-03,44.80976104736328,172.80999755859375,119.45430755615234,131.56434631347656,339.0417175292969,32.42633819580078,104.99105834960938,127.85188293457031
2020-12-04,45.718177795410156,172.32000732421875,118.78387451171875,129.6348114013672,341.9635314941406,33.61180114746094,105.94363403320312,128.94158935546875
2020-12-07,44.98804473876953,174.88999938964844,120.2413330078125,130.80422973632812,341.2608337402344,32.9827766418457,105.54528045654297,127.82613372802734
2020-12-08,45.14934539794922,175.5,120.85346221923828,131.4222869873047,342.2593688964844,34.06339645385742,105.64920043945312,130.0399627685547
2020-12-09,45.27670669555664,172.5,118.3271713256836,130.98797607421875,339.189697265625,34.51499557495117,104.8265151977539,131.36996459960938
2020-12-10,45.03898620605469,172.1699981689453,119.74578094482422,132.14901733398438,339.0788269042969,35.490753173828125,104.15106201171875,130.64059448242188
2020-12-11,45.293678283691406,172.49000549316406,118.93934631347656,132.61672973632812,338.68115234375,35.321414947509766,103.53621673583984,131.24124145507812
2020-12-14,45.22576904296875,171.5399932861328,118.3271713256836,132.2491912841797,337.164794921875,34.04725646972656,102.44508361816406,127.9119644165039
2020-12-15,45.709693908691406,173.94000244140625,124.25420379638672,131.8065643310547,341.72308349609375,34.708526611328125,104.19432830810547,129.19903564453125
2020-12-16,45.047481536865234,174.89999389648438,124.18621826171875,131.4557647705078,342.2593688964844,35.24076461791992,104.4974365234375,128.4267578125
2020-12-17,45.22576904296875,176.74000549316406,125.05097961425781,131.10792541503906,344.17340087890625,35.0633544921875,103.63147735595703,131.8161163330078
2020-12-18,45.62480163574219,176.44000244140625,123.06880187988281,130.7149200439453,342.799072265625,34.45854187011719,103.12053680419922,132.5797882080078
2020-12-21,44.83523178100586,175.8800048828125,124.59429931640625,131.2332763671875,341.5733642578125,33.82953643798828,106.99147033691406,131.30130004882812
2020-12-22,44.79277038574219,174.49000549316406,128.14080810546875,131.9105682373047,340.9976501464844,33.256961822509766,105.3634262084961,131.0438690185547
2020-12-23,45.064456939697266,175.64999389648438,127.2469253540039,130.9992218017578,341.3040771484375,33.684364318847656,108.3077392578125,130.37457275390625
2020-12-24,45.37009811401367,176.35000610351562,128.22824096679688,131.51760864257812,342.6318359375,33.547279357910156,107.83145141601562,130.829345703125
2020-12-28,45.98136901855469,175.7100067138672,132.814453125,131.57614135742188,345.57537841796875,33.66017532348633,108.54155731201172,131.4471893310547
2020-12-29,45.955902099609375,176.35000610351562,131.04603576660156,131.40890502929688,344.91607666015625,33.281158447265625,108.25580596923828,132.2623291015625
2020-12-30,46.21908187866211,177.6999969482422,129.9286346435547,131.69314575195312,345.40826416015625,33.547279357910156,108.55887603759766,133.90121459960938
2020-12-31,46.55868148803711,178.36000061035156,128.92784118652344,131.8854522705078,347.1632385253906,33.24083709716797,110.0396957397461,135.0424346923828
2021-01-04,44.79277038574219,182.3300018310547,125.74083709716797,131.7266387939453,342.4369201660156,33.466636657714844,109.00053405761719,134.287353515625
2021-01-05,44.30036163330078,182.8699951171875,127.29545593261719,130.74838256835938,344.79541015625,35.079498291015625,109.59362030029297,135.8662109375
2021-01-06,42.89104461669922,179.89999389648438,123.01052856445312,128.06434631347656,346.8567199707031,35.9746208190918,114.73970794677734,137.14471435546875
2021-01-07,42.41560363769531,179.47999572753906,127.2080307006836,126.93553924560547,352.0101623535156,36.256866455078125,118.50765228271484,137.60809326171875
2021-01-08,43.366477966308594,173.33999633789062,128.3059844970703,126.52580261230469,354.015869140625,36.660072326660156,118.63845825195312,137.324951171875
2021-01-11,42.61936569213867,173.0,125.32302856445312,126.31673431396484,351.6294860839844,37.77294158935547,120.40907287597656,136.74998474121094
2021-01-12,42.54294967651367,174.1199951171875,125.14815521240234,126.21643829345703,351.7037658691406,38.611629486083984,122.30179595947266,135.68603515625
2021-01-13,42.58540344238281,173.3699951171875,127.17888641357422,127.6378402709961,352.6509094238281,39.047096252441406,122.4151840209961,135.48008728027344
2021-01-14,41.795841217041016,173.27999877929688,125.25505065917969,126.44219970703125,351.4159240722656,40.57124328613281,123.1303482055664,137.84832763671875
2021-01-15,41.34587478637695,171.1300048828125,123.53522491455078,126.94392395019531,348.8531494140625,38.61968994140625,120.9236831665039,137.5480194091797
2021-01-19,41.184566497802734,172.5800018310547,124.20565032958984,127.35355377197266,351.5923156738281,39.385799407958984,120.40033721923828,139.67601013183594
2021-01-20,41.32889175415039,175.38999938964844,128.28659057617188,127.47908020019531,356.4578857421875,39.942222595214844,118.59489440917969,139.33279418945312
2021-01-21,41.55812454223633,175.27999877929688,132.9893341064453,126.58433532714844,356.7828674316406,38.79710388183594,117.60055541992188,138.77503967285156
2021-01-22,41.16759490966797,173.89999389648438,135.12693786621094,126.99410247802734,355.52008056640625,38.24873733520508,116.69342803955078,140.3367156982422
2021-01-25,41.41379165649414,174.0500030517578,138.86782836914062,128.49075317382812,356.9222412109375,37.82133865356445,115.23686218261719,142.42181396484375
2021-01-26,41.846771240234375,173.6199951171875,139.1009979248047,128.24827575683594,356.3651123046875,36.99071502685547,114.765869140625,146.2831268310547
2021-01-27,41.2015380859375,172.52000427246094,138.03219604492188,128.5743408203125,347.6553649902344,36.57136917114258,111.5212173461914,144.05213928222656
2021-01-28,41.72792434692383,172.67999267578125,133.2030792236328,127.86363983154297,350.645263671875,37.1439323425293,113.48369598388672,145.15045166015625
2021-01-29,40.878929138183594,172.61000061035156,128.21853637695312,127.09446716308594,343.62554931640625,36.160099029541016,112.22770690917969,139.97633361816406
2021-02-01,41.159095764160156,174.22999572753906,130.33677673339844,127.2417221069336,349.3452453613281,36.224609375,113.05632019042969,139.615966796875
2021-02-02,41.566612243652344,172.11000061035156,131.16265869140625,126.42134857177734,354.2851867675781,36.797176361083984,116.53646850585938,138.36317443847656
2021-02-03,41.405303955078125,171.85000610351562,130.14244079589844,125.29960632324219,354.5637512207031,38.24066925048828,117.87093353271484,137.71963500976562
2021-02-04,41.60906982421875,168.14999389648438,133.49459838867188,124.96484375,358.5935974121094,38.974517822265625,120.58349609375,138.9981231689453
2021-02-05,42.152408599853516,169.80999755859375,133.0810089111328,123.91836547851562,360.0049133300781,40.280921936035156,120.3480453491211,141.10897827148438
2021-02-08,42.38163757324219,171.52000427246094,133.2270050048828,124.46243286132812,362.6048278808594,42.014739990234375,122.23197937011719,141.51223754882812
2021-02-09,42.194854736328125,172.0800018310547,132.35121154785156,124.55453491210938,362.3634338378906,41.52267074584961,121.74353790283203,142.6707000732422
2021-02-10,42.10995864868164,172.7100067138672,131.7478790283203,125.38330078125,362.20556640625,41.924530029296875,121.81332397460938,143.13401794433594
2021-02-11,42.70426559448242,171.2100067138672,131.49490356445312,124.6968765258789,362.79052734375,40.874778747558594,121.47319793701172,142.49044799804688
2021-02-12,43.03536605834961,170.69000244140625,131.72842407226562,123.1481704711914,364.5826721191406,41.43245315551758,123.20018005371094,142.9366912841797
2021-02-16,42.67879104614258,168.24000549316406,129.60707092285156,121.27310943603516,364.2669372558594,42.67904281616211,126.16567993164062,141.64100646972656
2021-02-17,42.559940338134766,166.3300018310547,127.32025909423828,122.04319763183594,364.35052490234375,43.34333419799805,126.55818939208984,142.14723205566406
2021-02-18,43.1032829284668,166.32000732421875,126.2206802368164,121.5493392944336,362.79986572265625,42.66263198852539,126.98561096191406,142.21588134765625
2021-02-19,42.54294967651367,167.00999450683594,126.3763656616211,119.93360900878906,362.1591796875,42.949684143066406,129.10507202148438,139.8476104736328
2021-02-22,42.98442840576172,169.50999450683594,122.6104736328125,119.021240234375,359.37353515625,44.53250503540039,130.3174591064453,139.76132202148438
2021-02-23,42.908023834228516,169.1199951171875,122.4742431640625,118.67802429199219,359.8099365234375,45.1475944519043,131.3640899658203,138.52662658691406
2021-02-24,43.052345275878906,169.0,121.97796630859375,117.89950561523438,363.77484130859375,46.500797271728516,133.6754608154297,140.38294982910156
2021-02-25,42.59389114379883,165.82000732421875,117.7352523803711,115.97413635253906,355.00933837890625,45.729881286621094,131.86122131347656,140.5297088623047
2021-02-26,41.59207534790039,161.80999755859375,117.99799346923828,119.8081283569336,353.1801452636719,44.589908599853516,128.36366271972656,136.81703186035156
2021-03-01,42.364662170410156,161.52999877929688,124.35233306884766,118.22576141357422,361.74139404296875,46.254764556884766,131.26815795898438,137.55955505371094
2021-03-02,42.534461975097656,162.41000366210938,121.754150390625,118.23412322998047,358.9185485839844,45.9841194152832,130.8407440185547,137.3005828857422
2021-03-03,42.43257522583008,160.6199951171875,118.7764663696289,116.95179748535156,354.1644287109375,46.35317611694336,133.37014770507812,134.8829803466797
2021-03-04,42.398624420166016,159.0399932861328,116.89838409423828,116.19750213623047,349.78173828125,48.14924240112305,131.3204345703125,132.16322326660156
2021-03-05,43.120277404785156,159.13999938964844,118.15367889404297,116.42378234863281,356.21649169921875,49.96989822387695,131.62574768066406,134.77938842773438
2021-03-08,43.84191131591797,157.49000549316406,113.22978973388672,115.51860809326172,354.4429626464844,49.920692443847656,133.37014770507812,135.90182495117188
2021-03-09,43.1796875,160.83999633789062,117.83257293701172,117.11943817138672,359.5035095214844,49.1497802734375,132.4281768798828,136.1608428955078
2021-03-10,43.67211151123047,161.66000366210938,116.7524185180664,117.3541030883789,361.74139404296875,50.658790588378906,135.30650329589844,137.4127960205078
2021-03-11,43.19667434692383,161.52000427246094,118.67913818359375,116.50757598876953,365.4089660644531,50.28155517578125,134.5999755859375,137.40415954589844
2021-03-12,43.11106491088867,161.49000549316406,117.77418518066406,114.03507995605469,365.90118408203125,50.82282638549805,136.19613647460938,137.8013458251953
2021-03-15,43.68462371826172,162.1999969482422,120.65454864501953,114.70563507080078,368.0831604003906,49.52702713012695,135.51580810546875,138.50933837890625
2021-03-16,43.84727478027344,162.35000610351562,122.1920394897461,114.24462890625,367.6190185546875,48.4772834777832,133.8934783935547,139.32955932617188
2021-03-17,43.86440658569336,163.50999450683594,121.4038314819336,113.3897705078125,368.87255859375,48.69051742553711,135.2716064453125,138.81153869628906
2021-03-18,43.290828704833984,162.55999755859375,117.2876205444336,112.24154663085938,363.50555419921875,46.59101104736328,137.5044403076172,138.55252075195312
2021-03-19,43.496299743652344,163.24000549316406,116.76213836669922,112.93717956542969,362.83294677734375,46.32856750488281,135.31520080566406,138.18124389648438
2021-03-22,43.65894317626953,163.0,120.07069396972656,114.20272827148438,365.730224609375,45.85289764404297,131.67808532714844,138.57843017578125
2021-03-23,43.99280548095703,161.80999755859375,119.24356842041016,115.233642578125,362.8515319824219,45.28702163696289,130.3610382080078,138.44888305664062
2021-03-24,44.104087829589844,162.3699951171875,116.85945892333984,115.85385131835938,361.0070495605469,46.20555877685547,131.37283325195312,139.7958526611328
2021-03-25,44.53212356567383,161.77999877929688,117.34603118896484,114.94029235839844,363.0379638671875,46.07433319091797,133.05616760253906,139.8476104736328
2021-03-26,45.405303955078125,162.24000549316406,117.9493179321289,114.53803253173828,368.88824462890625,47.3291130065918,135.2716064453125,142.4033660888672
2021-03-29,46.09871292114258,160.30999755859375,118.12449645996094,113.56575775146484,368.7019348144531,47.074886322021484,133.1695098876953,143.36175537109375
2021-03-30,45.49947738647461,157.57000732421875,116.67455291748047,114.160888671875,367.7237548828125,46.492584228515625,134.73956298828125,142.47244262695312
2021-03-31,45.122802734375,159.9600067138672,118.86405944824219,113.52388763427734,369.2143249511719,45.787288665771484,132.7770233154297,141.90255737304688
2021-04-01,44.95159149169922,161.97999572753906,119.69120025634766,115.40806579589844,373.2014465332031,47.066673278808594,134.06796264648438,140.59017944335938
2021-04-05,45.208412170410156,161.9199981689453,122.51316833496094,114.90448760986328,378.55810546875,46.33676528930664,134.77857971191406,141.1082000732422
2021-04-06,45.533714294433594,163.22000122070312,122.81483459472656,115.68494415283203,378.3345031738281,46.20555877685547,133.83103942871094,141.0736541748047
2021-04-07,45.61075973510742,162.75999450683594,124.4593505859375,114.87928771972656,378.7723083496094,46.410579681396484,135.92791748046875,141.2636260986328
2021-04-08,45.473785400390625,164.50999450683594,126.85318756103516,115.82768249511719,380.57025146484375,45.92670822143555,136.09457397460938,140.71109008789062
2021-04-09,45.52515411376953,163.27000427246094,129.42213439941406,115.40806579589844,383.3370361328125,45.820091247558594,137.1123504638672,139.22598266601562
2021-04-12,45.670677185058594,162.27999877929688,127.70954895019531,115.35767364501953,383.476806640625,45.51665115356445,136.8228302001953,139.5626983642578
2021-04-13,45.4481086730957,163.42999267578125,130.813720703125,116.22209930419922,384.61334228515625,45.68888473510742,135.19093322753906,137.69773864746094
2021-04-14,45.439544677734375,162.72000122070312,128.47825622558594,115.85285186767578,383.2998352050781,47.00926208496094,132.66419982910156,138.07762145996094
2021-04-15,45.653560638427734,165.35000610351562,130.8818359375,117.79161834716797,387.4174499511719,46.73042297363281,133.50643920898438,138.48342895507812
2021-04-16,45.95317840576172,166.35000610351562,130.5509796142578,116.87675476074219,388.71234130859375,46.467994689941406,134.4978790283203,140.08074951171875
2021-04-19,46.22712326049805,165.88999938964844,131.21267700195312,116.54103088378906,386.8025817871094,46.32036590576172,133.92758178710938,140.46929931640625
2021-04-20,46.37264633178711,166.47999572753906,129.5292205810547,117.07820129394531,383.9705505371094,45.34442901611328,130.962158203125,143.74166870117188
2021-04-21,46.74932098388672,168.1300048828125,129.90869140625,117.31320190429688,387.6036376953125,45.92670822143555,132.0763397216797,143.83660888671875
2021-04-22,46.60378646850586,167.0399932861328,128.39068603515625,117.82514190673828,384.0637512207031,45.328025817871094,129.29513549804688,142.61917114257812
2021-04-23,46.62947082519531,166.39999389648438,130.7066650390625,117.54813385009766,388.2279052734375,45.57406234741211,131.76930236816406,142.91278076171875
2021-04-26,45.936058044433594,166.83999633789062,131.09585571289062,117.38030242919922,389.03839111328125,45.66426467895508,132.09388732910156,141.7039794921875
2021-04-27,45.867576599121094,166.4199981689453,130.77476501464844,116.3564224243164,388.95452880859375,46.262962341308594,132.69927978515625,140.892333984375
2021-04-28,45.876136779785156,166.91000366210938,129.986572265625,116.43193817138672,388.8427429199219,47.657169342041016,133.55905151367188,139.8562774658203
2021-04-29,46.44969177246094,166.22000122070312,129.8892364501953,116.08782196044922,391.32080078125,48.337867736816406,136.15603637695312,141.77304077148438
2021-04-30,46.20999526977539,165.66000366210938,127.92359924316406,116.3564224243164,388.7495422363281,46.94366455078125,134.9453125,140.5038299560547
2021-05-03,46.63801956176758,167.80999755859375,128.97454833984375,116.42618560791016,389.5879821777344,48.23945617675781,134.5504913330078,142.64511108398438
2021-05-04,46.34696578979492,166.5800018310547,124.41070556640625,117.21624755859375,387.1845397949219,48.54289627075195,136.4104766845703,144.85545349121094
2021-05-05,46.22712326049805,167.27000427246094,124.65399169921875,117.4095458984375,387.3056640625,50.00270080566406,138.2002716064453,144.25106811523438
2021-05-06,46.689388275146484,170.05999755859375,126.24988555908203,117.60284423828125,390.3985290527344,50.47837448120117,140.98147583007812,144.82955932617188
2021-05-07,46.663700103759766,171.58999633789062,126.92244720458984,117.02294158935547,393.2398986816406,51.20008087158203,141.46400451660156,145.4857635498047
2021-05-10,47.00613021850586,172.11000061035156,123.64727783203125,115.83785247802734,389.3457946777344,51.32310485839844,141.44647216796875,147.0139617919922
2021-05-11,46.50106430053711,172.13999938964844,122.73101806640625,115.1822509765625,385.87103271484375,49.6910514831543,139.0951690673828,145.8138885498047
2021-05-12,46.2613639831543,170.42999267578125,119.6702880859375,113.971923828125,377.6730651855469,49.95732116699219,138.1388397216797,145.22671508789062
2021-05-13,46.663700103759766,171.1300048828125,121.81475067138672,114.14842224121094,382.20989990234375,49.341590881347656,141.69210815429688,146.74632263183594
2021-05-14,46.85203552246094,172.69000244140625,124.23212432861328,115.21586608886719,388.0787658691406,50.564735412597656,143.89425659179688,146.97084045410156
2021-05-17,46.77498245239258,174.6999969482422,123.0819320678711,114.97212219238281,387.0913391113281,51.74626541137695,144.47332763671875,147.11761474609375
2021-05-18,46.5181770324707,175.0399932861328,121.69775390625,114.67794036865234,383.75628662109375,50.281822204589844,142.4379119873047,147.16941833496094
2021-05-19,46.37264633178711,175.16000366210938,121.54182434082031,114.40059661865234,382.7501525878906,49.07533645629883,141.34994506835938,146.8499755859375
2021-05-20,46.78355407714844,175.9600067138672,124.09564971923828,115.34190368652344,386.8677673339844,48.95883560180664,141.1043243408203,147.70474243164062
2021-05-21,46.75787353515625,176.0399932861328,122.26313018798828,115.71174621582031,386.5509948730469,49.0254020690918,142.7098388671875,147.60977172851562
2021-05-24,46.91196823120117,176.35000610351562,123.89098358154297,116.14036560058594,390.49163818359375,49.59953689575195,143.48187255859375,148.17446899414062
2021-05-25,46.90340805053711,177.9499969482422,123.69601440429688,117.21624755859375,389.6252746582031,48.47624206542969,141.99917602539062,147.76612854003906
2021-05-26,47.10884475708008,177.63999938964844,123.64727783203125,117.01457977294922,390.3985290527344,49.042057037353516,141.981689453125,146.88865661621094
2021-05-27,47.50264358520508,177.7100067138672,122.11693572998047,116.54383087158203,390.6034240722656,48.725868225097656,144.1925811767578,146.6627960205078
2021-05-28,47.3314323425293,178.3800048828125,121.46385192871094,116.35894012451172,391.3021545410156,48.567771911621094,144.0960693359375,147.04502868652344
2021-06-01,47.32286834716797,177.89999389648438,121.14215087890625,116.33283233642578,390.95745849609375,50.306793212890625,145.68406677246094,143.81304931640625
2021-06-02,47.51119613647461,178.77000427246094,121.90247344970703,116.60218811035156,391.572265625,50.706180572509766,145.69284057617188,144.39515686035156
2021-06-03,47.63105773925781,175.27000427246094,120.42085266113281,116.16445922851562,390.1190490722656,50.90587615966797,145.78936767578125,144.25613403320312
2021-06-04,48.144683837890625,177.16000366210938,122.7115249633789,117.7553482055664,393.6868896484375,51.13053512573242,146.0262451171875,144.1953582763672
2021-06-07,47.973472595214844,177.8699951171875,122.72126770019531,117.39342498779297,393.3050537109375,50.79770278930664,145.34190368652344,143.21359252929688
2021-06-08,47.639610290527344,177.32000732421875,123.54003143310547,118.21825408935547,393.3887939453125,51.696346282958984,144.76283264160156,141.9538116455078
2021-06-09,47.494083404541016,176.97999572753906,123.92020416259766,119.26203155517578,392.8019714355469,52.129024505615234,142.9555206298828,143.86521911621094
2021-06-10,47.862186431884766,177.74000549316406,122.92595672607422,119.9774398803711,394.6278076171875,52.21222686767578,140.72703552246094,145.1597137451172
2021-06-11,48.076210021972656,175.74000549316406,124.13462829589844,119.78388214111328,395.280029296875,51.72962951660156,140.63050842285156,143.31784057617188
2021-06-14,47.912322998046875,174.7100067138672,127.18560791015625,118.86637878417969,396.1650085449219,51.64642333984375,138.244140625,143.67404174804688
2021-06-15,47.79158020019531,174.0500030517578,126.36685180664062,118.72325897216797,395.4383544921875,53.52689743041992,136.14724731445312,142.9095001220703
2021-06-16,47.153324127197266,171.11000061035156,126.86394500732422,118.62230682373047,393.2305603027344,53.33551788330078,137.10357666015625,142.85743713378906
2021-06-17,47.39481735229492,165.85000610351562,128.46255493164062,120.3983154296875,393.1000671386719,51.57986068725586,133.146728515625,143.543701171875
2021-06-18,46.3770637512207,164.92999267578125,127.1661376953125,122.66251373291016,387.7969665527344,50.25687026977539,129.7776641845703,140.7288360595703
2021-06-21,46.88594055175781,166.9499969482422,128.95970153808594,120.60871887207031,393.3486633300781,52.079097747802734,131.97984313964844,142.3448028564453
2021-06-22,47.05844497680664,166.25,130.59725952148438,120.9032974243164,395.4516296386719,53.077579498291016,131.786865234375,142.15362548828125
2021-06-23,46.67893600463867,166.13999938964844,130.32435607910156,120.59188079833984,394.9748840332031,53.46864700317383,132.58518981933594,141.29354858398438
2021-06-24,46.91182327270508,166.0399932861328,130.04164123535156,120.78545379638672,397.3115539550781,53.68497848510742,133.80471801757812,141.9364776611328
2021-06-25,46.8514518737793,166.58999633789062,129.74920654296875,119.5313720703125,398.7227783203125,53.801475524902344,135.15586853027344,142.66629028320312
2021-06-28,46.799686431884766,166.5800018310547,131.37705993652344,120.76020050048828,399.5265808105469,52.42855453491211,135.4015350341797,142.5011749267578
2021-06-29,46.4547004699707,164.8300018310547,132.88792419433594,120.96222686767578,399.74151611328125,52.10405349731445,135.2347869873047,142.50987243652344
2021-06-30,46.670310974121094,165.6300048828125,133.5020294189453,121.5009536743164,400.0780334472656,52.48680877685547,136.46310424804688,143.12672424316406
2021-07-01,46.54094314575195,166.1999969482422,133.80418395996094,121.50763702392578,402.29315185546875,52.63657760620117,137.81423950195312,144.18666076660156
2021-07-02,46.73069381713867,167.2899932861328,136.42628479003906,122.2409439086914,405.3680725097656,52.56169509887695,137.68185424804688,146.81045532226562
2021-07-06,46.47193908691406,168.1199951171875,138.43423461914062,123.67374420166016,404.629638671875,51.063968658447266,135.36996459960938,145.93295288085938
2021-07-07,46.8514518737793,168.75999450683594,140.91990661621094,124.76935577392578,406.05963134765625,50.265193939208984,135.52879333496094,147.18402099609375
2021-07-08,46.68757247924805,168.64999389648438,139.62344360351562,125.25817108154297,402.7510986328125,50.040523529052734,133.19041442871094,146.89732360839844
2021-07-09,46.97219467163086,169.2100067138672,141.4462432861328,123.49671173095703,407.05035400390625,50.94748306274414,137.45245361328125,147.47938537597656
2021-07-12,46.989444732666016,169.0,140.85166931152344,123.33662414550781,408.5084228515625,50.89755630493164,139.42019653320312,147.24485778808594
2021-07-13,47.45519256591797,169.22000122070312,141.96286010742188,122.39260864257812,407.1157531738281,50.65625762939453,137.34652709960938,147.06240844726562
2021-07-14,48.52470779418945,171.0399932861328,145.38426208496094,123.78324890136719,407.7232666015625,49.5329704284668,136.8788299560547,148.06153869628906
2021-07-15,48.679962158203125,171.07000732421875,144.7311553955078,125.14859771728516,406.3306884765625,49.05036163330078,137.17889404296875,146.28045654296875
2021-07-16,48.64545822143555,169.41000366210938,142.6939239501953,124.91261291503906,403.1435852050781,47.694095611572266,134.04637145996094,146.04591369628906
2021-07-19,48.06757736206055,169.61000061035156,138.85342407226562,127.65178680419922,397.1900634765625,46.054927825927734,129.68728637695312,144.98597717285156
2021-07-20,48.153831481933594,169.38999938964844,142.45997619628906,126.42125701904297,402.8819274902344,46.56248092651367,132.10507202148438,146.34996032714844
2021-07-21,48.77483367919922,168.75999450683594,141.7289276123047,124.8199462890625,406.1437683105469,48.060211181640625,134.88465881347656,147.2535400390625
2021-07-22,48.70583724975586,169.08999633789062,143.0935821533203,125.99984741210938,406.99432373046875,47.51936340332031,133.18157958984375,147.6792755126953
2021-07-23,49.17158508300781,168.55999755859375,144.80911254882812,125.15705108642578,411.181396484375,47.46112823486328,132.9257049560547,149.2517852783203
2021-07-26,49.21471405029297,168.16000366210938,145.22830200195312,124.78620147705078,412.1907958984375,48.65930938720703,133.81690979003906,149.3212890625
2021-07-27,49.38722610473633,168.44000244140625,143.06434631347656,126.11785888671875,410.3122863769531,48.11845016479492,133.64047241210938,150.00765991210938
2021-07-28,48.9387092590332,169.2899932861328,141.31954956054688,126.12627410888672,410.1440124511719,48.44295883178711,133.86109924316406,149.59060668945312
2021-07-29,49.20608901977539,171.1699981689453,141.96286010742188,125.42674255371094,411.8450927734375,49.03373718261719,135.00819396972656,149.59060668945312
2021-07-30,49.1888427734375,169.82000732421875,142.1773223876953,126.01670837402344,409.8449401855469,47.90211868286133,133.931640625,149.60800170898438
2021-08-02,49.05946731567383,169.61000061035156,141.84588623046875,127.14067840576172,408.9849853515625,47.910438537597656,133.3933868408203,149.66876220703125
2021-08-03,49.09396743774414,169.49000549316406,143.63943481445312,127.208251953125,412.31243896484375,48.42631912231445,134.91107177734375,151.51068115234375
2021-08-04,48.3867073059082,169.52999877929688,143.23976135253906,127.46979522705078,410.28424072265625,47.294708251953125,133.4551239013672,150.61581420898438
2021-08-05,48.73171615600586,168.86000061035156,143.34701538085938,126.81999969482422,412.8825378417969,47.5942497253418,135.1405487060547,150.9025115966797
2021-08-06,48.85246276855469,164.63999938964844,142.66363525390625,124.70208740234375,413.5647277832031,48.14341735839844,138.97901916503906,150.39859008789062
2021-08-09,48.86109161376953,161.72000122070312,142.61483764648438,124.25470733642578,413.2282409667969,47.5942497253418,138.82899475097656,150.91990661621094
2021-08-10,48.9904670715332,161.77000427246094,142.1365509033203,123.680908203125,413.7423095703125,48.40967559814453,140.5320587158203,150.97198486328125
2021-08-11,48.93008804321289,164.0,142.39031982421875,123.60507202148438,414.7704772949219,48.55113220214844,142.20863342285156,150.99807739257812
2021-08-12,49.024959564208984,164.0399932861328,145.3482666015625,123.40250396728516,416.0135192871094,48.441322326660156,142.7645263671875,152.21438598632812
2021-08-13,49.36134338378906,166.38999938964844,145.55325317382812,125.35179138183594,416.7705383300781,47.951416015625,141.16737365722656,153.12664794921875
2021-08-16,49.576969146728516,167.22000122070312,147.5251922607422,125.65555572509766,417.7518615722656,47.2503547668457,140.24081420898438,154.50804138183594
2021-08-17,49.40447235107422,166.97000122070312,146.61732482910156,125.6048812866211,415.0134582519531,46.92938232421875,138.54664611816406,155.92417907714844
2021-08-18,48.73171615600586,167.10000610351562,142.87843322753906,126.02681732177734,410.4710693359375,45.941123962402344,137.2847900390625,153.94329833984375
2021-08-19,49.04221725463867,166.61000061035156,143.21035766601562,126.95509338378906,411.10662841796875,44.53898620605469,136.1376495361328,155.14230346679688
2021-08-20,48.85246276855469,166.6999969482422,144.6649169921875,127.0394515991211,414.37786865234375,44.54743576049805,136.5259246826172,155.89810180664062
2021-08-23,48.679962158203125,168.72999572753906,146.14874267578125,126.95509338378906,418.02294921875,46.38035202026367,138.2730712890625,155.2251739501953
2021-08-24,48.30908966064453,168.64999389648438,146.06089782714844,125.96778106689453,418.6865539550781,46.76045227050781,139.1290283203125,153.28497314453125
2021-08-25,48.36083221435547,167.47999572753906,144.8308563232422,124.92140197753906,419.56512451171875,46.84490966796875,141.99684143066406,152.2711639404297
2021-08-26,47.90370178222656,167.6699981689453,144.03036499023438,125.26737213134766,417.0883483886719,46.21142578125,142.72918701171875,151.45840454101562
2021-08-27,47.99858474731445,170.19000244140625,145.06517028808594,126.11965942382812,420.8175048828125,47.106754302978516,143.87637329101562,151.13499450683594
2021-08-30,48.4556999206543,169.35000610351562,149.4776611328125,126.4487533569336,422.66802978515625,46.59152603149414,141.5732879638672,151.7730255126953
2021-08-31,48.567832946777344,169.69000244140625,148.21832275390625,125.58804321289062,422.0418701171875,46.050933837890625,141.140869140625,151.30979919433594
2021-09-01,48.89558410644531,169.6999969482422,148.88217163085938,125.79841613769531,422.2662048339844,45.41743469238281,140.93797302246094,151.8429412841797
2021-09-02,48.96459197998047,169.25,149.99501037597656,126.34757232666016,423.5653076171875,46.523948669433594,141.5909423828125,152.8829345703125
2021-09-03,48.93008804321289,171.05999755859375,150.6295928955078,125.19853973388672,423.46258544921875,46.346561431884766,140.73500061035156,152.97906494140625
2021-09-07,48.015838623046875,167.7100067138672,152.96267700195312,124.14234924316406,421.9483642578125,46.07627487182617,140.48789978027344,150.60189819335938
2021-09-08,48.662715911865234,167.2899932861328,151.42027282714844,124.98731994628906,421.434326171875,45.65393829345703,139.8614044189453,150.23480224609375
2021-09-09,48.1796989440918,168.02999877929688,150.405029296875,126.49967956542969,419.6305236816406,45.68773651123047,140.4702606201172,146.8875732421875
2021-09-10,47.96408462524414,167.17999267578125,145.42637634277344,125.38444519042969,416.3219299316406,45.594818115234375,138.85548400878906,145.92620849609375
2021-09-13,48.36083221435547,167.74000549316406,145.9925537109375,126.14488983154297,417.38739013671875,46.768898010253906,141.0615234375,144.90367126464844
2021-09-14,48.39559555053711,168.82000732421875,144.5965576171875,127.67412567138672,415.1349182128906,46.10160827636719,138.59954833984375,144.02969360351562
2021-09-15,48.56071090698242,167.8300018310547,145.48489379882812,127.22631072998047,418.6024475097656,47.65578842163086,139.5614013671875,144.57151794433594
2021-09-16,48.10012435913086,164.02999877929688,145.2506103515625,126.64330291748047,417.9388732910156,47.14900207519531,139.4996337890625,144.39669799804688
2021-09-17,47.309322357177734,163.77000427246094,142.5855712890625,126.03495788574219,413.8677062988281,46.59152603149414,139.13780212402344,143.9860382080078
2021-09-20,46.979095458984375,164.94000244140625,139.53982543945312,127.59808349609375,406.9667663574219,45.3498649597168,134.97288513183594,143.16444396972656
2021-09-21,46.970394134521484,166.0399932861328,140.01815795898438,127.4883041381836,406.58233642578125,45.30762481689453,134.99053955078125,143.79368591308594
2021-09-22,47.0399284362793,165.4199981689453,142.38058471679688,128.24862670898438,410.5484619140625,46.633750915527344,137.57598876953125,143.26930236816406
2021-09-23,46.96171951293945,163.50999450683594,143.33726501464844,125.3505859375,415.53668212890625,48.21327209472656,142.2262725830078,144.08212280273438
2021-09-24,46.831363677978516,163.3000030517578,143.4251251220703,124.12549591064453,416.2210998535156,48.644039154052734,143.86749267578125,143.6450958251953
2021-09-27,46.58803939819336,163.63999938964844,141.91197204589844,123.66929626464844,415.0303039550781,50.08841323852539,147.3441925048828,142.60513305664062
2021-09-28,45.74509811401367,162.0500030517578,138.53428649902344,121.74283599853516,406.6667175292969,50.61210250854492,146.550048828125,142.2904510498047
2021-09-29,46.02317428588867,161.32000732421875,139.43243408203125,121.95406341552734,407.3511657714844,50.57831954956055,146.43533325195312,143.34799194335938
2021-09-30,45.59736251831055,164.22000122070312,138.13406372070312,121.93720245361328,402.37237548828125,49.68297576904297,144.44110107421875,141.1455841064453
2021-10-01,46.0753173828125,164.58999633789062,139.25668334960938,122.96343231201172,407.1542053222656,51.4652099609375,147.47659301757812,140.24537658691406
2021-10-04,46.04924774169922,165.36000061035156,135.8301544189453,122.65036010742188,401.9035949707031,52.13248825073242,147.31771850585938,139.15298461914062
2021-10-05,46.12746047973633,164.58999633789062,137.75331115722656,121.46598052978516,406.08538818359375,52.04802322387695,149.72349548339844,139.4675750732422
2021-10-06,46.67494201660156,165.02999877929688,138.6221466064453,122.15120697021484,407.7731018066406,51.093563079833984,150.04306030273438,139.75601196289062
2021-10-07,46.82267379760742,164.16000366210938,139.8814239501953,120.87379455566406,411.29852294921875,51.237152099609375,150.99290466308594,141.0057373046875
2021-10-08,47.031227111816406,164.22999572753906,139.50071716308594,120.02782440185547,410.5484619140625,52.52103042602539,151.1083221435547,140.64744567871094
2021-10-11,47.1268310546875,163.9199981689453,139.4128875732422,119.72328186035156,407.5762023925781,51.99735641479492,147.93028259277344,140.05311584472656
2021-10-12,47.1268310546875,164.66000366210938,138.14381408691406,121.77054595947266,406.5729064941406,51.72705841064453,146.79396057128906,137.8157958984375
2021-10-13,47.135520935058594,167.58999633789062,137.55809020996094,122.95494079589844,408.03558349609375,51.58346176147461,142.92347717285156,139.13543701171875
2021-10-14,47.45705032348633,168.0,140.3402862548828,123.4117660522461,414.8990783691406,52.36899948120117,145.11619567871094,139.93077087402344
2021-10-15,47.34407424926758,165.3300018310547,141.39459228515625,122.69268035888672,418.05889892578125,52.86735153198242,147.90362548828125,140.9707489013672
2021-10-18,46.874813079833984,164.9199981689453,143.0639190673828,123.26792907714844,419.2965087890625,52.842018127441406,147.8503875732422,139.93948364257812
2021-10-19,47.05730438232422,165.4499969482422,145.22134399414062,121.5674819946289,422.53131103515625,53.6359977722168,149.64356994628906,143.21685791015625
2021-10-20,47.474430084228516,166.89999389648438,145.70947265625,120.74689483642578,424.1909484863281,53.931617736816406,151.6587371826172,143.1382293701172
2021-10-21,47.23110580444336,166.75,145.92422485351562,120.60305786132812,425.29730224609375,52.95182418823242,150.46914672851562,142.8060760498047
2021-10-22,47.31801223754883,167.77000427246094,145.15298461914062,121.93123626708984,424.8565368652344,53.31502151489258,152.49314880371094,143.08578491210938
2021-10-25,47.1268310546875,168.92999267578125,145.1041717529297,121.74513244628906,427.1350402832031,54.35395812988281,151.7474822998047,143.40042114257812
2021-10-26,47.335391998291016,167.67999267578125,145.76800537109375,122.75186157226562,427.51947021484375,55.61250305175781,152.1558380126953,144.8599395751953
2021-10-27,48.24785614013672,168.1199951171875,145.3092041015625,124.98528289794922,425.6254577636719,54.168121337890625,148.98666381835938,143.10325622558594
2021-10-28,48.69975662231445,168.0800018310547,148.9407196044922,124.56224822998047,429.7323303222656,54.32016372680664,151.23260498046875,142.32546997070312
2021-10-29,48.98652267456055,166.64999389648438,146.23658752441406,124.94300079345703,430.6042785644531,54.45530700683594,150.8153839111328,142.35165405273438
2021-11-01,48.81271743774414,167.52000427246094,145.41659545898438,124.04340362548828,431.34503173828125,55.43511962890625,150.73545837402344,142.4739990234375
2021-11-02,48.75189208984375,167.16000366210938,146.4513702392578,124.593994140625,433.0889892578125,54.750938415527344,151.3302459716797,144.72010803222656
2021-11-03,48.91700744628906,165.77000427246094,147.8863983154297,123.30650329589844,435.7330627441406,53.99919128417969,151.38351440429688,144.25689697265625
2021-11-04,49.1864013671875,167.64999389648438,147.3690185546875,124.60242462158203,437.7865295410156,54.40464401245117,149.39501953125,143.85488891601562
2021-11-05,49.39496612548828,169.83999633789062,147.89694213867188,126.46598052978516,439.3054504394531,54.91987991333008,149.18199157714844,142.83233642578125
2021-11-08,48.95176315307617,170.4499969482422,147.07569885253906,126.22883605957031,439.68048095703125,55.511146545410156,150.0785675048828,142.34291076660156
2021-11-09,49.0908088684082,171.2899932861328,147.4374542236328,127.87212371826172,438.2271423339844,56.051719665527344,148.9422607421875,142.0282440185547
2021-11-10,49.29069519042969,173.14999389648438,144.61207580566406,125.53422546386719,434.7017517089844,54.94746398925781,148.80023193359375,143.56646728515625
2021-11-11,49.30805969238281,174.1199951171875,144.56317138671875,125.3478775024414,434.84234619140625,55.050193786621094,148.7913818359375,142.5089569091797
2021-11-12,49.195091247558594,174.4499969482422,146.63580322265625,124.7972412109375,438.1239929199219,54.63074493408203,148.1255645751953,144.2132110595703
2021-11-15,49.203773498535156,174.17999267578125,146.6455535888672,123.2302474975586,438.2740783691406,55.10154724121094,147.85923767089844,142.9110107421875
2021-11-16,48.85617446899414,172.9199981689453,147.62322998046875,122.91671752929688,440.0086364746094,55.657958984375,146.79396057128906,142.1680908203125
2021-11-17,48.58677291870117,174.5,150.05751037597656,123.89086151123047,438.939697265625,55.050193786621094,146.00390625,142.7012481689453
2021-11-18,48.15227127075195,173.94000244140625,154.33953857421875,124.35681915283203,440.4305725097656,54.45098114013672,144.74334716796875,141.93212890625
2021-11-19,47.9089469909668,172.61000061035156,156.9595947265625,125.66972351074219,439.6429443359375,51.934303283691406,142.85250854492188,142.3603973388672
2021-11-22,48.20440673828125,168.74000549316406,157.41908264160156,124.19585418701172,438.4053039550781,52.65335464477539,145.89739990234375,140.48663330078125
2021-11-23,48.56071090698242,167.27999877929688,157.80038452148438,122.40007781982422,438.9866027832031,54.04009246826172,149.38613891601562,141.35755920410156
2021-11-24,48.16965103149414,167.1199951171875,158.31857299804688,124.36527252197266,440.15869140625,54.33969497680664,148.21435546875,140.96170043945312
2021-11-26,46.692317962646484,166.85000610351562,153.30325317382812,127.50784301757812,430.3418273925781,52.4307975769043,143.74908447265625,140.0467987060547
2021-11-29,47.43098068237305,166.6199951171875,156.65658569335938,126.48296356201172,435.6205749511719,52.72182846069336,143.127685546875,140.53062438964844
2021-11-30,45.933441162109375,165.5,161.6033935546875,128.40567016601562,427.1444396972656,51.223812103271484,140.9971160888672,137.1702423095703
2021-12-01,45.80207443237305,166.16000366210938,161.08529663085938,129.19786071777344,422.4000549316406,51.181007385253906,140.16268920898438,139.06153869628906
2021-12-02,46.476409912109375,165.24000549316406,160.0978546142578,129.35899353027344,428.86962890625,52.45646667480469,143.10997009277344,138.19064331054688
2021-12-03,46.88801956176758,166.6300048828125,158.22079467773438,130.90248107910156,425.1379089355469,52.12263107299805,140.51779174804688,140.20513916015625
2021-12-06,48.08780288696289,166.22000122070312,161.62294006347656,129.1045684814453,430.1729431152344,52.7132682800293,142.17779541015625,143.3368682861328
2021-12-07,48.350528717041016,166.80999755859375,167.35191345214844,128.0613555908203,439.07098388671875,53.303916931152344,144.31724548339844,143.70632934570312
2021-12-08,48.166622161865234,166.89999389648438,171.16473388671875,125.84790802001953,440.23358154296875,53.458011627197266,142.66607666015625,144.56842041015625
2021-12-09,48.04402160644531,165.8800048828125,170.65635681152344,126.55181884765625,437.26141357421875,53.5949592590332,142.44415283203125,145.94073486328125
2021-12-10,49.28757858276367,166.5800018310547,175.4369659423828,126.2464599609375,441.3775939941406,53.93737030029297,141.8760223388672,145.58006286621094
2021-12-13,50.58370590209961,167.0,171.8099822998047,128.11236572265625,437.4677429199219,52.756072998046875,140.1892852783203,148.1839141845703
2021-12-14,50.61873245239258,165.44000244140625,170.4314727783203,127.80701446533203,434.4578857421875,52.67903137207031,141.2634735107422,149.80258178710938
2021-12-15,50.846439361572266,166.14999389648438,175.2903594970703,126.57722473144531,441.2463073730469,52.44791030883789,140.20709228515625,150.55030822753906
2021-12-16,51.36313247680664,168.16000366210938,168.4077606201172,126.6264877319336,437.3551025390625,52.53350067138672,142.39976501464844,152.19534301757812
2021-12-17,50.55744934082031,167.8000030517578,167.31280517578125,128.0613250732422,432.700439453125,51.3864631652832,139.1595458984375,147.99037170410156
2021-12-20,50.39103698730469,167.08999633789062,165.95388793945312,127.10197448730469,428.0993957519531,50.641719818115234,136.65618896484375,147.56817626953125
2021-12-21,50.59245681762695,167.02000427246094,169.12147521972656,126.61801147460938,435.7019348144531,51.78877639770508,138.56475830078125,147.09312438964844
2021-12-22,50.9515266418457,168.58999633789062,171.7122039794922,127.203857421875,440.0584716796875,52.20822525024414,139.1062774658203,147.72650146484375
2021-12-23,50.986568450927734,168.97000122070312,172.33786010742188,126.10009765625,442.7965393066406,52.233909606933594,139.6034393310547,148.0080108642578
2021-12-27,51.36313247680664,169.3699951171875,176.29727172851562,126.40574645996094,449.06304931640625,52.978633880615234,140.40237426757812,149.2571563720703
2021-12-28,51.56455612182617,168.63999938964844,175.28053283691406,125.90480041503906,448.69610595703125,52.80744171142578,140.8284912109375,149.8553924560547
2021-12-29,51.62586975097656,168.58999633789062,175.36856079101562,124.52936553955078,449.2699890136719,52.345191955566406,140.75747680664062,150.91098022460938
2021-12-30,51.47697448730469,169.8000030517578,174.21490478515625,125.57365417480469,448.02801513671875,52.03702926635742,140.6864471435547,151.57955932617188
2021-12-31,51.853553771972656,170.9600067138672,173.59902954101562,125.81993103027344,446.89892578125,52.379425048828125,140.57102966308594,150.48873901367188
2022-01-03,51.932373046875,168.3300018310547,177.93972778320312,122.51713562011719,449.4864501953125,54.39106369018555,143.54490661621094,150.90219116210938
2022-01-04,52.799373626708984,169.57000732421875,175.68138122558594,122.00763702392578,449.3359069824219,56.43693542480469,148.98666381835938,150.49749755859375
2022-01-05,53.23725509643555,169.05999755859375,171.00830078125,121.34547424316406,440.7076721191406,57.13886642456055,146.26287841796875,151.50039672851562
2022-01-06,52.9570198059082,166.99000549316406,168.15359497070312,121.65961456298828,440.293701171875,58.48281478881836,147.81680297851562,150.9813232421875
2022-01-07,52.83440017700195,167.75,168.31973266601562,120.78507995605469,438.552978515625,58.962158203125,149.28135681152344,153.0222625732422
2022-01-10,52.92197799682617,168.25999450683594,168.3393096923828,121.08221435546875,438.0072021484375,58.611209869384766,149.42430114746094,152.2657470703125
2022-01-11,52.93949890136719,170.2899932861328,171.16473388671875,121.88884735107422,441.99676513671875,61.07651901245117,149.57611083984375,150.6470489501953
2022-01-12,53.018314361572266,170.74000549316406,171.6046600341797,121.42184448242188,443.1917419433594,60.89676284790039,150.42445373535156,149.3627166748047
2022-01-13,53.33358383178711,170.16000366210938,168.3393096923828,122.50012969970703,437.0851745605469,60.46018600463867,150.2368927001953,148.45664978027344
2022-01-14,53.76271438598633,169.6699981689453,169.1996612548828,120.64929962158203,437.2638854980469,61.52164840698242,141.00282287597656,147.6473388671875
2022-01-18,53.33358383178711,169.38999938964844,166.00279235839844,118.95114135742188,429.5201416015625,62.557437896728516,135.0908966064453,146.99636840820312
2022-01-19,53.42116165161133,172.0800018310547,162.5126190185547,119.77471160888672,425.0601806640625,62.58310317993164,133.0011444091797,146.5389404296875
2022-01-20,53.20222473144531,171.64999389648438,160.83106994628906,120.51336669921875,420.3555603027344,62.72005844116211,131.8670196533203,145.36892700195312
2022-01-21,52.93949890136719,171.08999633789062,158.77804565429688,121.94829559326172,412.1037292480469,61.7784538269043,129.5629119873047,145.03468322753906
2022-01-24,52.510372161865234,172.02999877929688,158.00575256347656,120.94639587402344,413.85382080078125,62.30917739868164,129.44686889648438,143.36325073242188
2022-01-25,52.38776779174805,172.5800018310547,156.20684814453125,120.75111389160156,408.8011169433594,64.14103698730469,130.85787963867188,147.46258544921875
2022-01-26,52.195098876953125,169.7899932861328,156.1188507080078,119.290771484375,407.7754821777344,63.490482330322266,132.09918212890625,148.12234497070312
2022-01-27,52.238895416259766,167.60000610351562,155.65933227539062,121.48131561279297,405.76190185546875,64.3036880493164,129.76834106445312,150.0664825439453
2022-01-28,53.281036376953125,167.10000610351562,166.5209503173828,121.52372741699219,415.8392333984375,64.44066619873047,130.92930603027344,151.1221160888672
2022-01-31,53.42991638183594,168.08999633789062,170.87142944335938,120.89545440673828,423.3289489746094,65.02273559570312,132.7064666748047,151.56195068359375
2022-02-01,53.03582000732422,168.22999572753906,170.70523071289062,120.49414825439453,426.18939208984375,69.19152069091797,134.9836883544922,150.32159423828125
2022-02-02,53.57879638671875,168.83999633789062,171.90769958496094,120.90229034423828,430.3293762207031,69.01175689697266,133.90313720703125,151.98422241210938
2022-02-03,53.95537185668945,168.60000610351562,169.03343200683594,119.95848846435547,420.2143859863281,68.20709991455078,132.79574584960938,151.97543334960938
2022-02-04,53.38612747192383,168.86000061035156,168.7495574951172,118.19001007080078,422.1904296875,69.6880111694336,136.24288940429688,150.9813232421875
2022-02-07,53.94661331176758,170.11000061035156,168.0350341796875,118.26655578613281,420.8354797363281,70.52689361572266,136.69837951660156,150.47994995117188
2022-02-08,54.29691696166992,170.6300048828125,171.13803100585938,117.4758529663086,424.2980651855469,68.70359802246094,139.27037048339844,150.8757781982422
2022-02-09,53.4561882019043,171.2100067138672,172.55743408203125,117.69689178466797,430.5081787109375,68.37470245361328,139.85081481933594,150.8582000732422
2022-02-10,53.75394821166992,170.55999755859375,168.48524475097656,115.8263931274414,422.77374267578125,67.7169189453125,139.27037048339844,149.03726196289062
2022-02-11,52.799373626708984,173.80999755859375,165.07879638671875,117.54377746582031,414.437255859375,69.4219741821289,137.4574737548828,147.53294372558594
2022-02-14,53.14091873168945,174.74000549316406,165.313720703125,116.08145904541016,413.08233642578125,68.35739135742188,136.180419921875,145.6768341064453
2022-02-15,53.342342376708984,173.0800018310547,169.14112854003906,114.76362609863281,419.7439880371094,67.50054931640625,138.17189025878906,147.18109130859375
2022-02-16,53.33358383178711,174.86000061035156,168.9062042236328,115.44381713867188,420.2143859863281,67.8121337890625,138.42196655273438,147.09312438964844
2022-02-17,54.40201187133789,177.25,165.313720703125,116.30249786376953,411.23809814453125,67.7082748413086,135.2337646484375,146.1958770751953
2022-02-18,54.76982498168945,177.1199951171875,163.7670440673828,117.52684020996094,408.5753173828125,66.95527648925781,135.8678436279297,144.62879943847656
2022-02-22,54.54212188720703,177.49000549316406,160.85000610351562,117.83293151855469,404.19061279296875,66.17632293701172,135.62672424316406,142.663330078125
2022-02-23,53.93785858154297,178.2899932861328,156.6897430419922,116.20896911621094,397.02081298828125,66.44462585449219,132.78683471679688,142.73419189453125
2022-02-24,52.99203872680664,177.13999938964844,159.30335998535156,116.2854995727539,402.9956359863281,65.60508728027344,129.08963012695312,140.00735473632812
2022-02-25,55.04130554199219,176.5500030517578,161.36880493164062,116.37054443359375,411.8873596191406,67.3707275390625,132.14382934570312,146.96609497070312
2022-02-28,54.507102966308594,178.3800048828125,161.6331024169922,118.9212417602539,410.83349609375,67.87271881103516,126.63378143310547,145.70005798339844
2022-03-01,54.27064895629883,181.6199951171875,159.75364685058594,120.29613494873047,404.57635498046875,68.5218505859375,121.85595703125,145.19544982910156
2022-03-02,54.673492431640625,179.72999572753906,163.042724609375,116.18412780761719,412.0190124511719,69.69891357421875,124.38329315185547,147.00148010253906
2022-03-03,54.70853042602539,180.8000030517578,162.71966552734375,117.36749267578125,409.9678955078125,70.14033508300781,123.4991683959961,149.16172790527344
2022-03-04,54.796104431152344,183.67999267578125,159.7242889404297,119.39374542236328,406.6369934082031,72.78011322021484,120.02522277832031,150.0470733642578
2022-03-07,53.49122619628906,186.41000366210938,155.9359893798828,118.48274993896484,394.64971923828125,75.402587890625,115.39033508300781,152.4640350341797
2022-03-08,51.37188720703125,191.50999450683594,154.1152801513672,117.29088592529297,391.6575927734375,75.97381591796875,114.57764434814453,149.37420654296875
2022-03-09,51.63461685180664,185.82000732421875,159.50894165039062,116.14159393310547,402.158203125,71.65496063232422,119.16790771484375,149.94081115722656
2022-03-10,50.68880844116211,186.39999389648438,155.17247009277344,114.4729232788086,400.3423156738281,73.8792953491211,117.75690460205078,150.20643615722656
2022-03-11,50.72382354736328,185.08999633789062,151.46250915527344,114.85601806640625,395.2518310546875,73.49848937988281,115.10455322265625,149.9319610595703
2022-03-14,51.65923309326172,182.3000030517578,147.43930053710938,112.17425537109375,392.3633117675781,70.86736297607422,116.24764251708984,152.003662109375
2022-03-15,52.61228942871094,178.88999938964844,151.81488037109375,111.97843933105469,400.99151611328125,66.83411407470703,118.31058502197266,155.94338989257812
2022-03-16,52.47110366821289,180.00999450683594,156.2198486328125,113.07672882080078,409.8831481933594,66.5831298828125,123.59739685058594,154.50917053222656
2022-03-17,53.02705001831055,180.88999938964844,157.2281036376953,112.23382568359375,415.0111999511719,68.35739135742188,125.16020965576172,156.52772521972656
2022-03-18,53.03588104248047,179.3000030517578,160.5171661376953,113.60454559326172,419.55670166015625,68.0890884399414,125.1155776977539,154.79246520996094
2022-03-21,53.45945739746094,180.6699981689453,161.8876495361328,110.97386932373047,419.43402099609375,71.1443099975586,124.71369934082031,155.66897583007812
2022-03-22,53.653594970703125,179.36000061035156,165.25497436523438,109.5521011352539,424.3419494628906,70.83272552490234,127.36603546142578,154.93411254882812
2022-03-23,53.300621032714844,181.80999755859375,166.61563110351562,111.9529037475586,418.87713623046875,71.94922637939453,124.8298110961914,154.3498077392578
2022-03-24,53.81244659423828,183.1300048828125,170.39413452148438,111.07601928710938,425.19140625,72.16559600830078,125.64246368408203,155.14657592773438
2022-03-25,54.297786712646484,182.3800048828125,171.0303497314453,109.53507995605469,427.26788330078125,73.74082946777344,126.74091339111328,156.63397216796875
2022-03-28,54.64195251464844,179.05999755859375,171.8917999267578,110.47154235839844,430.3070983886719,71.6722640991211,125.80321502685547,157.4396209716797
2022-03-29,54.85374450683594,179.13999938964844,175.1808319091797,111.30583953857422,435.63037109375,71.29145050048828,126.08007049560547,157.35997009277344
2022-03-30,54.89786911010742,180.5800018310547,174.01596069335938,112.17425537109375,432.9404296875,72.51179504394531,125.50849914550781,158.99778747558594
2022-03-31,54.71255111694336,180.64999389648438,170.9227294921875,112.44670867919922,426.27685546875,71.4818344116211,121.73988342285156,156.90841674804688
2022-04-01,55.480289459228516,179.5,170.62905883789062,112.87471008300781,427.4849853515625,71.94058990478516,120.83788299560547,157.7583770751953
2022-04-04,55.18907928466797,180.3699951171875,174.6717987060547,112.09030151367188,431.1470947265625,71.97520446777344,121.37371063232422,156.23558044433594
2022-04-05,55.12731170654297,179.24000549316406,171.3631591796875,109.55789947509766,425.70111083984375,71.60303497314453,119.96125030517578,157.24485778808594
2022-04-06,55.683250427246094,179.66000366210938,168.20140075683594,108.67110443115234,421.44439697265625,72.39928436279297,118.2968521118164,161.3351287841797
2022-04-07,55.9832878112793,180.33999633789062,168.50486755371094,107.85258483886719,423.56805419921875,73.61100006103516,117.93701934814453,160.91897583007812
2022-04-08,56.327457427978516,181.47000122070312,166.49815368652344,106.68445587158203,422.4353942871094,75.16023254394531,120.09619903564453,161.23770141601562
2022-04-11,56.3098030090332,182.3699951171875,162.2498016357422,104.9961929321289,415.2149963378906,72.57238006591797,119.65534973144531,159.21917724609375
2022-04-12,56.97165298461914,183.77000427246094,164.11947631835938,104.85122680664062,413.6765441894531,74.08702850341797,118.34184265136719,159.2722930908203
2022-04-13,57.121673583984375,184.64999389648438,166.80157470703125,105.06440734863281,418.4146728515625,75.13426208496094,114.52728271484375,159.9451446533203
2022-04-14,57.37757873535156,184.0399932861328,161.7994842529297,102.9583511352539,413.2047119140625,76.01709747314453,113.46568298339844,159.2722930908203
2022-04-18,56.86575698852539,184.61000061035156,161.58416748046875,102.4467544555664,413.3746032714844,76.6402587890625,115.57089233398438,157.2891082763672
2022-04-19,57.42170715332031,181.82000732421875,163.8649444580078,101.6793441772461,420.0474853515625,75.9565200805664,117.96399688720703,162.08763122558594
2022-04-20,58.20709228515625,182.7100067138672,163.69851684570312,103.72571563720703,419.7359924316406,76.12962341308594,118.37785339355469,162.80477905273438
2022-04-21,58.42770004272461,182.05999755859375,162.90565490722656,102.9583511352539,413.4595031738281,75.32469177246094,117.460205078125,162.3355712890625
2022-04-22,57.580543518066406,180.2899932861328,158.37339782714844,102.310302734375,402.1145324707031,73.68023681640625,114.08644104003906,160.72421264648438
2022-04-25,58.1894416809082,177.0500030517578,159.44036865234375,103.33348083496094,404.44580078125,71.19625091552734,114.05044555664062,164.6816864013672
2022-04-26,57.404056549072266,177.32000732421875,153.4888153076172,104.3737564086914,392.73272705078125,71.22220611572266,110.67671203613281,163.50421142578125
2022-04-27,57.854103088378906,175.97999572753906,153.263671875,103.0350570678711,393.8370056152344,73.25613403320312,109.23724365234375,161.22006225585938
2022-04-28,58.410064697265625,176.92999267578125,160.1843719482422,103.1885757446289,403.7851867675781,75.47181701660156,110.964599609375,162.4241180419922
2022-04-29,57.015777587890625,176.91000366210938,154.32081604003906,101.84986114501953,388.8629455566406,73.78409576416016,107.38394927978516,159.76806640625
2022-05-02,55.9832878112793,173.6300048828125,154.6243133544922,100.08443450927734,391.2037353515625,74.78807830810547,108.36457824707031,158.15676879882812
2022-05-03,55.66560745239258,174.08999633789062,156.11219787597656,100.75917053222656,392.9969787597656,76.32867431640625,110.68572235107422,157.846923828125
2022-05-04,57.38639831542969,175.8000030517578,162.5141143798828,101.3143310546875,404.96490478515625,79.36659240722656,114.34734344482422,159.5378875732422
2022-05-05,56.927528381347656,175.1300048828125,153.45941162109375,98.53849792480469,390.5712585449219,78.16354370117188,111.48641967773438,156.49232482910156
2022-05-06,57.1304817199707,175.4199981689453,154.18487548828125,97.08650970458984,388.24005126953125,79.35794830322266,111.30647277832031,156.14706420898438
2022-05-09,57.015777587890625,172.8800048828125,149.0675811767578,97.94062042236328,375.80963134765625,73.10035705566406,109.63310241699219,156.99696350097656
2022-05-10,56.48630142211914,171.4199981689453,151.4693603515625,98.82890319824219,376.6779479980469,73.58502197265625,106.96109008789062,156.78445434570312
2022-05-11,56.751033782958984,172.82000732421875,143.61700439453125,100.73353576660156,370.69403076171875,75.11698150634766,106.2863540649414,155.9345703125
2022-05-12,56.927528381347656,170.1699981689453,139.7545623779297,100.54564666748047,370.3070068359375,75.45797729492188,106.19637298583984,157.47506713867188
2022-05-13,57.99530029296875,168.7899932861328,144.21502685546875,99.05950164794922,379.16033935546875,77.69635009765625,107.14103698730469,156.57200622558594
2022-05-16,58.20709228515625,170.39999389648438,142.67591857910156,98.9570083618164,377.621826171875,79.52377319335938,106.39431762695312,157.6609649658203
2022-05-17,58.04824447631836,169.3300018310547,146.3031005859375,97.7612533569336,385.3896484375,80.53805541992188,109.9209976196289,158.31613159179688
2022-05-18,54.00658416748047,169.4199981689453,138.0487823486328,99.84528350830078,369.8539733886719,79.26148223876953,108.04070281982422,155.37681579589844
2022-05-19,52.947628021240234,171.91000366210938,134.6470947265625,100.08443450927734,367.5887451171875,79.68990325927734,106.4393081665039,153.9956817626953
2022-05-20,53.81244659423828,172.02999877929688,134.88233947753906,101.22039794921875,367.749267578125,80.31946563720703,105.56661224365234,156.6870880126953
2022-05-23,55.471473693847656,172.8300018310547,140.293701171875,99.55489349365234,374.6298522949219,82.09441375732422,112.09818267822266,159.8858642578125
2022-05-24,56.495121002197266,174.1300048828125,137.5978546142578,101.51931762695312,371.7700500488281,82.54035949707031,113.68161010742188,161.6322784423828
2022-05-25,56.53924560546875,173.0800018310547,137.75469970703125,101.9207763671875,375.0545654296875,84.20166015625,114.47330474853516,160.0462646484375
2022-05-26,56.74221420288086,172.75999450683594,140.95054626464844,101.45956420898438,382.5487060546875,84.49893188476562,116.45256042480469,159.9037322998047
2022-05-27,57.077545166015625,172.85000610351562,146.69522094726562,101.70723724365234,391.93994140625,85.32958984375,118.09893798828125,161.35604858398438
2022-05-31,55.93034362792969,171.13999938964844,145.91098022460938,99.55489349365234,389.74072265625,83.9393539428711,118.96260833740234,159.96607971191406
2022-06-01,55.65679168701172,172.22999572753906,145.7835235595703,99.44107818603516,386.58837890625,85.54816436767578,116.87541961669922,158.34442138671875
2022-06-02,56.23921203613281,174.35000610351562,148.23431396484375,99.49242401123047,393.9502868652344,85.39954376220703,118.75569915771484,157.84542846679688
2022-06-03,55.568538665771484,172.5800018310547,142.51904296875,99.27850341796875,387.4849853515625,86.6411361694336,117.1003189086914,157.1949920654297
2022-06-06,55.480289459228516,171.82000732421875,143.26409912109375,97.44746398925781,388.664794921875,86.42254638671875,116.71345520019531,157.1772003173828
2022-06-07,55.81563186645508,172.94000244140625,145.7835235595703,98.49987030029297,392.3929443359375,90.3834228515625,117.01935577392578,158.90576171875
2022-06-08,55.497947692871094,172.77999877929688,145.04830932617188,97.62715911865234,388.1267395019531,91.4501724243164,115.15702819824219,157.9612579345703
2022-06-09,54.53605651855469,172.22999572753906,139.83299255371094,97.95228576660156,378.89599609375,89.4740982055664,112.7369384765625,154.78028869628906
2022-06-10,54.191898345947266,174.5399932861328,134.43141174316406,97.34480285644531,367.90960693359375,87.8390121459961,107.55488586425781,153.74673461914062
2022-06-13,54.130123138427734,169.92999267578125,129.28472900390625,94.29019927978516,353.9408264160156,83.80818176269531,104.3520736694336,152.1963348388672
2022-06-14,52.64577102661133,168.57000732421875,130.14739990234375,93.10086822509766,352.8742980957031,84.02678680419922,102.61571502685547,149.86181640625
2022-06-15,53.0368537902832,170.77000427246094,132.76483154296875,94.83781433105469,357.9049987792969,82.96880340576172,103.83026123046875,151.46571350097656
2022-06-16,52.50355911254883,172.69000244140625,127.5005111694336,95.59074401855469,346.0597839355469,79.90851593017578,102.04894256591797,151.54586791992188
2022-06-17,52.82353591918945,171.27000427246094,128.97103881835938,95.8987808227539,346.80572509765625,75.30057525634766,101.68907928466797,150.99343872070312
2022-06-21,53.95236587524414,170.6300048828125,133.1962127685547,94.27308654785156,355.5361022949219,79.98721313476562,104.20812225341797,154.1565704345703
2022-06-22,54.352333068847656,171.30999755859375,132.68641662597656,96.86564636230469,354.8915100097656,76.82200622558594,103.62335205078125,156.58909606933594
2022-06-23,55.001182556152344,170.25999450683594,135.54898071289062,97.66134643554688,358.3703918457031,74.50491333007812,102.48975372314453,160.08193969726562
2022-06-24,56.0322380065918,170.08999633789062,138.8722686767578,96.3094711303711,369.7643127441406,75.98258972167969,105.54863739013672,162.42530822753906
2022-06-27,55.91668701171875,169.89999389648438,138.8722686767578,95.48806762695312,368.3519592285156,77.84500122070312,104.70294189453125,162.27383422851562
2022-06-28,55.35671615600586,169.6199951171875,134.7353057861328,95.93304443359375,360.8255310058594,80.00467681884766,104.19913482666016,157.65829467773438
2022-06-29,55.75669860839844,169.49000549316406,136.4900665283203,97.43035888671875,360.5316467285156,77.04932403564453,103.7313232421875,157.70289611816406
2022-06-30,55.91668701171875,168.4600067138672,134.02947998046875,98.28597259521484,357.6025085449219,74.88090515136719,101.31121063232422,158.1662139892578
2022-07-01,57.22328186035156,168.32000732421875,136.19598388671875,99.29505920410156,361.3846740722656,76.55094146728516,102.60671997070312,159.9571533203125
2022-07-05,56.24555587768555,164.75,138.77423095703125,100.07522583007812,362.06719970703125,74.15516662597656,102.2164535522461,158.72755432128906
2022-07-06,56.36110305786133,162.13999938964844,140.10745239257812,98.39486694335938,363.2900695800781,72.81737518310547,101.55387115478516,158.87013244628906
2022-07-07,55.91668701171875,162.22999572753906,143.469970703125,97.5289535522461,368.7311096191406,75.14319610595703,104.12247467041016,159.04832458496094
2022-07-08,56.121124267578125,162.3000030517578,144.14639282226562,96.44874572753906,368.4277648925781,75.265625,103.79571533203125,158.85227966308594
2022-07-11,55.94335174560547,161.42999267578125,142.01910400390625,98.11194610595703,364.21905517578125,74.88090515136719,102.43427276611328,158.91465759277344
2022-07-12,55.703369140625,160.8300018310547,142.98960876464844,98.69490051269531,360.9960632324219,73.88411712646484,102.53411865234375,156.6870880126953
2022-07-13,55.44561004638672,161.60000610351562,142.6269073486328,99.82659912109375,359.1001892089844,74.181396484375,101.5720443725586,156.32179260253906
2022-07-14,55.2678337097168,159.3300018310547,145.54823303222656,99.01213073730469,358.22821044921875,72.6949691772461,98.02322387695312,156.53564453125
2022-07-15,55.5522575378418,159.00999450683594,147.2147674560547,99.56938934326172,365.0721435546875,73.91908264160156,102.5159683227539,158.80772399902344
2022-07-18,54.796756744384766,159.16000366210938,144.17578125,98.53202056884766,362.05780029296875,75.2831039428711,101.46311950683594,155.24365234375
2022-07-19,55.57893371582031,159.5399932861328,148.02845764160156,98.0005111694336,371.84027099609375,77.18047332763672,103.97722625732422,152.9804229736328
2022-07-20,54.663429260253906,158.0399932861328,150.02833557128906,98.25768280029297,374.2100524902344,78.02861022949219,103.9590835571289,152.107177734375
2022-07-21,54.53899383544922,160.27000427246094,152.2928466796875,99.95518493652344,378.02069091796875,76.72581481933594,104.66703796386719,152.64181518554688
2022-07-22,54.74342346191406,160.6699981689453,151.05764770507812,101.6355209350586,374.5134582519531,76.13998413085938,104.15876007080078,153.36355590820312
2022-07-25,55.2767333984375,160.22999572753906,149.94007873535156,100.64104461669922,374.9684143066406,78.67565155029297,104.57626342773438,153.66650390625
2022-07-26,56.18333435058594,160.0399932861328,148.61663818359375,100.71820068359375,370.5321960449219,78.36962127685547,102.94255065917969,154.7535400390625
2022-07-27,56.00557327270508,161.6699981689453,153.70449829101562,100.15235900878906,380.15350341796875,80.0658950805664,104.59441375732422,154.3258819580078
2022-07-28,56.938838958740234,163.63999938964844,154.25350952148438,100.94969177246094,384.921630859375,81.00146484375,104.20413208007812,155.21688842773438
2022-07-29,57.036624908447266,164.10000610351562,159.3119354248047,100.67536163330078,390.5332336425781,84.75251007080078,104.70333099365234,155.5020294189453
2022-08-01,57.34770965576172,165.02999877929688,158.3316192626953,103.09996795654297,389.37677001953125,82.61030578613281,103.65955352783203,154.95849609375
2022-08-02,56.56553649902344,164.0500030517578,156.86109924316406,100.91840362548828,386.8079528808594,82.2518081665039,102.04399871826172,154.07640075683594
2022-08-03,56.81441116333008,164.4499969482422,162.86074829101562,102.50731658935547,392.86517333984375,79.58497619628906,103.11499786376953,155.56439208984375
2022-08-04,56.592201232910156,167.1699981689453,162.54702758789062,102.47294616699219,392.5997619628906,76.23615264892578,101.98046112060547,153.06951904296875
2022-08-05,56.334434509277344,165.2899932861328,162.32119750976562,100.03373718261719,391.9361572265625,77.33787536621094,105.06639099121094,152.46363830566406
2022-08-08,55.97001647949219,166.69000244140625,161.8500213623047,101.64845275878906,391.48114013671875,77.77506256103516,103.78662872314453,151.65280151367188
2022-08-09,56.04111862182617,167.1999969482422,161.89910888671875,101.25336456298828,389.9266357421875,79.2090072631836,104.72148132324219,151.63499450683594
2022-08-10,56.57442855834961,166.77999877929688,166.1399688720703,100.5920181274414,398.1166076660156,79.96097564697266,107.45342254638672,152.07156372070312
2022-08-11,56.192230224609375,166.33999633789062,165.40371704101562,98.24728393554688,398.1166076660156,82.27408599853516,109.04176330566406,148.92625427246094
2022-08-12,56.618865966796875,167.8699951171875,168.94760131835938,99.24359130859375,404.8562927246094,82.98919677734375,110.84793853759766,147.28675842285156
2022-08-15,57.32993698120117,165.7100067138672,170.0176239013672,99.15766143798828,406.5246276855469,81.5059814453125,111.14744567871094,147.9906463623047
2022-08-16,57.8010139465332,165.4199981689453,169.86053466796875,99.56993865966797,407.32086181640625,80.7467041015625,112.20936584472656,149.3094024658203
2022-08-17,57.66769027709961,164.35000610351562,171.35267639160156,98.53073120117188,404.4297790527344,81.4000473022461,111.26544189453125,149.3183135986328
2022-08-18,57.96989822387695,163.9199981689453,170.95997619628906,98.67671966552734,405.6052551269531,83.32467651367188,110.40320587158203,148.59657287597656
2022-08-19,57.925453186035156,162.72000122070312,168.37818908691406,97.08778381347656,400.1546630859375,83.05982208251953,107.6712417602539,150.8597869873047
2022-08-22,57.06328582763672,161.63999938964844,164.50054931640625,96.76142120361328,391.8224182128906,82.998046875,105.89231872558594,150.33053588867188
2022-08-23,57.1254997253418,162.77000427246094,164.16676330566406,96.2289047241211,390.87451171875,86.5206527709961,104.84854888916016,149.0209197998047
2022-08-24,57.20549392700195,163.25,164.46128845214844,95.52462768554688,392.1258239746094,87.03271484375,105.1026840209961,148.52757263183594
2022-08-25,57.48102951049805,163.75,166.9154815673828,96.85590362548828,397.66162109375,87.48297882080078,107.59864807128906,149.91793823242188
2022-08-26,56.094459533691406,161.75999450683594,160.62289428710938,97.5859603881836,384.2012023925781,86.40586853027344,104.07708740234375,147.3524627685547
2022-08-29,55.75669860839844,161.86000061035156,158.42396545410156,96.77859497070312,381.66082763671875,88.39232635498047,103.82293701171875,146.2132568359375
2022-08-30,55.24117660522461,160.50999450683594,155.9991912841797,97.01908111572266,377.4709167480469,85.02861022949219,103.84109497070312,145.70196533203125
2022-08-31,54.850093841552734,159.27000427246094,154.3401336669922,96.09149932861328,374.5987548828125,84.3929443359375,103.22391510009766,144.7241973876953
2022-09-01,55.107845306396484,157.8699951171875,155.06661987304688,94.33220672607422,375.7742004394531,82.87442016601562,103.9318618774414,148.31227111816406
2022-09-02,54.352333068847656,159.25999450683594,152.95594787597656,94.86588287353516,371.8118591308594,84.3929443359375,103.20574951171875,145.9800567626953
2022-09-06,54.37900161743164,158.3300018310547,151.6993865966797,92.51615142822266,370.40899658203125,83.82792663574219,103.23297882080078,146.3747100830078
2022-09-07,55.383392333984375,159.94000244140625,153.10321044921875,93.97935485839844,377.0633544921875,83.11280059814453,105.1934585571289,147.17306518554688
2022-09-08,55.214508056640625,158.97999572753906,151.6306915283203,93.0153579711914,379.5279541015625,83.79261016845703,107.64402770996094,148.35711669921875
2022-09-09,55.392276763916016,159.82000732421875,154.48739624023438,93.22190856933594,385.4239807128906,85.19636535644531,108.161376953125,148.64418029785156
2022-09-12,55.5522575378418,160.6300048828125,160.4364013671875,92.45592498779297,389.56640625,86.17632293701172,109.44111633300781,148.58135986328125
2022-09-13,53.7479362487793,158.5399932861328,151.02206420898438,92.67109680175781,372.6271057128906,84.16340637207031,105.63817596435547,144.71524047851562
2022-09-14,54.03235626220703,157.92999267578125,152.46511840820312,92.98954772949219,374.0489196777344,86.22930908203125,105.39313507080078,147.7022705078125
2022-09-15,53.29819869995117,154.97999572753906,149.57896423339844,92.92928314208984,369.8022766113281,83.72197723388672,106.9814682006836,148.07904052734375
2022-09-16,53.30714416503906,155.83999633789062,147.93955993652344,92.1546630859375,366.9810485839844,82.2917251586914,106.26445770263672,150.3395233154297
2022-09-19,53.710044860839844,155.9600067138672,151.65029907226562,92.36985778808594,369.82696533203125,82.28289794921875,107.24467468261719,149.15545654296875
2022-09-20,53.62947082519531,155.07000732421875,154.0260009765625,91.44890594482422,365.5819396972656,81.6119384765625,105.1299057006836,147.98037719726562
2022-09-21,53.18180847167969,155.7899932861328,150.9042510986328,92.98094177246094,359.20477294921875,80.29646301269531,102.09845733642578,146.46444702148438
2022-09-22,53.056453704833984,155.6999969482422,149.94223022460938,90.60540771484375,356.1874694824219,79.96097564697266,100.93669891357422,149.0657501220703
2022-09-23,52.46554946899414,153.00999450683594,147.67453002929688,90.97550964355469,350.2196960449219,75.70555877685547,99.05792236328125,149.55014038085938
2022-09-26,51.81196975708008,151.22999572753906,148.00830078125,89.23692321777344,346.7550354003906,74.14291381835938,96.92500305175781,148.63519287109375
2022-09-27,50.47795104980469,151.5399932861328,148.98016357421875,86.88723754882812,345.869873046875,75.69673919677734,96.07183837890625,147.95347595214844
2022-09-28,51.01513671875,154.69000244140625,147.0953369140625,89.7963638305664,352.6753234863281,78.45126342773438,98.01416015625,149.22720336914062
2022-09-29,50.6480598449707,154.66000366210938,139.87013244628906,89.33158874511719,345.308349609375,78.29235076904297,96.35321044921875,147.585693359375
2022-09-30,50.15563201904297,154.6699981689453,135.66851806640625,88.17825317382812,339.9686279296875,77.08282470703125,94.84654235839844,146.5361785888672
2022-10-03,50.719688415527344,158.42999267578125,139.84068298339844,89.5793685913086,348.9441833496094,81.15282440185547,97.7781982421875,146.39266967773438
2022-10-04,50.836063385009766,160.6999969482422,143.42381286621094,89.32918548583984,359.7568664550781,84.11043548583984,102.35259246826172,148.5634307861328
2022-10-05,50.352603912353516,159.80999755859375,143.71832275390625,88.4750747680664,358.919189453125,87.50946807861328,101.08887481689453,148.10595703125
2022-10-06,49.26926803588867,159.6300048828125,142.76608276367188,87.98329162597656,355.21673583984375,90.1050796508789,99.0284423828125,145.2355194091797
2022-10-07,48.80370330810547,157.8800048828125,137.52389526367188,87.12915802001953,345.308349609375,89.19572448730469,97.05044555664062,143.7016143798828
2022-10-10,48.69626998901367,155.47999572753906,137.84783935546875,85.77462005615234,342.6717529296875,87.26224517822266,96.14384460449219,143.8899688720703
2022-10-11,48.77684020996094,155.16000366210938,136.43423461914062,86.15426635742188,340.50164794921875,86.5206527709961,93.36915588378906,145.9710693359375
2022-10-12,49.36775588989258,155.99000549316406,135.8059844970703,86.57701110839844,339.3785400390625,86.90028381347656,94.880126953125,145.9351806640625
2022-10-13,50.02133560180664,154.91000366210938,140.37078857421875,85.74874114990234,348.3350524902344,89.93732452392578,100.15481567382812,148.14183044433594
2022-10-14,49.22450637817383,152.97999572753906,135.84524536132812,85.04130554199219,340.39697265625,87.57125854492188,101.82147216796875,147.52288818359375
2022-10-17,49.86017608642578,153.4199981689453,139.80140686035156,84.6271743774414,349.14410400390625,88.833740234375,106.09799194335938,149.4335174560547
2022-10-18,50.53166198730469,153.75,141.11685180664062,84.82560729980469,353.2464599609375,88.99268341064453,108.82688903808594,148.91323852539062
2022-10-19,50.10191345214844,151.69000244140625,141.22486877441406,83.28128814697266,350.7431640625,91.63243103027344,106.6932144165039,147.7292022705078
2022-10-20,49.31404113769531,151.4499969482422,140.76344299316406,81.85774230957031,347.80206298828125,91.75603485107422,106.3452377319336,148.10595703125
2022-10-21,50.10191345214844,154.14999389648438,144.57241821289062,80.38243103027344,356.254150390625,93.45995330810547,111.93126678466797,151.335205078125
2022-10-24,51.543373107910156,153.64999389648438,146.7124786376953,79.71812438964844,360.6134338378906,94.11328125,112.06861114501953,153.3714141845703
2022-10-25,52.77891159057617,154.0,149.54953002929688,82.0389175415039,366.3719177246094,93.47760772705078,112.36164855957031,153.12918090820312
2022-10-26,53.17284393310547,154.97999572753906,146.61428833007812,83.22087097167969,363.6116943359375,94.59002685546875,113.65287017822266,154.47476196289062
2022-10-27,53.29819869995117,154.74000549316406,142.14764404296875,84.09227752685547,361.66998291015625,94.95201110839844,114.10157775878906,154.56446838378906
2022-10-28,54.3994255065918,153.16000366210938,152.8872528076172,83.51423645019531,370.27435302734375,97.7330093383789,115.45687103271484,156.86077880859375
2022-10-31,53.584693908691406,151.91000366210938,150.53118896484375,82.9189453125,367.5997009277344,97.83012390136719,115.27373504638672,156.05348205566406
2022-11-01,53.39667510986328,153.4600067138672,147.8905029296875,83.6938705444336,365.9912109375,98.80128479003906,117.35247039794922,155.26412963867188
2022-11-02,52.653568267822266,152.38999938964844,142.3734130859375,83.33060455322266,356.8061828613281,96.77069854736328,116.27189636230469,152.87806701660156
2022-11-03,52.626705169677734,151.80999755859375,136.33609008789062,82.88084411621094,353.1322021484375,98.0861587524414,116.48251342773438,153.13819885253906
2022-11-04,53.056453704833984,156.47000122070312,136.0706024169922,81.48843383789062,358.2149353027344,99.15442657470703,119.6692886352539,153.81991577148438
2022-11-07,53.262386322021484,155.85000610351562,136.60157775878906,80.67546081542969,361.6414489746094,100.32862854003906,120.30113983154297,155.1654510498047
2022-11-08,53.36086654663086,159.4499969482422,137.17189025878906,81.55763244628906,363.5926208496094,100.64646911621094,120.37442016601562,155.93690490722656
2022-11-09,52.617759704589844,158.64999389648438,132.61917114257812,81.82573699951172,356.10186767578125,96.14387512207031,118.80848693847656,154.69003295898438
2022-11-10,54.506874084472656,163.47999572753906,144.41893005371094,84.973876953125,375.6711120605469,97.55644989013672,123.69853973388672,156.5020294189453
2022-11-11,54.90080642700195,164.55999755859375,147.20166015625,84.66250610351562,379.3070068359375,100.6023178100586,123.9000244140625,151.819580078125
2022-11-14,54.37257385253906,164.9199981689453,145.8053436279297,84.4549560546875,376.08038330078125,100.89600372314453,122.62715148925781,154.2056427001953
2022-11-15,54.28304672241211,165.5,147.53599548339844,85.82144927978516,379.2879333496094,101.57237243652344,121.7388687133789,154.63619995117188
2022-11-16,54.18456268310547,165.1199951171875,146.30685424804688,87.6982192993164,376.3945007324219,100.48662567138672,121.90371704101562,155.59603881835938
2022-11-17,54.35466766357422,163.9199981689453,148.20465087890625,86.77281188964844,375.2428283691406,100.62012481689453,121.37255859375,156.8518524169922
2022-11-18,54.739654541015625,162.7899932861328,148.76512145996094,86.176025390625,376.94659423828125,99.74795532226562,122.56304168701172,158.05381774902344
2022-11-21,55.58125305175781,161.8800048828125,145.53988647460938,86.53929901123047,375.5759582519531,98.76009368896484,121.83959197998047,158.86634826660156
2022-11-22,55.8229866027832,162.07000732421875,147.6736602783203,87.76742553710938,380.63006591796875,101.61688232421875,123.66191864013672,159.63372802734375
2022-11-23,56.07367706298828,163.0800018310547,148.54881286621094,89.29823303222656,383.0287170410156,101.109619140625,124.98062133789062,159.80526733398438
2022-11-25,56.12739181518555,163.22000122070312,145.63821411132812,88.99552917480469,382.9430236816406,100.75362396240234,125.21870422363281,160.01290893554688
2022-11-28,56.1363410949707,161.92999267578125,141.81312561035156,89.2463607788086,376.8323669433594,97.72772216796875,123.03006744384766,160.0941619873047
2022-11-29,55.93937301635742,162.72999572753906,138.81402587890625,88.1998519897461,376.1851501464844,98.37739562988281,125.05386352539062,158.97470092773438
2022-11-30,57.35499954223633,164.80999755859375,145.55950927734375,88.84850311279297,388.0351867675781,99.08937072753906,126.53738403320312,160.69903564453125
2022-12-01,57.517295837402344,167.83999633789062,145.8348846435547,91.68685913085938,387.7496337890625,98.60880279541016,124.76083374023438,161.3671417236328
2022-12-02,58.0222282409668,167.25999450683594,145.3432159423828,92.83987426757812,387.3022766113281,97.772216796875,123.77183532714844,161.49349975585938
2022-12-05,57.228755950927734,164.38999938964844,144.1829071044922,91.5394515991211,380.33502197265625,95.09339141845703,120.30113983154297,161.40322875976562
2022-12-06,57.20170211791992,164.83999633789062,140.52499389648438,92.7184829711914,374.8525695800781,92.45018005371094,120.50261688232422,158.98374938964844
2022-12-07,57.29188537597656,166.3300018310547,138.587890625,94.9031753540039,374.21490478515625,92.24549865722656,120.42020416259766,159.94969177246094
2022-12-08,57.53533172607422,166.47000122070312,140.26934814453125,94.64307403564453,377.1464538574219,92.93077850341797,121.68394470214844,159.97679138183594
2022-12-09,56.93121337890625,167.05999755859375,139.7875213623047,92.18099212646484,374.3291015625,92.14759063720703,121.02458953857422,158.6587371826172
2022-12-12,57.679595947265625,165.67999267578125,142.07862854003906,92.47575378417969,379.725830078125,94.41703033447266,122.90184783935547,160.5545654296875
2022-12-13,57.69763946533203,168.50999450683594,143.04226684570312,93.36869049072266,382.600341796875,95.44937896728516,122.78280639648438,161.7914276123047
2022-12-14,57.69763946533203,168.10000610351562,140.81997680664062,93.76750183105469,380.1541748046875,94.74629974365234,122.16925811767578,162.28799438476562
2022-12-15,56.90415954589844,165.35000610351562,134.22195434570312,94.13336181640625,370.85498046875,93.83855438232422,119.1381607055664,160.23861694335938
2022-12-16,56.57957077026367,166.7899932861328,132.26516723632812,93.08184051513672,366.4766540527344,93.17996215820312,118.39640045166016,158.59548950195312
2022-12-19,56.66071319580078,166.32000732421875,130.160888671875,91.51758575439453,363.3689880371094,93.5982437133789,119.10152435302734,158.4239959716797
2022-12-20,56.615631103515625,169.0800018310547,130.09207153320312,89.89248657226562,363.8662414550781,94.95101928710938,119.67843627929688,158.59548950195312
2022-12-21,57.526309967041016,168.8000030517578,133.18948364257812,90.11843872070312,369.30694580078125,96.1702651977539,121.02458953857422,160.41015625
2022-12-22,57.11154556274414,166.75999450683594,130.02320861816406,90.10104370117188,364.038330078125,94.23014068603516,119.65098571777344,159.82334899902344
2022-12-23,57.544342041015625,167.25999450683594,129.65939331054688,88.78013610839844,366.13238525390625,96.72205352783203,120.21874237060547,160.22955322265625
2022-12-27,57.89599609375,168.6699981689453,127.85991668701172,87.02470397949219,364.6885070800781,98.06591033935547,120.63998413085938,160.18446350097656
2022-12-28,57.318931579589844,167.91000366210938,123.93651580810547,86.51197814941406,360.1562805175781,96.45506286621094,121.29934692382812,159.4893035888672
2022-12-29,57.66156768798828,168.85000610351562,127.44695281982422,87.49398040771484,366.6391296386719,97.18484497070312,121.99528503417969,160.30181884765625
2022-12-30,57.35499954223633,169.63999938964844,127.76158905029297,86.52063751220703,365.6734313964844,98.16380310058594,122.8011474609375,159.4802703857422
2023-01-03,56.759891510009766,171.05999755859375,122.98271942138672,88.17179870605469,364.13397216796875,94.79081726074219,123.73518371582031,160.87059020996094
2023-01-04,56.73284149169922,172.6699981689453,124.25118255615234,89.37974548339844,366.94512939453125,95.06672668457031,124.88903045654297,162.62200927734375
2023-01-05,56.083641052246094,170.52000427246094,122.93354797363281,89.7534408569336,362.7570495605469,97.1937484741211,124.8613510131836,161.42127990722656
2023-01-06,57.165645599365234,173.7100067138672,127.45677185058594,91.40462493896484,371.0758361816406,98.36849212646484,127.25067138671875,162.7303466796875
2023-01-09,56.45333480834961,174.10000610351562,127.97794342041016,91.89122772216797,370.865478515625,96.53516387939453,126.72480010986328,158.5142822265625
2023-01-10,56.02052688598633,174.74000549316406,128.54824829101562,90.37044525146484,373.46624755859375,97.97691345214844,127.85948944091797,158.13510131835938
2023-01-11,55.912330627441406,174.6199951171875,131.26220703125,91.8390884399414,378.1899108886719,99.11608123779297,128.8096923828125,157.88230895996094
2023-01-12,55.19099807739258,176.63999938964844,131.18356323242188,93.6467056274414,379.5668029785156,100.76251983642578,128.68055725097656,157.08782958984375
2023-01-13,55.38936233520508,178.75999450683594,132.510986328125,92.76899719238281,381.03924560546875,100.70023345947266,131.92774963378906,156.57322692871094
2023-01-17,55.61478042602539,177.58999633789062,133.67135620117188,92.16931915283203,380.3412780761719,100.50444030761719,129.88900756835938,155.60723876953125
2023-01-18,53.92866134643555,177.0800018310547,132.9534912109375,94.40272521972656,374.3364562988281,98.439697265625,125.98681640625,153.25991821289062
2023-01-19,53.84750747680664,179.88999938964844,133.0125274658203,93.8117904663086,371.6112976074219,99.07157135009766,124.307861328125,153.05233764648438
2023-01-20,54.1721076965332,179.2899932861328,135.56910705566406,92.29100799560547,378.5340576171875,100.87820434570312,124.61224365234375,152.33909606933594
2023-01-23,54.30735397338867,179.6300048828125,138.7550048828125,91.85648345947266,383.0760192871094,100.35314178466797,126.6325454711914,151.95086669921875
2023-01-24,54.59589767456055,180.27999877929688,140.15130615234375,93.17742156982422,382.6648254394531,101.28760528564453,127.7210922241211,151.95086669921875
2023-01-25,54.93852615356445,181.11000061035156,139.49249267578125,93.40336608886719,382.8082275390625,100.75362396240234,128.3391876220703,153.0342559814453
2023-01-26,54.83033752441406,179.47000122070312,141.5574493408203,92.9688491821289,387.01544189453125,104.80298614501953,129.132568359375,152.47451782226562
2023-01-27,54.54179763793945,179.22000122070312,143.49459838867188,92.73419952392578,387.9046630859375,102.8895492553711,129.44619750976562,151.87863159179688
2023-01-30,54.67704391479492,178.75999450683594,140.61346435546875,92.39530181884766,383.0377197265625,101.06510162353516,128.3484344482422,146.2541961669922
2023-01-31,55.29017639160156,179.41000366210938,141.88194274902344,93.13395690917969,388.669677734375,103.24553680419922,129.11412048339844,147.5361785888672
2023-02-01,55.2991943359375,181.6699981689453,143.0029296875,94.25355529785156,392.80035400390625,102.11527252197266,128.77276611328125,148.89036560058594
2023-02-02,54.35244369506836,177.89999389648438,148.302978515625,94.3755111694336,398.51837158203125,98.9202880859375,128.1731719970703,149.4501190185547
2023-02-03,53.94670104980469,173.4600067138672,151.92156982421875,92.96406555175781,394.2824401855469,99.60554504394531,130.1565399169922,148.61053466796875
2023-02-06,54.25326156616211,173.82000732421875,149.19776916503906,92.2757339477539,391.87286376953125,99.43647003173828,130.9221954345703,147.4820098876953
2023-02-07,54.1630973815918,173.97999572753906,152.0690460205078,91.53521728515625,396.99798583984375,102.27546691894531,132.51812744140625,147.51812744140625
2023-02-08,53.84750747680664,174.41000366210938,149.38461303710938,91.9708480834961,392.6568603515625,101.38549041748047,131.58642578125,147.70770263671875
2023-02-09,53.75734329223633,173.02999877929688,148.3521270751953,91.09956359863281,389.2529296875,101.76819610595703,129.53843688964844,145.7125244140625
2023-02-10,53.75734329223633,173.36000061035156,148.7165069580078,90.0801773071289,390.16131591796875,106.05785369873047,130.1104278564453,146.3896026611328
2023-02-13,54.64097213745117,172.47999572753906,151.51336669921875,90.83818817138672,394.74139404296875,105.64530181884766,131.5218505859375,146.93128967285156
2023-02-14,53.730289459228516,172.61000061035156,150.87326049804688,90.62907409667969,394.5597839355469,104.4076919555664,132.10301208496094,146.29029846191406
2023-02-15,53.730289459228516,170.88999938964844,152.97091674804688,89.78395080566406,395.841064453125,104.09381866455078,132.65652465820312,143.8798370361328
2023-02-16,53.39667510986328,170.75,151.3755340576172,88.51190948486328,390.3907470703125,103.78889465332031,130.82998657226562,142.8596649169922
2023-02-17,54.208168029785156,171.25999450683594,150.23312377929688,89.2002182006836,389.4154357910156,99.79805755615234,131.2174530029297,145.84214782714844
2023-02-21,53.91963577270508,170.6199951171875,146.2249298095703,87.46638488769531,381.6034240722656,99.69938659667969,128.8096923828125,143.6689453125
2023-02-22,54.081939697265625,169.66000366210938,146.6484375,88.26793670654297,381.07757568359375,98.4079818725586,127.8226089477539,143.46888732910156
2023-02-23,54.18113327026367,169.57000732421875,147.13095092773438,89.13052368164062,383.1046142578125,99.31376647949219,128.84657287597656,143.4233856201172
2023-02-24,53.95571517944336,168.35000610351562,144.48182678222656,87.97173309326172,379.0121765136719,99.3227310180664,130.0089111328125,141.82302856445312
2023-02-27,53.93767547607422,169.00999450683594,145.67344665527344,88.2156753540039,380.3031005859375,99.14336395263672,131.14358520507812,141.51390075683594
2023-02-28,53.65816116333008,169.77999877929688,145.17120361328125,88.616455078125,378.8974914550781,98.56941986083984,132.24142456054688,139.35885620117188
2023-03-01,53.072086334228516,170.75999450683594,143.1031036376953,87.6644287109375,377.44403076171875,99.44828796386719,131.50338745117188,138.7314453125
2023-03-02,53.84750747680664,170.66000366210938,143.69398498535156,86.88707733154297,380.3795166015625,99.90565490722656,130.13812255859375,138.62234497070312
2023-03-03,53.59504318237305,172.49000549316406,148.7362060546875,88.99201202392578,386.4799499511719,101.170166015625,132.5273895263672,140.04994201660156
2023-03-06,54.42457962036133,171.6199951171875,151.4936981201172,88.30200958251953,386.74774169921875,102.0669937133789,131.7524871826172,141.45021057128906
2023-03-07,54.1089973449707,168.6199951171875,149.297607421875,88.84355926513672,380.8193664550781,100.093994140625,127.87791442871094,140.11354064941406
2023-03-08,54.136051177978516,168.5399932861328,150.54827880859375,88.93086242675781,381.4408874511719,98.6321792602539,127.12149810791016,139.0860595703125
2023-03-09,53.61307907104492,170.1999969482422,148.3029022216797,89.14924621582031,374.4034118652344,97.86988067626953,120.23959350585938,137.52207946777344
2023-03-10,53.38766098022461,173.8699951171875,146.24465942382812,92.2236557006836,369.0009765625,96.65917205810547,123.2930679321289,137.85853576660156
2023-03-13,53.92866134643555,177.86000061035156,148.18475341796875,92.4332504272461,368.4750061035156,95.547119140625,121.07905578613281,139.177001953125
2023-03-14,54.12702178955078,176.8300018310547,150.27252197265625,90.91352081298828,374.5659484863281,95.90586853027344,124.18792724609375,139.95899963378906
2023-03-15,54.487701416015625,178.2100067138672,150.6664581298828,92.6690902709961,372.22332763671875,91.13477325439453,118.32076263427734,140.34999084472656
2023-03-16,54.78752899169922,178.57000732421875,153.48300170898438,91.94416809082031,378.75396728515625,90.60564422607422,120.61781311035156,140.05902099609375
2023-03-17,54.53312301635742,183.77000427246094,152.6459503173828,93.32415008544922,374.3253173828125,89.53843688964844,116.06063079833984,138.55865478515625
2023-03-20,55.060096740722656,183.83999633789062,155.0094757080078,92.50309753417969,377.92474365234375,91.8791275024414,117.28756713867188,139.9317169189453
2023-03-21,54.805702209472656,180.3699951171875,156.8609161376953,91.7083740234375,382.8870849609375,95.99552154541016,120.43331909179688,139.9317169189453
2023-03-22,54.560386657714844,183.44000244140625,155.43296813964844,92.93111419677734,376.3601379394531,93.7983169555664,117.32447052001953,137.34930419921875
2023-03-23,54.4422607421875,185.74000549316406,156.51622009277344,92.93111419677734,377.37762451171875,92.74007415771484,117.01082611083984,137.4220733642578
2023-03-24,55.33267593383789,183.64999389648438,157.8162078857422,93.32415008544922,379.85400390625,92.84769439697266,115.23037719726562,138.80418395996094
2023-03-27,55.741539001464844,181.9499969482422,155.87611389160156,91.13187408447266,380.56427001953125,94.88347625732422,118.532958984375,139.39523315429688
2023-03-28,55.80513381958008,183.44000244140625,155.2556610107422,91.29783630371094,379.71002197265625,96.06727600097656,118.89273834228516,138.0494842529297
2023-03-29,56.204917907714844,182.52999877929688,158.3283233642578,91.11439514160156,385.22906494140625,97.71742248535156,119.13258361816406,139.4043426513672
2023-03-30,56.195831298828125,184.17999267578125,159.89414978027344,91.53369140625,387.4846496582031,98.19274139404297,118.77278900146484,139.51344299316406
2023-03-31,56.35936737060547,183.22000122070312,162.39556884765625,92.9048843383789,392.94610595703125,98.34519958496094,120.21190643310547,140.94102478027344
2023-04-03,56.69554901123047,184.5399932861328,163.64630126953125,93.34185028076172,394.4434814453125,104.1476058959961,120.07353973388672,142.6232452392578
2023-04-04,56.52292251586914,187.97999572753906,163.114501953125,93.805908203125,392.25506591796875,103.15214538574219,118.46836853027344,144.1144561767578
2023-04-05,57.05898666381836,187.8300018310547,161.27288818359375,94.78662872314453,391.2280578613281,104.91889190673828,118.64501953125,150.5886688232422
2023-04-06,57.095333099365234,186.49000549316406,162.15919494628906,95.03179931640625,392.7541809082031,103.17906951904297,118.51486206054688,150.17039489746094
2023-04-10,56.95903778076172,185.11000061035156,159.5691680908203,93.49943542480469,393.1572570800781,102.72168731689453,118.90535736083984,149.41567993164062
2023-04-11,56.859100341796875,186.27999877929688,158.35781860351562,93.69210052490234,393.2628173828125,103.4480972290039,119.49109649658203,149.37020874023438
2023-04-12,56.95903778076172,187.19000244140625,157.66848754882812,93.5958023071289,391.659912109375,103.3404769897461,119.47250366210938,149.05198669433594
2023-04-13,57.376991271972656,189.72000122070312,163.04556274414062,92.8602523803711,396.8622131347656,103.82476806640625,119.92807006835938,151.04330444335938
2023-04-14,57.286128997802734,186.36000061035156,162.70086669921875,92.01091003417969,395.8927917480469,104.07587432861328,128.9838104248047,150.7978057861328
2023-04-17,57.65864562988281,185.52999877929688,162.72055053710938,90.9163589477539,397.3133850097656,102.86516571044922,130.0065460205078,150.64321899414062
2023-04-18,57.749507904052734,186.25,163.9417266845703,91.24034881591797,397.572509765625,104.8740463256836,131.4662322998047,146.4058837890625
2023-04-19,57.85853576660156,185.36000061035156,165.08412170410156,91.15278625488281,397.5053405761719,104.54222869873047,131.2988739013672,147.78805541992188
2023-04-20,58.11294174194336,186.08999633789062,164.11898803710938,91.93209075927734,395.3361511230469,103.70816802978516,130.9176788330078,148.7427978515625
2023-04-21,58.19470977783203,184.25,162.51376342773438,91.41545104980469,395.64324951171875,104.04000091552734,130.6666717529297,147.93353271484375
2023-04-24,58.103858947753906,184.80999755859375,162.8190460205078,92.2999038696289,396.0560302734375,106.0040283203125,130.84332275390625,148.83370971679688
2023-04-25,58.01299285888672,185.75,161.28273010253906,93.65708923339844,389.7690734863281,104.49737548828125,127.99829864501953,150.19766235351562
2023-04-26,57.740421295166016,184.74000549316406,161.27288818359375,92.65887451171875,388.1181945800781,103.53778076171875,125.72970581054688,147.869873046875
2023-04-27,57.85853576660156,184.75,165.85226440429688,91.73945617675781,395.8448181152344,104.775390625,127.42183685302734,148.2153778076172
2023-04-28,58.28557205200195,184.8000030517578,167.10293579101562,93.21923065185547,399.2234191894531,106.12958526611328,128.52822875976562,148.85191345214844
2023-05-01,58.42185974121094,183.97000122070312,167.0143280029297,90.53132629394531,398.8202819824219,102.8382568359375,131.28030395507812,148.760986328125
2023-05-02,58.15837097167969,187.52000427246094,165.98023986816406,92.78736877441406,394.3378601074219,98.73979187011719,129.16049194335938,150.06130981445312
2023-05-03,57.83128356933594,189.11000061035156,164.90684509277344,93.30530548095703,391.6311340332031,96.79370880126953,126.42700958251953,148.09716796875
2023-05-04,57.89488220214844,190.44000244140625,163.2720489501953,92.38355255126953,388.85723876953125,95.09871673583984,124.69770050048828,147.42433166503906
2023-05-05,58.16745376586914,187.4600067138672,170.93389892578125,92.07633209228516,396.0560302734375,97.46631622314453,127.13362884521484,147.92440795898438
2023-05-08,58.076595306396484,187.69000244140625,170.86495971679688,90.78590393066406,396.1615905761719,97.8519515991211,127.44046020507812,147.58799743652344
2023-05-09,57.59504699707031,189.02000427246094,169.16123962402344,90.46110534667969,394.4242248535156,97.87884521484375,126.82679748535156,146.44227600097656
2023-05-10,57.69498825073242,188.75,170.92405700683594,91.33893585205078,396.2671203613281,96.6233139038086,126.89188385009766,146.9878387451172
2023-05-11,58.02207565307617,187.1300048828125,171.1111602783203,92.30458068847656,395.5760803222656,94.87451171875,126.49205780029297,146.38772583007812
2023-05-12,58.249229431152344,186.80999755859375,170.18414306640625,91.53205871582031,395.0577697753906,94.86553192138672,124.6791000366211,146.1967315673828
2023-05-15,58.09476852416992,187.2100067138672,169.69107055664062,90.58401489257812,396.42071533203125,95.04645538330078,125.72970581054688,145.07833862304688
2023-05-16,57.440589904785156,184.8699951171875,169.69107055664062,90.3118667602539,393.7715759277344,92.7397232055664,124.88363647460938,144.88735961914062
2023-05-17,57.376991271972656,184.22999572753906,170.302490234375,90.04853057861328,398.55157470703125,94.82030487060547,128.72344970703125,144.5691375732422
2023-05-18,57.05898666381836,181.83999633789062,172.62986755371094,89.38134002685547,402.390869140625,95.6796875,129.69970703125,144.10536193847656
2023-05-19,57.08624267578125,183.63999938964844,172.7383575439453,88.74930572509766,401.8053894042969,96.12294006347656,129.4021759033203,144.49639892578125
2023-05-22,55.88691711425781,183.2100067138672,171.79161071777344,88.43331146240234,401.96856689453125,94.95600128173828,128.3330078125,143.71763610839844
2023-05-23,55.78697204589844,183.42999267578125,169.18809509277344,88.68787384033203,397.4573059082031,96.24958038330078,126.994140625,143.66268920898438
2023-05-24,55.31449890136719,181.9499969482422,169.46421813964844,88.24893951416016,394.57781982421875,97.32605743408203,125.83196258544922,143.5252227783203
2023-05-25,54.88747024536133,180.1999969482422,170.5983428955078,88.02950286865234,397.9947814941406,95.5801773071289,126.1387939453125,141.46389770507812
2023-05-26,54.75117492675781,180.9199981689453,173.0045928955078,88.74053192138672,403.1491394042969,94.95600128173828,127.31959533691406,141.408935546875
2023-05-30,54.315059661865234,182.0399932861328,174.8487548828125,89.62716674804688,403.30267333984375,94.1147232055664,127.80302429199219,141.42724609375
2023-05-31,54.206031799316406,182.32000732421875,174.79946899414062,90.40843963623047,401.0662841796875,92.4321517944336,126.17597198486328,142.05938720703125
2023-06-01,54.51494598388672,183.75999450683594,177.60020446777344,90.76314544677734,404.8768310546875,93.49959564208984,127.91459655761719,141.58299255371094
2023-06-02,55.56890106201172,181.0500030517578,178.44827270507812,89.76854705810547,410.7318420410156,95.67063903808594,130.60157775878906,143.8092803955078
2023-06-05,55.19639205932617,182.13999938964844,177.09719848632812,89.601318359375,409.9447326660156,95.24546813964844,129.31851196289062,145.04608154296875
2023-06-06,54.79661178588867,182.33999633789062,176.73236083984375,90.12942504882812,410.83746337890625,96.02342224121094,129.5509490966797,144.9178009033203
2023-06-07,54.71484375,180.14999389648438,175.36158752441406,88.79156494140625,409.4168395996094,98.1763916015625,130.80613708496094,145.22930908203125
2023-06-08,54.85112380981445,182.52999877929688,178.0735626220703,89.83013916015625,411.8932189941406,97.86880493164062,130.84332275390625,146.8234100341797
2023-06-09,54.94198989868164,182.0399932861328,178.4581756591797,89.70691680908203,412.63232421875,97.1451416015625,131.10362243652344,146.59437561035156
2023-06-12,54.70575714111328,181.8800048828125,181.24903869628906,89.97098541259766,416.3756408691406,96.26766967773438,131.09434509277344,146.4936065673828
2023-06-13,54.92382049560547,180.5399932861328,180.77566528320312,89.08201599121094,419.12078857421875,96.2857666015625,132.0426483154297,147.26318359375
2023-06-14,55.29633712768555,180.63999938964844,181.4068145751953,89.79495239257812,419.619873046875,95.12786865234375,131.54994201660156,148.01443481445312
2023-06-15,56.05619812011719,181.91000366210938,183.4383544921875,90.65748596191406,424.8221740722656,95.78822326660156,133.0375213623047,150.00247192382812
2023-06-16,56.459022521972656,181.6300048828125,182.36341857910156,90.30545806884766,423.3750915527344,95.10073852539062,133.19558715820312,150.4605712890625
2023-06-20,56.08366012573242,179.75,182.4521484375,90.93035125732422,421.1785583496094,92.92064666748047,132.51686096191406,150.36895751953125
2023-06-21,56.23930358886719,179.49000549316406,181.4166717529297,91.1504135131836,419.0205993652344,93.96092224121094,132.3216094970703,150.13992309570312
2023-06-22,56.623817443847656,177.7100067138672,184.4146270751953,90.05022430419922,420.5331726074219,93.44532012939453,129.7741241455078,151.73402404785156
2023-06-23,56.02873611450195,178.1999969482422,184.0990753173828,90.94796752929688,417.3539123535156,92.63117980957031,129.09539794921875,151.6057586669922
2023-06-26,56.04704284667969,178.50999450683594,182.7085723876953,91.04480743408203,415.648681640625,94.34085845947266,129.41148376464844,149.91085815429688
2023-06-27,55.92803192138672,177.69000244140625,185.45997619628906,90.80713653564453,420.20556640625,94.57606506347656,129.42079162597656,149.59938049316406
2023-06-28,55.40619659423828,177.27999877929688,186.63352966308594,91.19442749023438,420.4175109863281,95.34497833251953,128.85362243652344,149.2970428466797
2023-06-29,54.94844436645508,177.08999633789062,186.96884155273438,89.54847717285156,422.0744934082031,96.52095031738281,133.35360717773438,150.3414764404297
2023-06-30,55.13154602050781,178.27000427246094,191.2882843017578,90.60469818115234,427.0552673339844,97.01847839355469,135.222412109375,151.64239501953125
2023-07-03,55.461124420166016,178.47000122070312,189.79916381835938,90.091064453125,427.54669189453125,97.20845794677734,136.3102264404297,149.65435791015625
2023-07-05,55.87309646606445,177.83999633789062,188.68479919433594,89.2350082397461,426.91082763671875,96.7109375,135.40216064453125,149.15963745117188
2023-07-06,55.442813873291016,177.30999755859375,189.1581573486328,87.97293853759766,423.56781005859375,93.10157012939453,134.06349182128906,148.0510711669922
2023-07-07,54.71041488647461,178.63999938964844,188.04376220703125,87.44340515136719,422.49847412109375,93.31867980957031,135.12135314941406,145.8981170654297
2023-07-10,54.298439025878906,178.77999877929688,186.0023956298828,87.55814361572266,423.56781005859375,94.70270538330078,135.87957763671875,146.1362762451172
2023-07-11,54.49068832397461,179.4499969482422,185.47975158691406,88.00824737548828,426.265380859375,95.86058807373047,138.00462341308594,145.330078125
2023-07-12,54.78365707397461,181.8800048828125,187.1463623046875,88.98788452148438,429.695068359375,96.33099365234375,138.68801879882812,144.82618713378906
2023-07-13,55.25056076049805,182.00999450683594,187.90573120117188,89.92339324951172,433.10546875,94.5670166015625,139.3620147705078,145.4949951171875
2023-07-14,55.75408172607422,181.42999267578125,188.0536346435547,89.39385223388672,432.83575439453125,91.31044006347656,140.2045135498047,146.46609497070312
2023-07-17,55.67169952392578,181.55999755859375,191.30801391601562,89.43798065185547,434.3385925292969,91.70848083496094,143.58396911621094,145.7332000732422
2023-07-18,55.45196533203125,183.63999938964844,191.0515899658203,89.84396362304688,437.5660400390625,91.29237365722656,143.8461151123047,145.7240447998047
2023-07-19,56.43155288696289,183.6699981689453,192.4026641845703,90.85891723632812,438.5390625,91.92558288574219,144.39842224121094,145.43089294433594
2023-07-20,57.118186950683594,182.74000549316406,190.4598846435547,89.75570678710938,435.62957763671875,93.5448226928711,146.1770477294922,154.26260375976562
2023-07-21,57.1639518737793,182.17999267578125,189.286376953125,89.78217315673828,435.62957763671875,93.97904205322266,145.0537109375,155.92086791992188
2023-07-24,57.1822624206543,181.39999389648438,190.08518981933594,89.45562744140625,437.57568359375,95.45353698730469,147.90887451171875,156.7362518310547
2023-07-25,56.990013122558594,182.41000366210938,190.943115234375,89.28792572021484,438.7702331542969,95.59825897216797,146.80426025390625,157.93641662597656
2023-07-26,57.722408294677734,183.3000030517578,191.81097412109375,89.37618255615234,438.8377380371094,95.06454467773438,147.68423461914062,158.2387237548828
2023-07-27,57.1639518737793,180.4199981689453,190.54867553710938,87.63755798339844,435.92816162109375,95.36306762695312,146.05535888671875,159.12741088867188
2023-07-28,57.20056915283203,181.86000061035156,193.1226043701172,88.08766174316406,440.19610595703125,94.22328186035156,146.8885040283203,159.85118103027344
2023-07-31,56.697052001953125,182.35000610351562,193.73399353027344,88.29948425292969,441.03424072265625,97.00943756103516,147.87144470214844,153.48390197753906
2023-08-01,56.55057144165039,180.4600067138672,192.9056396484375,86.85250854492188,439.772216796875,96.4485855102539,147.1412811279297,154.72987365722656
2023-08-02,56.724517822265625,179.60000610351562,189.91751098632812,85.92330169677734,433.65460205078125,95.24546813964844,145.47494506835938,155.6643524169922
2023-08-03,56.43155288696289,179.5399932861328,188.52699279785156,83.94093322753906,432.411865234375,96.90087890625,146.36428833007812,156.33311462402344
2023-08-04,55.580142974853516,180.19000244140625,179.4739227294922,85.4277114868164,430.4561462402344,97.17227172851562,146.05535888671875,154.8672637939453
2023-08-07,56.01957321166992,179.77999877929688,176.37733459472656,84.58696746826172,434.21337890625,96.97323608398438,146.7480926513672,158.58688354492188
2023-08-08,55.77238845825195,178.63999938964844,177.314208984375,85.56929016113281,432.3251037597656,97.45269775390625,145.92430114746094,158.66017150878906
2023-08-09,55.90055847167969,177.7899932861328,175.7264404296875,86.01178741455078,429.4349365234375,99.10810089111328,143.96775817871094,158.55941772460938
2023-08-10,55.77238845825195,177.60000610351562,175.50950622558594,84.59577178955078,429.5890197753906,99.61469268798828,143.75244140625,157.73487854003906
2023-08-11,56.00127029418945,177.60000610351562,175.5687255859375,84.401123046875,429.3385925292969,101.16156005859375,144.5856170654297,159.2740020751953
2023-08-14,55.735774993896484,177.05999755859375,177.21788024902344,84.21527862548828,431.70855712890625,101.24297332763672,144.88519287109375,158.8983612060547
2023-08-15,55.36042404174805,176.58999633789062,175.23300170898438,83.70198059082031,426.6795959472656,98.64372253417969,141.1968231201172,158.44029235839844
2023-08-16,55.369571685791016,175.57000732421875,174.36398315429688,83.04705810546875,423.548583984375,96.98385620117188,140.5977325439453,157.93641662597656
2023-08-17,55.48859405517578,175.3000030517578,171.8260955810547,82.6930923461914,420.3211669921875,98.86261749267578,139.13731384277344,159.42056274414062
2023-08-18,55.79985809326172,175.3300018310547,172.30999755859375,82.98512268066406,420.5235290527344,100.35832214355469,139.4556121826172,158.02804565429688
2023-08-21,55.32380676269531,175.80999755859375,173.64312744140625,81.87891387939453,423.2595520019531,99.14533996582031,139.93304443359375,153.31898498535156
2023-08-22,54.98506546020508,176.10000610351562,175.01576232910156,82.50724792480469,422.1130676269531,98.58899688720703,137.03103637695312,152.1005096435547
2023-08-23,55.17732238769531,177.88999938964844,178.85714721679688,84.55155181884766,426.8144226074219,97.72260284423828,137.95779418945312,150.7353973388672
2023-08-24,55.03083419799805,177.85000610351562,174.17637634277344,83.99403381347656,420.89923095703125,96.99297332763672,137.8267364501953,151.2484588623047
2023-08-25,55.28718185424805,177.6199951171875,176.3784942626953,84.26837158203125,423.86651611328125,98.7258071899414,137.6582794189453,153.41705322265625
2023-08-28,55.442813873291016,178.1300048828125,177.93878173828125,84.35687255859375,426.5543518066406,99.55575561523438,138.1356964111328,151.6083526611328
2023-08-29,55.38787841796875,179.8699951171875,181.81968688964844,85.23300170898438,432.72015380859375,100.14855194091797,139.25900268554688,151.62680053710938
2023-08-30,55.36042404174805,180.32000732421875,185.30555725097656,85.1445083618164,434.50244140625,101.1244125366211,138.69737243652344,151.09156799316406
2023-08-31,54.774505615234375,180.02000427246094,185.52279663085938,85.52500915527344,433.8665771484375,101.4071273803711,136.98423767089844,149.19979858398438
2023-09-01,54.298439025878906,180.11000061035156,187.0929412841797,84.1927261352539,434.6758117675781,103.5321273803711,137.4429473876953,148.09243774414062
2023-09-05,53.84983444213867,178.63999938964844,187.32994079589844,83.01212310791016,432.79718017578125,103.54125213623047,135.92637634277344,148.27699279785156
2023-09-06,53.8132209777832,177.8300018310547,180.62477111816406,83.21627807617188,429.88775634765625,104.4350357055664,135.70172119140625,145.81309509277344
2023-09-07,53.401248931884766,178.02000427246094,175.34161376953125,83.44707489013672,428.56787109375,103.92430114746094,134.54092407226562,147.6771697998047
2023-09-08,53.401248931884766,178.0800018310547,175.95387268066406,83.76661682128906,429.2133483886719,105.43826293945312,134.64393615722656,148.166259765625
2023-09-11,53.9047737121582,178.41000366210938,177.11915588378906,83.16303253173828,432.0361328125,104.11583709716797,135.23365783691406,150.10418701171875
2023-09-12,53.373779296875,177.49000549316406,174.0973663330078,83.64236450195312,429.6661071777344,107.15284729003906,136.99359130859375,150.95315551757812
2023-09-13,53.501949310302734,177.0800018310547,172.03346252441406,83.62461853027344,430.16705322265625,106.19522857666016,137.05911254882812,151.3314971923828
2023-09-14,53.94487380981445,177.1699981689453,173.54437255859375,83.0210189819336,433.8761291503906,108.09222412109375,139.71774291992188,151.10081481933594
2023-09-15,53.465030670166016,178.33999633789062,172.8234405517578,82.51506042480469,428.64874267578125,106.4323501586914,139.3058319091797,148.9875946044922
2023-09-18,53.79723358154297,179.38999938964844,175.74649047851562,82.98551940917969,428.9001159667969,107.2896499633789,139.59603881835938,149.92881774902344
2023-09-19,53.68650817871094,179.22000122070312,176.83274841308594,82.37305450439453,428.0106201171875,107.00691986083984,139.4181365966797,149.67967224121094
2023-09-20,53.926422119140625,179.35000610351562,173.29750061035156,82.63043975830078,424.07574462890625,106.15874481201172,138.8284149169922,150.33486938476562
2023-09-21,53.09592819213867,178.0500030517578,171.75694274902344,80.50897216796875,417.06646728515625,104.66304016113281,137.74249267578125,149.18136596679688
2023-09-22,53.15129852294922,178.6199951171875,172.6062469482422,81.15699005126953,416.12872314453125,104.82720184326172,136.4225311279297,148.11090087890625
2023-09-25,52.59763717651367,177.6999969482422,173.88011169433594,79.15977478027344,417.8786315917969,106.00370788574219,137.0965576171875,147.88943481445312
2023-09-26,52.1639404296875,176.27999877929688,169.8115997314453,78.88463592529297,411.73944091796875,106.16786193847656,135.67364501953125,146.74514770507812
2023-09-27,51.62873077392578,174.10000610351562,168.3007049560547,78.47630310058594,411.90380859375,109.62439727783203,136.46937561035156,144.98260498046875
2023-09-28,51.49955368041992,173.22999572753906,168.55746459960938,78.7159423828125,414.291748046875,108.95863342285156,138.16375732421875,144.77035522460938
2023-09-29,51.65641403198242,171.4499969482422,169.0709686279297,78.724853515625,413.28631591796875,107.23493957519531,135.75791931152344,143.72756958007812
2023-10-02,51.195030212402344,169.64999389648438,171.5792236328125,77.40696716308594,413.1219177246094,105.45649719238281,134.58775329589844,143.1738739013672
2023-10-03,50.64137649536133,169.16000366210938,170.24607849121094,75.74183654785156,407.59185791015625,105.63890075683594,133.5954132080078,143.34921264648438
2023-10-04,50.78902053833008,169.13999938964844,171.49037170410156,76.81034851074219,410.5599670410156,101.68987274169922,134.19456481933594,143.51531982421875
2023-10-05,48.3344612121582,168.8300018310547,172.7247314453125,76.42747497558594,410.40521240234375,99.40070343017578,134.76036071777344,145.01023864746094
2023-10-06,49.0357666015625,169.6999969482422,175.2725067138672,75.50143432617188,415.2779235839844,97.7408218383789,136.83509826660156,145.4716796875
2023-10-09,48.79584884643555,172.82000732421875,176.75375366210938,77.2734146118164,417.9366149902344,101.16089630126953,136.52386474609375,146.30218505859375
2023-10-10,49.857025146484375,172.52999877929688,176.1612548828125,77.16654968261719,420.1119384765625,100.73224639892578,137.3537139892578,146.13612365722656
2023-10-11,49.561737060546875,173.7899932861328,177.55364990234375,78.77827453613281,421.83282470703125,97.12065887451172,137.82525634765625,144.1243438720703
2023-10-12,48.73124694824219,173.25999450683594,178.4522705078125,76.64119720458984,419.2611083984375,97.1024169921875,137.50462341308594,144.26278686523438
2023-10-13,48.8050651550293,178.8300018310547,176.61550903320312,78.01245880126953,417.1728210449219,100.20327758789062,139.5699005126953,144.74266052246094
2023-10-16,49.303367614746094,177.9600067138672,176.4871368408203,76.75694274902344,421.5621032714844,100.27623748779297,139.42843627929688,145.37014770507812
2023-10-17,49.8939323425293,178.2899932861328,174.93675231933594,75.91100311279297,421.5427551269531,101.58954620361328,139.12667846679688,144.0413055419922
2023-10-18,49.8754768371582,180.8699951171875,173.64312744140625,75.24317932128906,415.9256286621094,103.01227569580078,137.59893798828125,140.94070434570312
2023-10-19,50.152305603027344,183.08999633789062,173.26785278320312,73.70270538330078,412.2712097167969,103.07612609863281,137.01425170898438,140.56234741210938
2023-10-20,50.355323791503906,183.58999633789062,170.7200927734375,74.12117004394531,407.2051696777344,101.30682373046875,134.80755615234375,141.18984985351562
2023-10-23,49.90316390991211,182.97000122070312,170.83859252929688,75.01165771484375,406.4994201660156,99.82022857666016,132.96864318847656,139.70411682128906
2023-10-24,51.342674255371094,182.9499969482422,171.27308654785156,76.00004577636719,409.5641174316406,98.8534927368164,133.12892150878906,139.5564727783203
2023-10-25,51.78561019897461,183.72000122070312,168.96234130859375,74.30819702148438,403.6859436035156,99.035888671875,132.4027557373047,139.8702392578125
2023-10-26,51.47186279296875,184.00999450683594,164.80494689941406,75.44796752929688,398.85205078125,98.13299560546875,132.74224853515625,137.4986114501953
2023-10-27,50.97357177734375,186.14999389648438,166.1183319091797,75.1274185180664,397.0441589355469,96.26335906982422,127.9610824584961,134.3610382080078
2023-10-30,51.813289642333984,185.10000610351562,168.1624298095703,74.78902435302734,401.7911682128906,96.5643310546875,129.59251403808594,135.6806640625
2023-10-31,52.12703323364258,184.08999633789062,168.63645935058594,74.42395782470703,404.3144226074219,96.5369644165039,131.1391143798828,136.88954162597656
2023-11-01,52.08088302612305,183.50999450683594,171.79647827148438,76.03764343261719,408.6263732910156,96.34544372558594,131.0259552001953,137.21250915527344
2023-11-02,52.68069076538086,184.1199951171875,175.35150146484375,77.77104187011719,416.4574279785156,99.51014709472656,133.3646697998047,138.64288330078125
2023-11-03,52.35771560668945,184.7899932861328,174.44300842285156,78.2981948852539,420.2569580078125,98.29715728759766,134.85467529296875,139.657958984375
2023-11-06,52.5699577331543,183.35000610351562,176.99078369140625,77.53873443603516,421.2237243652344,96.55521392822266,135.87318420410156,139.99017333984375
2023-11-07,52.76373291015625,182.58999633789062,179.54843139648438,78.68242645263672,422.42254638671875,95.04125213623047,135.8071746826172,139.25192260742188
2023-11-08,52.68069076538086,180.77000427246094,180.6050262451172,80.02268981933594,422.73193359375,93.8738784790039,136.4767303466797,138.74440002441406
2023-11-09,52.283897399902344,181.49000549316406,180.13101196289062,78.18204498291016,419.4352111816406,93.90123748779297,136.07119750976562,136.04055786132812
2023-11-10,52.339271545410156,179.50999450683594,184.3136749267578,78.6198501586914,425.9803771972656,94.6217269897461,138.08929443359375,135.88369750976562
2023-11-13,52.533042907714844,180.50999450683594,182.73158264160156,78.4411392211914,425.5743408203125,95.6158218383789,137.476318359375,136.23435974121094
2023-11-14,52.68991470336914,182.1199951171875,185.342041015625,80.21924591064453,433.83074951171875,95.98397827148438,139.98484802246094,136.2620391845703
2023-11-15,52.791419982910156,181.63999938964844,185.9056396484375,79.09344482421875,434.7491760253906,95.40415954589844,141.21078491210938,137.3140411376953
2023-11-16,52.73604965209961,183.69000244140625,187.58660888671875,80.07627868652344,435.2809143066406,94.29973602294922,142.8233642578125,138.5137176513672
2023-11-17,52.837554931640625,183.6699981689453,187.56687927246094,80.45158386230469,435.8223876953125,96.6006088256836,144.1153564453125,138.22763061523438
2023-11-20,52.96674728393555,183.3699951171875,189.30715942382812,80.94297790527344,439.1771240234375,96.17726135253906,144.5585479736328,139.44618225097656
2023-11-21,53.548091888427734,185.35000610351562,188.5062255859375,80.90725708007812,438.219970703125,96.14044189453125,144.2567901611328,140.5717010498047
2023-11-22,53.907962799072266,184.55999755859375,189.168701171875,81.19316101074219,439.911865234375,95.72628021240234,144.59628295898438,140.29269409179688
2023-11-24,54.046382904052734,185.52000427246094,187.84373474121094,80.23714447021484,440.1826171875,96.2416763305664,144.79432678222656,141.85537719726562
2023-11-27,53.94487380981445,186.77000427246094,187.66574096679688,81.57740020751953,439.3898620605469,95.68025207519531,144.46426391601562,140.7205352783203
2023-11-28,54.05561065673828,189.25999450683594,188.26889038085938,81.73823547363281,439.8248596191406,95.62503814697266,144.79432678222656,141.04611206054688
2023-11-29,53.732635498046875,189.5399932861328,187.25042724609375,82.7657470703125,439.51544189453125,94.18927001953125,145.52993774414062,141.4925994873047
2023-11-30,54.35581970214844,188.75,187.82394409179688,81.8096923828125,441.2460632324219,94.55742645263672,147.1896514892578,143.86463928222656
2023-12-01,54.541839599609375,192.00999450683594,189.09950256347656,83.35051727294922,443.85638427734375,94.78752136230469,147.9063720703125,147.3249969482422
2023-12-04,54.47672653198242,187.86000061035156,187.3097381591797,83.01889038085938,441.5265197753906,94.2721176147461,148.99085998535156,147.79005432128906
2023-12-05,54.5604362487793,187.14999389648438,191.25511169433594,84.80258178710938,441.4394226074219,92.44061279296875,148.97201538085938,147.4831085205078
2023-12-06,54.504638671875,187.83999633789062,190.1674346923828,85.93195343017578,439.6605224609375,91.21654510498047,147.4065704345703,145.6878204345703
2023-12-07,54.634857177734375,188.14999389648438,192.09559631347656,85.43898010253906,443.0152893066406,90.58147430419922,147.8592071533203,144.55296325683594
2023-12-08,54.513938903808594,185.63999938964844,193.5194854736328,84.73983764648438,444.9199523925781,91.6214828491211,149.49066162109375,143.64137268066406
2023-12-11,54.913883209228516,183.58999633789062,191.01780700683594,84.56056213378906,446.65045166015625,91.6859130859375,150.03762817382812,144.23670959472656
2023-12-12,55.267333984375,183.49000549316406,192.53067016601562,84.81153869628906,448.69036865234375,90.2409439086914,151.37673950195312,144.2460479736328
2023-12-13,55.7416877746582,187.6300048828125,195.74429321289062,86.8014144897461,454.8779296875,91.04166412353516,151.88600158691406,144.91574096679688
2023-12-14,54.913883209228516,188.72999572753906,195.89260864257812,89.05935668945312,456.3377685546875,93.48981475830078,154.6490936279297,145.9203643798828
2023-12-15,54.504638671875,187.0,195.35867309570312,89.15827941894531,455.5863952636719,92.86396789550781,155.8184356689453,144.32972717285156
2023-12-18,54.89528274536133,187.85000610351562,193.6974639892578,88.44790649414062,458.1491394042969,93.55423736572266,156.7615203857422,144.59019470214844
2023-12-19,54.718563079833984,189.1300048828125,194.73570251464844,88.92447662353516,460.93505859375,94.78752136230469,158.85504150390625,145.53897094726562
2023-12-20,53.583824157714844,188.10000610351562,192.64930725097656,89.5269775390625,454.54779052734375,93.20449829101562,157.0632781982422,142.57167053222656
2023-12-21,53.93727111816406,189.42999267578125,192.50099182128906,88.96044921875,458.8577575683594,93.62787628173828,157.9591522216797,144.03204345703125
2023-12-22,54.244205474853516,190.27000427246094,191.43309020996094,88.55581665039062,459.7798767089844,93.79352569580078,157.86485290527344,144.60879516601562
2023-12-26,54.467437744140625,191.72000122070312,190.88926696777344,88.8075942993164,461.7213439941406,94.00521850585938,158.7984619140625,145.2413330078125
2023-12-27,54.60694122314453,192.58999633789062,190.98814392089844,90.38121795654297,462.5561828613281,93.56344604492188,159.7509307861328,145.4366455078125
2023-12-28,54.6441535949707,191.47000122070312,191.413330078125,89.72477722167969,462.73089599609375,92.21051025390625,160.5996856689453,145.65060424804688
2023-12-29,54.81157684326172,191.1699981689453,190.37503051757812,88.91547393798828,461.3913269042969,92.01724243164062,160.41107177734375,145.79946899414062
2024-01-02,55.639373779296875,190.72000122070312,183.5621795654297,88.40296173095703,458.8092346191406,94.20769500732422,162.27828979492188,148.80398559570312
2024-01-03,55.76958465576172,189.1300048828125,182.18775939941406,88.77159118652344,455.0622863769531,94.99919128417969,161.57101440429688,149.7341766357422
2024-01-04,55.58356857299805,189.32000732421875,179.8739471435547,87.42278289794922,453.5964660644531,94.17088317871094,162.64320373535156,149.4179229736328
2024-01-05,55.499855041503906,189.35000610351562,179.152099609375,86.58650970458984,454.2177429199219,94.45619201660156,163.45919799804688,149.88304138183594
2024-01-08,55.90910720825195,187.8699951171875,183.48306274414062,87.44076538085938,460.7021484375,92.88237762451172,163.22203063964844,150.25509643554688
2024-01-09,55.806793212890625,187.92999267578125,183.0677947998047,86.88324737548828,460.0032043457031,91.73191833496094,161.9315643310547,150.34811401367188
2024-01-10,55.99281692504883,187.5,184.10604858398438,86.47858428955078,462.604736328125,90.82999420166016,162.27317810058594,150.57135009765625
2024-01-11,55.63007354736328,187.8699951171875,183.5127716064453,86.96417236328125,462.40087890625,90.81156158447266,161.58999633789062,149.90162658691406
2024-01-12,56.16954040527344,189.7100067138672,183.83905029296875,86.7933120727539,462.72119140625,91.98963165283203,160.4039306640625,151.0550537109375
2024-01-16,55.7974967956543,187.91000366210938,181.57470703125,85.26463317871094,461.02239990234375,89.90962982177734,159.39813232421875,149.31558227539062
2024-01-17,55.7974967956543,185.83999633789062,180.6352996826172,85.12974548339844,458.45977783203125,89.25617980957031,158.54415893554688,149.23187255859375
2024-01-18,55.95560836791992,187.3699951171875,186.51873779296875,84.33842468261719,462.5367736816406,89.09050750732422,158.8572998046875,149.9574432373047
2024-01-19,55.64867401123047,187.92999267578125,189.41592407226562,84.60819244384766,468.3028259277344,89.22855377197266,161.59947204589844,150.39462280273438
2024-01-22,55.40684509277344,187.22000122070312,191.71983337402344,85.11175537109375,469.29296875,89.10891723632812,161.40969848632812,151.1294708251953
2024-01-23,55.66727066040039,187.9499969482422,192.9954071044922,84.43733978271484,470.66162109375,90.11210632324219,160.34698486328125,148.65516662597656
2024-01-24,54.792972564697266,186.39999389648438,192.32302856445312,83.9427719116211,471.1761779785156,91.6675033569336,161.7797393798828,147.864501953125
2024-01-25,55.0255012512207,187.13999938964844,191.99671936035156,84.49129486083984,473.73883056640625,93.9959945678711,164.094970703125,148.42259216308594
2024-01-26,55.220821380615234,187.00999450683594,190.26629638671875,84.3294448852539,473.13702392578125,94.79670715332031,163.46871948242188,148.36680603027344
2024-01-29,55.5556640625,188.3300018310547,189.5840301513672,85.30058288574219,476.8839416503906,94.91637420654297,163.89569091796875,148.23655700683594
2024-01-30,55.71378707885742,188.58999633789062,185.93533325195312,86.07394409179688,476.5151062011719,96.49937438964844,167.25465393066406,147.68777465820312
2024-01-31,55.33243942260742,188.4499969482422,182.33607482910156,86.919189453125,468.7396545410156,94.6218490600586,165.44235229492188,147.80868530273438
2024-02-01,56.71830368041992,190.41000366210938,184.76853942871094,88.62421417236328,474.8745422363281,94.23529815673828,164.84457397460938,147.30638122558594
2024-02-02,56.30904769897461,188.61000061035156,183.76983642578125,86.66661071777344,479.873779296875,93.84876251220703,165.79339599609375,145.67852783203125
2024-02-05,55.843994140625,187.57000732421875,185.579345703125,84.9164810180664,478.12652587890625,93.46220397949219,165.5751953125,144.92506408691406
2024-02-06,55.7509880065918,188.5500030517578,187.18121337890625,85.74644470214844,479.5146789550781,94.1064453125,166.1444854736328,147.0272979736328
2024-02-07,55.7974967956543,188.5,187.2899932861328,85.33147430419922,483.5139465332031,94.07884979248047,166.4575958251953,146.95289611816406
2024-02-08,55.64867401123047,188.3300018310547,186.2122039794922,84.8353042602539,483.72747802734375,95.68946838378906,165.85984802246094,145.483154296875
2024-02-09,55.39754867553711,187.60000610351562,186.9745330810547,84.66392517089844,486.523193359375,93.6646728515625,166.05909729003906,145.81805419921875
2024-02-12,55.52775955200195,187.11000061035156,185.29141235351562,84.76315307617188,486.30963134765625,94.95318603515625,166.7991943359375,146.83197021484375
2024-02-13,55.20221710205078,184.52999877929688,183.20237731933594,83.31072998046875,479.6116638183594,94.13572692871094,165.3474578857422,145.5482940673828
2024-02-14,55.14640808105469,184.4199981689453,182.32122802734375,83.73472595214844,483.9701843261719,93.67127227783203,167.0269317626953,144.86923217773438
2024-02-15,55.24872589111328,185.66000366210938,182.03408813476562,84.1677474975586,487.3094177246094,96.3558349609375,170.6705322265625,146.89707946777344
2024-02-16,55.23942184448242,186.33999633789062,180.49949645996094,83.68059539794922,484.8827209472656,96.3558349609375,169.87350463867188,146.72836303710938
2024-02-20,56.4578742980957,187.47000122070312,179.75692749023438,83.75276947021484,482.2131652832031,95.44550323486328,170.53765869140625,147.95616149902344
2024-02-21,56.96013641357422,187.47999572753906,180.5093994140625,83.15738677978516,482.6500549316406,97.3962173461914,171.64785766601562,148.72474670410156
2024-02-22,56.87642288208008,187.55999755859375,182.5390167236328,83.56333923339844,492.638671875,97.31261444091797,173.7068634033203,150.38368225097656
2024-02-23,56.92293167114258,188.6199951171875,180.70742797851562,84.68196868896484,492.9783935546875,96.4580078125,174.57981872558594,151.6864776611328
2024-02-26,56.46717071533203,188.1999969482422,179.36090087890625,84.42935180664062,491.1728210449219,96.8388671875,173.98204040527344,150.70237731933594
2024-02-27,56.12302780151367,188.0,180.81631469726562,83.83399200439453,492.08538818359375,96.63450622558594,174.06744384765625,150.8804473876953
2024-02-28,56.17884063720703,188.33999633789062,179.6183319091797,84.36621856689453,491.4350280761719,96.90388488769531,174.94989013671875,151.4146728515625
2024-02-29,55.82539367675781,189.30999755859375,178.95498657226562,84.96160888671875,493.20166015625,97.08966827392578,176.54393005371094,151.25534057617188
2024-03-01,55.3696403503418,192.88999938964844,177.87582397460938,85.49101257324219,497.8320007324219,98.3158187866211,175.81329345703125,151.94891357421875
2024-03-04,55.63007354736328,196.00999450683594,173.36111450195312,85.1471176147461,497.298095703125,96.94104766845703,177.13223266601562,149.8119659423828
2024-03-05,55.36033248901367,197.19000244140625,168.4305419921875,86.35977172851562,492.3280029296875,98.13004302978516,178.90660095214844,149.93380737304688
2024-03-06,55.38824462890625,198.80999755859375,167.44046020507812,86.86653900146484,494.82281494140625,99.17972564697266,179.8364715576172,149.34332275390625
2024-03-07,55.28592300415039,199.94000244140625,167.3216552734375,86.78507995605469,499.7346496582031,99.73706817626953,178.2613525390625,148.90281677246094
2024-03-08,55.36033248901367,201.6300048828125,169.03448486328125,86.63127136230469,496.7350769042969,100.67526245117188,178.5934600830078,149.5120391845703
2024-03-11,56.030025482177734,202.0,171.03440856933594,86.58600616455078,496.3079833984375,101.26976776123047,178.6598663330078,151.11474609375
2024-03-12,56.271854400634766,199.7899932861328,171.50965881347656,85.86205291748047,501.6470031738281,100.6195297241211,180.130615234375,152.530029296875
2024-03-13,56.84851837158203,201.19000244140625,169.4305419921875,85.4457778930664,500.8606262207031,101.74351501464844,181.5918426513672,150.99290466308594
2024-03-14,56.72195816040039,200.35000610351562,171.28192138671875,84.1335678100586,499.87054443359375,103.54559326171875,178.3562469482422,149.2215118408203
2024-03-15,56.14067077636719,199.7100067138672,170.90570068359375,84.1064224243164,496.4381103515625,103.35981750488281,180.5670928955078,148.25608825683594
2024-03-18,56.375057220458984,200.02999877929688,171.9947967529297,83.8530502319336,499.3885192871094,104.31659698486328,182.806396484375,146.92520141601562
2024-03-19,56.46880340576172,199.8000030517578,174.33135986328125,84.08832550048828,502.1636962890625,105.0504150390625,183.87860107421875,146.40972900390625
2024-03-20,56.956336975097656,202.17999267578125,176.89564514160156,84.0611801147461,506.80841064453125,104.95755004882812,186.2886962890625,145.98794555664062
2024-03-21,56.693824768066406,201.97000122070312,169.66810607910156,84.24217224121094,508.4831848144531,105.4219970703125,188.87904357910156,145.97854614257812
2024-03-22,56.71257781982422,200.35000610351562,170.56910705566406,85.04759979248047,507.5192565917969,105.4219970703125,186.56385803222656,145.49118041992188
2024-03-25,56.62820053100586,200.99000549316406,169.15330505371094,84.62224578857422,506.11700439453125,106.4995346069336,184.85592651367188,145.4818115234375
2024-03-26,56.759456634521484,201.63999938964844,168.0246124267578,84.85753631591797,505.1822814941406,105.7006607055664,185.71934509277344,145.997314453125
2024-03-27,57.21884536743164,203.10000610351562,171.58885192871094,85.69914245605469,509.427734375,106.7967758178711,189.3155517578125,148.04989624023438
2024-03-28,57.35948944091797,205.72000122070312,169.7770233154297,85.62676239013672,509.3302307128906,107.97648620605469,190.05564880371094,148.26547241210938
2024-04-01,56.890708923339844,207.82000732421875,168.34144592285156,84.03057861328125,508.4442443847656,108.67317199707031,188.7651824951172,147.8811798095703
2024-04-02,56.393802642822266,210.88999938964844,167.1632537841797,83.56754302978516,505.2114562988281,110.80037689208984,188.6892852783203,147.83432006835938
2024-04-03,56.093788146972656,212.74000549316406,167.96519470214844,83.54936218261719,505.7665100097656,110.81896209716797,188.15792846679688,144.58203125
2024-04-04,55.59688186645508,211.52000427246094,167.14344787597656,84.14862823486328,499.5930480957031,111.20909881591797,186.72634887695312,142.93246459960938
2024-04-05,55.79377365112305,215.13999938964844,167.89593505859375,82.97735595703125,504.8122253417969,112.74181365966797,188.4442596435547,142.829345703125
2024-04-08,55.568756103515625,216.47999572753906,166.77713012695312,82.96827697753906,505.0946350097656,111.98009490966797,189.42726135253906,142.0795440673828
2024-04-09,55.99066162109375,217.6699981689453,167.9850311279297,83.74003601074219,505.6788330078125,112.5653076171875,188.15789794921875,142.73562622070312
2024-04-10,55.2406120300293,215.61000061035156,166.1138153076172,81.9150619506836,500.6154479980469,113.5127944946289,186.55455017089844,140.77674865722656
2024-04-11,55.36250305175781,219.8000030517578,173.30166625976562,81.54280090332031,504.3935241699219,113.13195037841797,186.516357421875,139.45521545410156
2024-04-12,54.640586853027344,216.88999938964844,174.79672241210938,81.97864532470703,497.43133544921875,111.8128890991211,174.45289611816406,138.26486206054688
2024-04-15,54.50932693481445,220.9499969482422,170.97503662109375,80.7074966430664,491.1994934082031,111.17195129394531,174.54833984375,138.3304901123047
2024-04-16,54.43431854248047,221.22000122070312,167.69789123535156,80.17180633544922,490.3036193847656,110.25233459472656,172.5536651611328,135.3875274658203
2024-04-17,54.8562126159668,219.58999633789062,166.3315887451172,81.06160736083984,487.40185546875,110.19657897949219,171.86647033691406,135.68743896484375
2024-04-18,55.231239318847656,220.33999633789062,165.38113403320312,80.65298461914062,486.39892578125,110.09440612792969,172.98312377929688,136.59657287597656
2024-04-19,56.412559509277344,221.02999877929688,163.3613739013672,80.94355773925781,482.1534729003906,111.35772705078125,177.32559204101562,138.63043212890625
2024-04-22,56.76883316040039,215.57000732421875,164.1930389404297,80.807373046875,486.59368896484375,111.9893798828125,180.7709503173828,139.76449584960938
2024-04-23,56.85320281982422,215.0399932861328,165.24249267578125,80.8346176147461,492.367919921875,112.42595672607422,183.37643432617188,140.17691040039062
2024-04-24,57.70637512207031,214.63999938964844,167.3414764404297,80.2625961303711,492.13421630859375,112.4445571899414,184.27354431152344,139.21151733398438
2024-04-25,57.884521484375,215.9199981689453,168.20281982421875,79.69967651367188,490.2646484375,112.70465087890625,184.55032348632812,137.60882568359375
2024-04-26,57.884521484375,216.6199951171875,167.61866760253906,80.1173095703125,494.9093933105469,109.57421112060547,184.6648712158203,136.9714813232422
2024-04-29,58.1657829284668,216.17999267578125,171.7769775390625,80.78919982910156,496.6620788574219,111.1347885131836,184.46444702148438,137.60882568359375
2024-04-30,57.91264343261719,211.8699951171875,168.63845825195312,80.09916687011719,488.79437255859375,109.86217498779297,182.9946746826172,135.51869201660156
2024-05-01,58.062652587890625,213.7899932861328,167.61866760253906,80.68958282470703,487.2071533203125,107.78142547607422,183.1092071533203,141.6952667236328
2024-05-02,58.1189079284668,213.1300048828125,171.3116455078125,81.03580474853516,491.7642517089844,107.97648620605469,182.9183349609375,140.5143280029297
2024-05-03,58.287662506103516,212.9600067138672,181.55885314941406,81.85582733154297,497.8598327636719,107.7535629272461,181.82078552246094,139.9051055908203
2024-05-06,58.4564208984375,215.1999969482422,179.90545654296875,82.17471313476562,503.0010681152344,108.45024871826172,183.24281311035156,139.2583770751953
2024-05-07,58.709564208984375,214.2100067138672,180.58859252929688,82.67583465576172,503.5561218261719,107.91146087646484,183.00421142578125,139.38961791992188
2024-05-08,58.92519760131836,213.5800018310547,180.92523193359375,82.17471313476562,503.6047668457031,107.89289093017578,186.72634887695312,139.6051788330078
2024-05-09,58.95332717895508,216.9499969482422,182.737060546875,82.57559967041016,506.50653076171875,110.02010345458984,188.49197387695312,140.44873046875
2024-05-10,59.30959701538086,218.7100067138672,181.4779510498047,82.11095428466797,507.1590270996094,109.57421112060547,189.70404052734375,140.50494384765625
2024-05-13,59.609619140625,216.25999450683594,184.68020629882812,82.32049560546875,507.2270202636719,109.52776336669922,189.6658477783203,141.73275756835938
2024-05-14,59.15958786010742,218.08999633789062,185.82034301757812,82.78518676757812,509.55419921875,110.19266510009766,192.31907653808594,141.88275146484375
2024-05-15,59.18771743774414,220.88999938964844,188.09071350097656,83.91496276855469,515.8641357421875,111.04483032226562,192.89170837402344,143.091796875
2024-05-16,59.365848541259766,220.02999877929688,188.2096405029297,83.83296203613281,514.8026733398438,110.37995147705078,193.23529052734375,144.6007843017578
2024-05-17,59.09395980834961,223.66000366210938,188.23939514160156,83.26806640625,515.5427856445312,112.0374755859375,195.449462890625,144.9381866455078
2024-05-20,58.662689208984375,224.55999755859375,189.39932250976562,83.0220718383789,516.13671875,111.12910461425781,186.6595458984375,142.9257049560547
2024-05-21,58.9814567565918,224.22999572753906,190.69808959960938,83.45030212402344,517.4025268554688,110.3612060546875,190.4198455810547,142.89735412597656
2024-05-22,59.06583023071289,220.11000061035156,189.26052856445312,83.55052947998047,515.9127807617188,108.14181518554688,189.26502990722656,145.03265380859375
2024-05-23,58.21266174316406,215.72000122070312,185.27503967285156,83.0129623413086,512.14453125,106.2969970703125,187.9384002685547,141.4423065185547
2024-05-24,58.12828063964844,215.9199981689453,188.3484344482422,83.25895690917969,515.5330810546875,106.21271514892578,191.5555419921875,138.86289978027344
2024-05-28,57.95952224731445,218.19000244140625,188.3583526611328,82.06536865234375,515.893310546875,107.56122589111328,190.40072631835938,136.41574096679688
2024-05-29,57.84701919555664,216.16000366210938,188.65579223632812,81.07225036621094,512.2807006835938,106.40937042236328,189.07412719726562,136.4724578857422
2024-05-30,58.10015106201172,216.57000732421875,189.64720153808594,81.85582733154297,508.8824157714844,106.74649810791016,190.23851013183594,137.26609802246094
2024-05-31,59.00020217895508,215.3000030517578,190.59896850585938,82.41161346435547,513.5173950195312,109.80870819091797,193.38796997070312,138.5794219970703
2024-06-03,59.00020217895508,217.22000122070312,192.3636474609375,83.74456787109375,513.9360961914062,107.17726135253906,192.61492919921875,139.59042358398438
2024-06-04,59.94712829589844,215.27000427246094,192.68093872070312,84.72280883789062,514.5105590820312,105.51036834716797,190.0762176513672,139.64710998535156
2024-06-05,59.92837905883789,217.82000732421875,194.18783569335938,85.34449768066406,520.6256103515625,105.93177795410156,188.26290893554688,137.9180450439453
2024-06-06,60.14402389526367,219.42999267578125,192.80979919433594,85.21650695800781,520.6159057617188,106.72777557373047,187.92889404296875,138.34323120117188
2024-06-07,59.91900634765625,211.60000610351562,195.19911193847656,83.65315246582031,519.9830322265625,105.5853042602539,190.8302001953125,138.96681213378906
2024-06-10,59.61899185180664,213.5399932861328,191.46145629882812,83.09546661376953,521.589599609375,105.89432525634766,190.50570678710938,139.0140380859375
2024-06-11,59.58148956298828,214.14999389648438,205.3709716796875,83.95484924316406,522.8458251953125,105.04216003417969,185.4951934814453,138.66444396972656
2024-06-12,58.95332717895508,214.72000122070312,211.2401885986328,84.58567810058594,527.139892578125,103.8809585571289,182.79425048828125,137.38894653320312
2024-06-13,59.056461334228516,212.97000122070312,212.40008544921875,85.82903289794922,528.2012329101562,103.04750061035156,184.82711791992188,137.42672729492188
2024-06-14,59.09897232055664,215.72999572753906,210.66510009765625,86.55130767822266,528.5226440429688,102.17660522460938,184.94163513183594,137.51174926757812
2024-06-17,59.16511535644531,214.61000061035156,214.80921936035156,85.6919174194336,532.7291259765625,101.47425842285156,186.08689880371094,137.89915466308594
2024-06-18,59.174560546875,215.47000122070312,212.4496307373047,86.47815704345703,534.0826416015625,102.42945098876953,188.0147705078125,137.6156768798828
2024-06-20,58.749385833740234,218.16000366210938,207.87924194335938,85.9021987915039,532.6318359375,104.63948059082031,189.6085968017578,139.62820434570312
2024-06-21,59.30683517456055,214.77999877929688,205.70806884765625,85.9021987915039,531.9176635742188,103.72175598144531,187.34669494628906,140.54469299316406
2024-06-24,60.44063186645508,215.6300048828125,206.35247802734375,86.24959564208984,530.1885986328125,106.80269622802734,189.8090057373047,140.89427185058594
2024-06-25,60.31779479980469,214.55999755859375,207.27452087402344,86.3958969116211,532.2302856445312,107.10236358642578,189.03594970703125,139.0707550048828
2024-06-26,60.51622009277344,212.5800018310547,211.41860961914062,85.1616439819336,532.8945922851562,107.13981628417969,188.4251251220703,138.72117614746094
2024-06-27,60.383941650390625,214.99000549316406,212.2613067626953,85.49993896484375,533.7346801757812,107.59867095947266,190.0857696533203,137.7574462890625
2024-06-28,60.13828659057617,215.00999450683594,208.81118774414062,83.90914154052734,531.63427734375,107.80470275878906,193.03488159179688,138.09756469726562
2024-07-01,59.788692474365234,215.57000732421875,214.88853454589844,82.46095275878906,532.728515625,107.65486907958984,196.07936096191406,138.36209106445312
2024-07-02,59.665870666503906,215.55999755859375,218.3782958984375,83.10298156738281,536.3135986328125,106.92443084716797,199.30517578125,137.97476196289062
2024-07-03,59.8359375,217.99000549316406,219.6473388671875,84.19439697265625,538.70703125,107.46758270263672,199.1715850830078,137.65347290039062
2024-07-05,60.24221420288086,220.92999267578125,224.39617919921875,84.89140319824219,541.8134155273438,106.16590881347656,196.53245544433594,138.39993286132812
2024-07-08,59.486351013183594,218.19000244140625,225.8634796142578,85.0748291015625,542.438720703125,105.05150604248047,196.8971405029297,137.455078125
2024-07-09,59.23125076293945,218.55999755859375,226.716064453125,84.69879150390625,542.9661254882812,103.89031982421875,199.25796508789062,138.93849182128906
2024-07-10,59.363529205322266,219.36000061035156,230.9791717529297,84.96478271484375,548.3390502929688,104.80804443359375,199.4210968017578,141.18716430664062
2024-07-11,59.618629455566406,223.25,225.61563110351562,85.79020690917969,543.6107788085938,106.05352783203125,199.085205078125,141.4423065185547
2024-07-12,60.18552780151367,223.11000061035156,228.56011962890625,86.1570816040039,547.039794921875,106.072265625,196.67642211914062,141.6123504638672
2024-07-15,59.911529541015625,223.8300018310547,232.386962890625,85.16655731201172,548.5440063476562,107.88897705078125,201.5803680419922,141.00770568847656
2024-07-16,60.72407531738281,228.2899932861328,232.80337524414062,86.3680191040039,551.7970581054688,108.66622924804688,205.0064239501953,142.68003845214844
2024-07-17,61.61221694946289,227.22999572753906,226.91436767578125,86.38636779785156,544.060302734375,110.16455841064453,208.12535095214844,147.94276428222656
2024-07-18,61.593318939208984,225.77999877929688,222.25469970703125,85.72601318359375,539.8792114257812,111.25084686279297,201.51316833496094,146.84677124023438
2024-07-19,61.687808990478516,221.72999572753906,222.3836212158203,85.22157287597656,536.2940673828125,108.69432830810547,201.32125854492188,146.1570587158203
2024-07-22,61.19649124145508,221.8000030517578,222.03662109375,84.97394561767578,541.8232421875,107.94517517089844,201.80108642578125,145.7318572998047
2024-07-23,61.37600326538086,222.5800018310547,223.07760620117188,84.85472869873047,540.973388671875,106.20335388183594,201.84909057617188,143.94610595703125
2024-07-24,62.179107666015625,221.8000030517578,216.66314697265625,83.93757629394531,528.713623046875,107.70169067382812,200.1792449951172,147.6593475341797
2024-07-25,62.42476272583008,218.3300018310547,215.6221923828125,84.62541961669922,525.958740234375,109.96790313720703,200.25601196289062,150.83399963378906
2024-07-26,63.35069274902344,220.6300048828125,216.08815002441406,85.2857894897461,531.849365234375,109.87425231933594,203.6820526123047,151.77882385253906
2024-07-29,63.14283752441406,220.32000732421875,216.36575317382812,85.74435424804688,532.161865234375,108.72241973876953,202.34812927246094,149.8135528564453
2024-07-30,63.945945739746094,222.52000427246094,216.9209442138672,86.07453155517578,529.4657592773438,110.660888671875,206.5131072998047,152.43075561523438
2024-07-31,63.05780792236328,226.5500030517578,220.17276000976562,86.95500183105469,538.072021484375,111.05418395996094,204.219482421875,149.14273071289062
2024-08-01,64.21047973632812,225.77000427246094,216.48472595214844,87.7049789428711,530.452392578125,109.5184097290039,199.57467651367188,151.8922119140625
2024-08-02,65.5049057006836,225.33999633789062,217.97181701660156,90.43798065185547,520.5762329101562,109.45286560058594,191.11029052734375,155.0857696533203
2024-08-05,64.34275817871094,222.47999572753906,207.47276306152344,90.91650390625,505.4151611328125,107.4769287109375,187.04124450683594,152.35516357421875
2024-08-06,64.29552459716797,220.6999969482422,205.45028686523438,88.8828125,510.07489013671875,106.90571594238281,192.26193237304688,150.20095825195312
2024-08-07,64.68290710449219,220.5500030517578,208.01806640625,88.257080078125,506.6654357910156,108.32910919189453,192.31948852539062,150.13482666015625
2024-08-08,64.9380111694336,224.00999450683594,211.4780731201172,87.71417999267578,518.378173828125,110.39867401123047,195.83189392089844,151.3820037841797
2024-08-09,64.89075469970703,224.55999755859375,214.38291931152344,88.57914733886719,520.6640625,111.29766845703125,197.50173950195312,151.75991821289062
2024-08-12,64.40890502929688,228.41000366210938,215.9114532470703,88.90122985839844,520.9376831054688,111.43815612792969,197.87603759765625,151.06077575683594
2024-08-13,64.68290710449219,228.05999755859375,219.6236572265625,89.51776885986328,529.5047607421875,110.3705825805664,199.55545043945312,149.65293884277344
2024-08-14,64.79629516601562,226.1999969482422,220.07029724121094,90.0790786743164,531.1752319335938,111.39131927490234,201.7627410888672,149.73797607421875
2024-08-15,64.8624267578125,226.91000366210938,223.0479736328125,89.35213470458984,540.27978515625,112.08043670654297,203.0198974609375,150.31431579589844
2024-08-16,65.3631820678711,231.99000549316406,224.36807250976562,89.66500091552734,541.4911499023438,111.55179595947266,205.34230041503906,150.59776306152344
2024-08-19,65.1742172241211,231.61000061035156,224.20925903320312,90.0790786743164,546.66845703125,111.89164733886719,206.7626495361328,150.82455444335938
2024-08-20,65.5521469116211,232.4600067138672,224.82464599609375,90.79684448242188,545.7794189453125,108.1628646850586,205.87013244628906,151.3253173828125
2024-08-21,65.7316665649414,232.14999389648438,224.7154541015625,90.85208129882812,547.6551513671875,107.4737319946289,205.94691467285156,152.52525329589844
2024-08-22,65.5049057006836,229.3699951171875,222.859375,89.95025634765625,543.3568115234375,108.30445861816406,207.89505004882812,153.39451599121094
2024-08-23,65.93952941894531,232.02000427246094,225.15220642089844,90.5392074584961,549.1301879882812,109.80541229248047,209.50732421875,155.07630920410156
2024-08-26,66.93159484863281,232.75999450683594,225.4896697998047,90.30914306640625,547.8211059570312,112.15594482421875,210.3326416015625,155.5298309326172
2024-08-27,67.55517578125,233.38999938964844,226.3333282470703,90.1527099609375,548.5734252929688,111.08924865722656,211.30191040039062,155.12998962402344
2024-08-28,67.79139709472656,231.75,224.8048095703125,90.04230499267578,545.3888549804688,109.99420928955078,212.3671417236328,156.05343627929688
2024-08-29,68.07484436035156,232.9499969482422,228.08026123046875,89.74781036376953,545.4375610351562,111.51404571533203,213.2500762939453,156.3485565185547
2024-08-30,68.47166442871094,231.2899932861328,227.29611206054688,88.79078674316406,550.6443481445312,111.33468627929688,215.73562622070312,157.9003448486328
2024-09-03,68.98188018798828,230.2899932861328,221.1125030517578,90.24300384521484,539.3126220703125,109.00301361083984,211.4170684814453,159.13795471191406
2024-09-04,68.55669403076172,230.42999267578125,219.206787109375,91.40623474121094,538.2088012695312,107.67198181152344,210.48619079589844,159.32835388183594
2024-09-05,67.24339294433594,232.35000610351562,220.7253875732422,91.9232177734375,536.8997192382812,106.83181762695312,208.854736328125,157.07208251953125
2024-09-06,67.21504974365234,230.6300048828125,219.17698669433594,91.91399383544922,527.8636474609375,106.3315200805664,203.89320373535156,156.49136352539062
2024-09-09,67.8858642578125,231.60000610351562,219.26632690429688,92.31098175048828,533.7737426757812,108.56877136230469,208.0677947998047,158.61436462402344
2024-09-10,67.6024169921875,232.6199951171875,218.47227478027344,92.95723724365234,536.0986938476562,104.61344909667969,197.2714080810547,159.347412109375
2024-09-11,67.15836334228516,232.25,221.0032958984375,92.88338470458984,541.5985107421875,103.57504272460938,198.8740692138672,156.91024780273438
2024-09-12,67.30008697509766,236.3300018310547,221.1125030517578,92.44947052001953,546.1605224609375,105.00048065185547,198.2694854736328,156.73887634277344
2024-09-13,67.93269348144531,238.67999267578125,220.844482421875,92.69872283935547,549.012939453125,104.92496490478516,196.08143615722656,157.57664489746094
2024-09-16,68.58909606933594,238.66000366210938,214.71046447753906,93.54808044433594,549.82373046875,106.39759063720703,199.47866821289062,158.97610473632812
2024-09-17,68.30370330810547,237.33999633789062,215.17697143554688,93.095703125,550.0484619140625,107.78526306152344,200.8126220703125,159.0522918701172
2024-09-18,68.25614166259766,235.50999450683594,219.04794311523438,91.94168853759766,548.4171142578125,108.1628646850586,199.1619873046875,158.17642211914062
2024-09-19,67.18116760253906,239.1699981689453,227.16709899902344,91.6370620727539,557.775634765625,109.50333404541016,201.99305725097656,156.91024780273438
2024-09-20,68.15150451660156,242.2100067138672,226.5020751953125,91.2862319946289,556.811279296875,108.81421661376953,202.57843017578125,156.2819366455078
2024-09-23,68.23712158203125,242.67999267578125,224.78492736816406,91.09233093261719,558.2027587890625,110.78716278076172,202.91432189941406,155.3870086669922
2024-09-24,67.8565902709961,246.07000732421875,225.67825317382812,91.07388305664062,559.7999267578125,110.49453735351562,203.0582733154297,154.96815490722656
2024-09-25,67.97074890136719,245.72999572753906,224.68568420410156,90.31684875488281,558.5653076171875,108.34221649169922,201.7147216796875,152.8927764892578
2024-09-26,67.92317199707031,246.97999572753906,225.8271484375,90.5291976928711,560.77978515625,106.48255920410156,201.32125854492188,153.6448516845703
2024-09-27,68.294189453125,245.02000427246094,226.09512329101562,91.00003814697266,559.9664916992188,109.33340454101562,202.01223754882812,153.65438842773438
2024-09-30,68.36079406738281,243.05999755859375,231.266357421875,90.56612396240234,562.2103881835938,110.65501403808594,202.3577117919922,154.28271484375
2024-10-01,68.21809387207031,245.61000061035156,224.52688598632812,91.22002410888672,557.1738891601562,113.21322631835938,198.69174194335938,154.21607971191406
2024-10-02,67.55217742919922,245.66000366210938,225.09263610839844,90.45127868652344,557.4090576171875,114.71416473388672,198.93167114257812,153.43540954589844
2024-10-03,67.08604431152344,245.49000549316406,223.9908905029297,89.59918212890625,556.3900756835938,115.71481323242188,196.95469665527344,152.79757690429688
2024-10-04,66.7530746459961,245.0,225.1125030517578,88.49703216552734,561.4461059570312,117.83881378173828,203.9453582763672,152.59764099121094
2024-10-07,65.64956665039062,244.1699981689453,220.04054260253906,87.83016204833984,556.3704223632812,118.34856414794922,203.66534423828125,151.87411499023438
2024-10-08,65.8113021850586,242.3699951171875,224.09014892578125,87.9783706665039,561.63232421875,115.2050552368164,203.49156188964844,152.0264434814453
2024-10-09,66.18230438232422,241.0500030517578,227.83212280273438,87.47821044921875,565.5223999023438,115.25225830078125,206.069580078125,152.94036865234375
2024-10-10,65.87788391113281,242.82000732421875,227.3358154296875,87.13553619384766,564.53271484375,116.24343872070312,205.5095977783203,152.80709838867188
2024-10-11,66.18230438232422,245.47000122070312,225.85690307617188,86.78356170654297,567.9132080078125,116.6871337890625,214.63409423828125,153.71148681640625
2024-10-14,66.91480255126953,245.07000732421875,229.5790252685547,86.84841918945312,572.557861328125,117.13081359863281,213.8520050048828,153.84478759765625
2024-10-15,66.91480255126953,245.9199981689453,232.11004638671875,87.90428924560547,568.1093139648438,113.60970306396484,214.73065185546875,156.2248077392578
2024-10-16,67.13359832763672,247.14999389648438,230.05545043945312,88.27473449707031,570.5784912109375,113.90235137939453,215.93760681152344,156.3961639404297
2024-10-17,66.4962158203125,248.6300048828125,230.4226837158203,86.87620544433594,570.6275024414062,113.60970306396484,216.6907501220703,156.57704162597656
2024-10-18,67.00992584228516,251.27000427246094,233.25146484375,86.94104766845703,572.8224487304688,113.28875732421875,217.6080322265625,157.1958465576172
2024-10-21,66.06813049316406,251.22000122070312,234.720458984375,85.4220962524414,571.8816528320312,113.35482788085938,215.3196563720703,155.01576232910156
2024-10-22,66.06813049316406,253.92999267578125,234.10508728027344,85.50544738769531,571.5779418945312,113.94009399414062,216.4010772705078,155.60598754882812
2024-10-23,64.6982650756836,250.8699951171875,229.04302978515625,85.27391052246094,566.355224609375,113.5341796875,215.71551513671875,157.9003448486328
2024-10-24,64.0228500366211,252.8000030517578,228.8544464111328,85.82034301757812,567.5801391601562,112.89226531982422,217.23146057128906,155.81544494628906
2024-10-25,63.66133499145508,253.32000732421875,229.6881866455078,85.3387451171875,567.3840942382812,112.79786682128906,214.65341186523438,153.1593475341797
2024-10-28,63.42350769042969,253.3300018310547,231.66339111328125,85.1072006225586,569.13818359375,112.24091339111328,217.73355102539062,153.84478759765625
2024-10-29,62.3675537109375,256.0899963378906,231.93136596679688,85.2368392944336,570.0592041015625,110.71163940429688,215.2230987548828,152.4072265625
2024-10-30,62.71002960205078,257.5,228.387939453125,85.48690795898438,568.334716796875,110.15469360351562,216.68109130859375,152.9022979736328
2024-10-31,62.12973403930664,253.50999450683594,224.2291259765625,85.62584686279297,557.1934814453125,110.23963928222656,214.27685546875,152.1882781982422
2024-11-01,61.84434509277344,252.47000122070312,221.25144958496094,84.4186782836914,559.5452270507812,108.51213836669922,215.26173400878906,152.44532775878906
2024-11-04,61.93947219848633,252.8300018310547,220.35812377929688,85.72899627685547,558.3399658203125,111.9671630859375,212.21054077148438,150.64602661132812
2024-11-05,62.18681335449219,253.39999389648438,221.7874298095703,86.18436431884766,565.0912475585938,112.29755401611328,213.86166381835938,150.75074768066406
2024-11-06,60.59813690185547,245.6999969482422,221.0628662109375,83.82392120361328,579.1425170898438,114.22329711914062,238.55101013183594,150.30331420898438
2024-11-07,60.560081481933594,249.64999389648438,225.78746032714844,84.8740463256836,583.62060546875,114.36490631103516,228.2388458251953,149.20848083496094
2024-11-08,60.80741882324219,247.9600067138672,225.5191650390625,85.95204162597656,586.1487426757812,114.32714080810547,228.81817626953125,148.00897216796875
2024-11-11,60.274688720703125,242.13999938964844,222.80648803710938,85.53385162353516,586.7072143554688,113.72299194335938,231.04861450195312,147.59959411621094
2024-11-12,60.12248229980469,240.0500030517578,222.80648803710938,84.25141143798828,584.8846435546875,113.60970306396484,231.30931091308594,145.31478881835938
2024-11-13,59.93221664428711,237.6300048828125,223.69082641601562,83.45219421386719,585.1687622070312,114.6669692993164,232.8542022705078,145.88597106933594
2024-11-14,59.50413131713867,237.00999450683594,226.77114868164062,83.93544006347656,581.4060668945312,114.74311828613281,233.5397491455078,144.58172607421875
2024-11-15,58.73358154296875,236.58999633789062,223.57159423828125,83.71240997314453,573.9591064453125,113.55343627929688,236.86126708984375,146.6094970703125
2024-11-18,58.84772872924805,241.08999633789062,226.57241821289062,83.861083984375,576.3108520507812,114.50518798828125,236.5908966064453,147.34254455566406
2024-11-19,59.54218673706055,243.25,226.8307647705078,84.28857421875,578.41748046875,112.90624237060547,234.7176971435547,145.65750122070312
2024-11-20,59.92271041870117,244.6199951171875,227.5461883544922,84.01908874511719,578.6134643554688,114.51470184326172,232.4873046875,145.76220703125
2024-11-21,60.655208587646484,246.66000366210938,227.06924438476562,83.95403289794922,581.7196044921875,116.0470199584961,236.3302001953125,148.0375213623047
2024-11-22,60.80741882324219,249.83999633789062,228.41067504882812,84.00048065185547,583.5225830078125,115.91377258300781,239.98968505859375,147.72335815429688
2024-11-25,61.245018005371094,242.47999572753906,231.39163208007812,86.17507934570312,585.501953125,114.18157958984375,241.6697540283203,148.30409240722656
2024-11-26,61.40675354003906,242.9499969482422,233.5677032470703,85.84053039550781,588.5592651367188,112.27808380126953,241.36077880859375,148.284912109375
2024-11-27,61.29258346557617,243.49000549316406,233.4385528564453,86.43529510498047,586.7757568359375,111.98303985595703,241.1869659423828,149.12936401367188
2024-11-29,61.421993255615234,245.58999633789062,235.82333374023438,87.32743072509766,590.4209594726562,112.2685546875,241.11940002441406,148.75511169433594
2024-12-02,61.00982666015625,243.44000244140625,238.06895446777344,87.53723907470703,591.4791259765625,112.16387176513672,237.76890563964844,148.55357360839844
2024-12-03,60.885215759277344,243.92999267578125,241.1095428466797,86.7818832397461,591.7534790039062,111.9925537109375,236.38815307617188,146.21205139160156
2024-12-04,59.629554748535156,244.6699981689453,241.46725463867188,87.71442413330078,595.4280395507812,108.76612091064453,235.0170440673828,144.3983154296875
2024-12-05,60.31010055541992,242.86000061035156,241.49705505371094,87.89160919189453,594.4480590820312,109.24199676513672,237.02542114257812,143.4866485595703
2024-12-06,59.936275482177734,242.9499969482422,241.29832458496094,88.02213287353516,595.5750122070312,108.09038543701172,238.84066772460938,143.28512573242188
2024-12-09,60.00337600708008,245.36000061035156,245.18350219726562,87.21084594726562,592.5079956054688,107.45270538330078,235.41294860839844,143.56344604492188
2024-12-10,60.30052185058594,248.58999633789062,246.19703674316406,86.80054473876953,590.6658325195312,107.23379516601562,234.4956512451172,143.20834350585938
2024-12-11,60.04172134399414,250.9600067138672,244.92514038085938,85.97991180419922,595.232177734375,106.51998901367188,235.142578125,140.7228546142578
2024-12-12,61.19194793701172,247.27999877929688,246.38583374023438,84.93545532226562,592.1651611328125,106.4248046875,233.21145629882812,140.33901977539062
2024-12-13,60.501808166503906,244.2899932861328,246.55474853515625,84.0682144165039,592.0474853515625,105.49209594726562,231.67623901367188,140.7036590576172
2024-12-16,59.955448150634766,244.8800048828125,249.44627380371094,84.31999969482422,594.5755615234375,103.23645782470703,231.32861328125,138.0454559326172
2024-12-17,60.77019119262695,243.94000244140625,251.87078857421875,84.52516174316406,592.1259155273438,102.79864501953125,230.150634765625,140.50213623046875
2024-12-18,60.24300765991211,239.25999450683594,246.4752655029297,83.46822357177734,574.4784545898438,101.28536224365234,222.43580627441406,138.90911865234375
2024-12-19,59.859596252441406,239.60000610351562,248.2042236328125,82.20439910888672,574.302001953125,100.41926574707031,224.9366455078125,137.7863311767578
2024-12-20,59.955448150634766,242.10000610351562,252.8743896484375,82.67247009277344,581.199951171875,100.76190948486328,229.4168243408203,138.6404266357422
2024-12-23,59.79249954223633,240.9600067138672,253.64942932128906,81.91419982910156,584.6803588867188,101.17115020751953,230.1796112060547,139.40817260742188
2024-12-24,60.23341751098633,241.44000244140625,256.56085205078125,82.26057434082031,591.1791381835938,101.26631927490234,233.96458435058594,139.96475219726562
2024-12-26,59.97462463378906,243.07000732421875,257.3755798339844,82.21375274658203,591.2184448242188,101.35198211669922,234.76602172851562,139.70562744140625
2024-12-27,59.859596252441406,241.39999389648438,253.96739196777344,81.53973388671875,584.9949951171875,101.34247589111328,232.86387634277344,139.197021484375
2024-12-30,59.4570198059082,240.6300048828125,250.5989227294922,82.1950454711914,578.3192138671875,100.65721130371094,231.0775604248047,137.5560302734375
2024-12-31,59.67747497558594,242.1300048828125,248.83021545410156,81.75504302978516,576.2152709960938,102.37987518310547,231.45416259765625,138.78436279296875
2025-01-02,59.27489471435547,245.4199981689453,242.3019256591797,81.97972869873047,574.7994995117188,102.1324234008789,231.73414611816406,138.20858764648438
2025-01-03,59.18863296508789,243.49000549316406,241.81503295898438,81.71761322021484,581.9864501953125,102.65587615966797,234.90118408203125,138.37171936035156
2025-01-06,58.287628173828125,243.19000244140625,243.4446258544922,81.35249328613281,585.3390502929688,102.54166412353516,233.7559356689453,137.8631134033203
2025-01-07,58.316383361816406,244.55999755859375,240.67233276367188,80.43505096435547,578.7223510742188,103.5029296875,236.00759887695312,140.3293914794922
2025-01-08,59.150291442871094,245.86000061035156,241.15921020507812,80.53803253173828,579.56787109375,101.77074432373047,235.9687957763672,136.52920532226562
2025-01-10,58.536842346191406,248.2100067138672,235.3463592529297,80.0044174194336,570.7193603515625,101.39956665039062,232.8048095703125,136.32766723632812
2025-01-13,59.0927848815918,245.74000549316406,232.9119110107422,79.9763412475586,571.604248046875,104.01688385009766,237.0169677734375,138.6404266357422
2025-01-14,59.466609954833984,247.02999877929688,231.7990264892578,79.84527587890625,572.3907470703125,104.42613983154297,240.18093872070312,138.90911865234375
2025-01-15,59.20780563354492,248.8800048828125,236.35987854003906,81.22144317626953,582.802490234375,106.12977600097656,244.91722106933594,139.12025451660156
2025-01-16,59.66789245605469,250.60000610351562,226.81089782714844,81.48355865478516,581.6817016601562,105.94894409179688,246.7806854248047,141.8072509765625
2025-01-17,60.10881042480469,249.27000427246094,228.5199737548828,81.62399291992188,587.5217895507812,106.90068817138672,251.52664184570312,141.0971221923828
2025-01-21,59.830841064453125,253.1300048828125,221.2265625,82.35418701171875,592.8995971679688,106.09170532226562,255.28265380859375,142.17193603515625
2025-01-22,59.21738815307617,254.42999267578125,222.40899658203125,81.92355346679688,596.2326049804688,104.24530792236328,255.09820556640625,139.40817260742188
2025-01-23,58.977760314941406,254.07000732421875,222.24009704589844,81.2869644165039,599.48681640625,104.83538055419922,258.1166687011719,140.7228546142578
2025-01-24,59.35158157348633,255.64999389648438,221.3656768798828,81.65206146240234,597.73681640625,103.41727447509766,257.0393371582031,140.89559936523438
2025-01-27,61.220699310302734,252.99000549316406,228.40072631835938,82.61631774902344,589.2816162109375,104.85442352294922,258.0196228027344,146.7206573486328
2025-01-28,59.773338317871094,255.17999267578125,236.74740600585938,82.56015014648438,594.344970703125,102.82718658447266,259.2716064453125,144.3119659423828
2025-01-29,60.22383499145508,254.1999969482422,237.84043884277344,82.39163970947266,591.6804809570312,103.42679595947266,258.7280578613281,145.05087280273438
2025-01-30,61.39323806762695,258.04998779296875,236.08164978027344,82.7005615234375,594.8561401367188,104.28337860107422,260.3294982910156,146.70147705078125
2025-01-31,60.84687805175781,258.55999755859375,234.50177001953125,82.15760040283203,591.6903076171875,101.67557525634766,259.4268798828125,146.01051330566406
2025-02-03,60.72226333618164,259.94000244140625,226.56248474121094,82.82653045654297,587.70849609375,101.92302703857422,258.9513244628906,145.7418212890625
2025-02-04,60.07046890258789,262.5,231.3220672607422,83.08016967773438,591.6510620117188,104.65455627441406,260.0480041503906,147.29644775390625
2025-02-05,60.501808166503906,264.1300048828125,230.99417114257812,84.4518814086914,594.0499267578125,104.57840728759766,262.4646911621094,148.44802856445312
2025-02-06,60.73185348510742,263.42999267578125,231.73941040039062,84.41427612304688,596.1146240234375,103.19837951660156,268.7441101074219,147.31565856933594
2025-02-07,61.19194793701172,263.8999938964844,226.18487548828125,83.86935424804688,590.6580810546875,103.63618469238281,267.6764831542969,146.94137573242188
2025-02-10,61.87248992919922,268.3699951171875,226.45346069335938,83.6156997680664,594.6693115234375,105.61582946777344,263.05670166015625,148.0161895751953
2025-02-11,64.79598236083984,267.3900146484375,231.3973388671875,83.08016967773438,595.12158203125,106.28204345703125,266.8903503417969,149.82992553710938
2025-02-12,65.85993194580078,267.6700134277344,235.62501525878906,81.9527816772461,593.2044677734375,103.08436584472656,267.33685302734375,148.99501037597656
2025-02-13,66.6171646118164,270.30999755859375,240.26051330566406,83.31505584716797,599.4671630859375,103.8333740234375,268.18121337890625,150.90472412109375
2025-02-14,66.01331329345703,266.2900085449219,243.3143768310547,83.75663757324219,599.4376220703125,103.93900299072266,268.4432373046875,149.84910583496094
2025-02-18,66.18582916259766,270.70001220703125,243.18507385253906,82.77013397216797,601.1976318359375,105.76351165771484,271.7043151855469,149.926513671875
2025-02-19,67.16352844238281,270.8500061035156,243.58294677734375,82.87350463867188,602.6133422851562,105.91715240478516,271.02490234375,152.73175048828125
2025-02-20,67.134765625,270.989990234375,244.5379180908203,83.18353271484375,600.1062622070312,107.54960632324219,258.94158935546875,154.46328735351562
2025-02-21,68.39042663574219,270.739990234375,244.2593994140625,84.18879699707031,589.8419799804688,106.29166412353516,256.45703125,156.9976806640625
2025-02-24,67.66195678710938,272.2099914550781,245.80123901367188,84.43306732177734,587.1578979492188,106.8486099243164,253.64242553710938,158.39065551757812
2025-02-25,68.52462768554688,268.6199951171875,245.74156188964844,85.88929748535156,584.2379760742188,105.36981201171875,249.81845092773438,160.6638641357422
2025-02-26,67.86323547363281,269.0299987792969,239.09666442871094,86.3966293334961,584.5328369140625,105.11053466796875,251.1675567626953,157.75218200683594
2025-02-27,67.93033599853516,264.92999267578125,236.0527801513672,85.78596496582031,575.2025146484375,105.77310180664062,251.4198455810547,158.38096618652344
2025-02-28,68.25624084472656,263.2699890136719,240.56887817382812,86.83819580078125,584.1790161132812,106.90621948242188,256.85491943359375,159.6288299560547
2025-03-03,69.3201904296875,266.739990234375,236.77890014648438,87.24345397949219,573.9441528320312,103.47808074951172,252.94363403320312,161.8149871826172
2025-03-04,67.27854919433594,269.05999755859375,234.68994140625,86.1690673828125,567.1504516601562,103.2668228149414,242.8790740966797,160.01576232910156
2025-03-05,67.17310333251953,269.6199951171875,234.50096130371094,85.48104858398438,573.24609375,101.25025939941406,244.12135314941406,159.72555541992188
2025-03-06,67.53733825683594,268.25,234.09310913085938,85.19833374023438,563.0703125,103.3436508178711,239.27833557128906,160.41236877441406
2025-03-07,68.46710968017578,268.3900146484375,237.81344604492188,84.92501068115234,566.2262573242188,104.6880111694336,235.14381408691406,161.2442626953125
2025-03-10,68.48628234863281,266.0400085449219,226.28436279296875,85.81092071533203,551.14453125,107.35755920410156,225.38014221191406,162.2212677001953
2025-03-11,68.0932846069336,269.1600036621094,219.6792755126953,85.19833374023438,546.5628662109375,104.82245635986328,222.39085388183594,160.44139099121094
2025-03-12,67.03892517089844,270.3299865722656,215.8395538330078,84.68939208984375,549.4631958007812,104.79364776611328,221.1873779296875,157.5297088623047
2025-03-13,66.7322006225586,275.1300048828125,208.5779266357422,85.43395233154297,542.1386108398438,104.35192108154297,218.55718994140625,157.66514587402344
2025-03-14,66.78047180175781,275.239990234375,212.36790466308594,84.98155975341797,553.3369750976562,107.45358276367188,225.59365844726562,157.49102783203125
2025-03-17,67.70743560791016,276.7300109863281,212.87522888183594,85.4056625366211,557.6039428710938,109.23966217041016,227.0397491455078,157.52003479003906
2025-03-18,66.9928970336914,279.9599914550781,211.5720977783203,85.49047088623047,551.5770263671875,109.12443542480469,228.04913330078125,158.8839874267578
2025-03-19,66.89633178710938,281.1099853515625,214.10870361328125,85.93343353271484,557.584228515625,110.82410430908203,232.06719970703125,157.66514587402344
2025-03-20,67.3115463256836,280.75,212.9746856689453,85.989990234375,555.9718017578125,111.29463958740234,231.97012329101562,157.6941680908203
2025-03-21,66.30732727050781,278.489990234375,217.1227569580078,85.48104858398438,556.1552734375,110.9105224609375,234.51296997070312,158.28424072265625
2025-03-24,66.57769775390625,277.25,219.56983947753906,84.60456848144531,566.1151733398438,111.1986083984375,240.7535858154297,157.95533752441406
2025-03-25,66.44251251220703,278.4700012207031,222.573974609375,84.59513854980469,567.4760131835938,111.95721435546875,243.733154296875,155.75950622558594
2025-03-26,67.61087799072266,278.239990234375,220.36563110351562,84.0390853881836,560.701416015625,113.57044982910156,243.63609313964844,156.43666076660156
2025-03-27,68.30609893798828,281.9700012207031,222.67344665527344,83.7940673828125,559.2123413085938,113.20555877685547,240.81179809570312,157.8005828857422
2025-03-28,67.94884490966797,284.05999755859375,216.75473022460938,84.95326232910156,547.9506225585938,113.05192565917969,235.69703674316406,158.36163330078125
2025-03-31,69.15583038330078,288.1400146484375,220.96249389648438,85.79206085205078,551.6289672851562,114.20423126220703,238.0748748779297,160.42202758789062
2025-04-01,69.39722442626953,287.57000732421875,222.0169219970703,86.5354995727539,553.18701171875,114.30986785888672,236.48316955566406,148.24334716796875
2025-04-02,68.87581634521484,288.1600036621094,222.71324157714844,86.478759765625,556.6878051757812,113.95455932617188,238.57955932617188,150.28439331054688
2025-04-03,70.66216278076172,286.4200134277344,202.12203979492188,86.87601470947266,529.2537231445312,107.96251678466797,221.95411682128906,154.59869384765625
2025-04-04,67.52397918701172,279.7200012207031,187.389892578125,87.82186126708984,498.2696838378906,100.1939697265625,205.34344482421875,148.23367309570312
2025-04-07,66.01765441894531,273.7099914550781,180.50625610351562,85.1734848022461,497.3822021484375,98.84960174560547,209.40577697753906,145.6992645263672
2025-04-08,66.06592559814453,275.20001220703125,171.51377868652344,83.5655517578125,489.591796875,96.76583862304688,211.77871704101562,145.09951782226562
2025-04-09,67.54328155517578,285.3800048828125,197.80484008789062,84.0573959350586,541.0084228515625,101.5959701538086,228.83859252929688,146.03785705566406
2025-04-10,68.32542419433594,292.3500061035156,189.41915893554688,81.74006652832031,517.3019409179688,95.9592056274414,221.77833557128906,143.8323211669922
2025-04-11,68.97236633300781,297.92999267578125,197.1085205078125,82.18461608886719,526.531982421875,99.04165649414062,230.65492248535156,146.77301025390625
2025-04-14,69.95726013183594,296.2300109863281,201.45555114746094,82.77103424072266,531.6401977539062,99.28172302246094,229.20965576171875,149.3170928955078
2025-04-15,69.38758087158203,297.7799987792969,201.07754516601562,83.06423950195312,530.151123046875,99.00325012207031,227.65699768066406,148.6012725830078
2025-04-16,69.2137680053711,307.4700012207031,193.24891662597656,83.5277099609375,518.366943359375,100.04994201660156,224.21963500976562,148.8817901611328
2025-04-17,70.48834228515625,306.1199951171875,195.94467163085938,82.78995513916016,519.1064453125,102.67145538330078,226.5144805908203,152.32546997070312
2025-04-21,70.2662582397461,315.5899963378906,192.14476013183594,81.34281158447266,506.7503356933594,101.1638412475586,223.6141815185547,151.79344177246094
2025-04-22,71.35737609863281,311.1099853515625,198.690185546875,81.79682159423828,519.9348754882812,103.99662780761719,230.05923461914062,152.59634399414062
2025-04-23,70.77802276611328,303.6499938964844,203.52464294433594,82.59132385253906,527.991455078125,103.10358428955078,235.22508239746094,150.3037567138672
2025-04-24,70.02486419677734,308.07000732421875,207.27481079101562,83.46149444580078,539.1051635742188,104.31350708007812,238.89678955078125,149.8684539794922
2025-04-25,69.43585968017578,304.7300109863281,208.18002319335938,84.07630157470703,543.0003662109375,104.25588989257812,237.8323974609375,149.52989196777344
2025-04-28,69.31997680664062,309.07000732421875,209.03550720214844,84.60596466064453,543.2073974609375,104.31350708007812,237.51014709472656,150.27474975585938
2025-04-29,69.86071014404297,306.05999755859375,210.0998992919922,85.31533813476562,546.6292724609375,104.05423736572266,238.87725830078125,150.81643676757812
2025-04-30,70.05384063720703,303.7699890136719,211.38311767578125,84.62488555908203,546.84619140625,101.4327163696289,238.87725830078125,151.20338439941406
2025-05-01,68.8371810913086,297.4599914550781,212.19879150390625,84.19580078125,550.7216796875,101.57676696777344,241.09397888183594,149.413818359375
2025-05-02,69.1847915649414,297.9800109863281,204.27069091796875,83.2844467163086,558.8966674804688,101.98966979980469,246.58204650878906,151.01959228515625
2025-05-05,69.23307800292969,306.8800048828125,197.8446502685547,82.81929016113281,555.69189453125,99.16648864746094,246.630859375,149.93617248535156
2025-05-06,69.25238037109375,315.4800109863281,197.4666290283203,83.09457397460938,551.047119140625,100.54927062988281,243.3985595703125,149.42349243164062
2025-05-07,69.90899658203125,310.75,195.21852111816406,83.4458236694336,553.3645629882812,100.4532470703125,243.5352783203125,152.16104125976562
2025-05-08,68.72130584716797,304.6300048828125,196.45199584960938,82.51549530029297,557.2202758789062,101.85523223876953,247.51950073242188,150.5746307373047
2025-05-09,68.09367370605469,306.8399963378906,197.48654174804688,82.63892364501953,556.5103149414062,103.04596710205078,247.13865661621094,149.18167114257812
2025-05-12,67.13774108886719,298.19000244140625,209.95703125,81.86994934082031,574.9015502929688,104.82245635986328,253.9449920654297,149.10427856445312
2025-05-13,66.58734893798828,299.4599914550781,212.0885772705078,81.53768920898438,578.6981811523438,105.11053466796875,256.8355407714844,143.5904998779297
2025-05-14,66.78047180175781,293.1600036621094,211.490966796875,80.99658203125,579.437744140625,104.16947174072266,259.40380859375,141.57843017578125
2025-05-15,69.14617156982422,297.8399963378906,210.61444091796875,81.70854949951172,582.2678833007812,105.2258071899414,261.2103271484375,144.72225952148438
2025-05-16,69.52275085449219,294.239990234375,210.42520141601562,81.9269027709961,585.9560546875,104.84785461425781,261.2786865234375,146.38607788085938
2025-05-19,69.45516204833984,298.0299987792969,207.9550018310547,81.68958282470703,586.5969848632812,103.18098449707031,258.66162109375,147.5081787109375
2025-05-20,69.22342681884766,303.5799865722656,206.04258728027344,81.10099792480469,584.6246948242188,101.70793151855469,259.4428405761719,148.6399688720703
2025-05-21,69.37792205810547,305.82000732421875,201.2914276123047,79.71497344970703,574.7733154296875,100.45779418945312,254.9117889404297,148.1756134033203
2025-05-22,68.69234466552734,303.1099853515625,200.56431579589844,80.13269805908203,575.0001831054688,99.78910064697266,254.55047607421875,147.624267578125
2025-05-23,69.30066680908203,309.75,194.4983673095703,80.26558685302734,571.0753173828125,99.84724426269531,254.5895233154297,147.94346618652344
2025-05-27,69.31031799316406,304.5,199.41885375976562,81.38578796386719,582.9483032226562,100.32210540771484,259.06201171875,149.51422119140625
2025-05-28,68.70199584960938,303.80999755859375,199.62803649902344,81.03455352783203,579.5757446289062,98.9556655883789,257.3042297363281,148.71420288085938
2025-05-29,69.03031158447266,305.6099853515625,199.15988159179688,81.78451538085938,581.8635864257812,99.51775360107422,258.16363525390625,149.83616638183594
2025-05-30,69.61931610107422,303.6000061035156,200.05633544921875,81.90791320800781,581.2127685546875,99.13980865478516,257.80230712890625,151.4264678955078
2025-06-02,69.52275085449219,311.6700134277344,200.90298461914062,81.14563751220703,584.4866943359375,99.86663055419922,258.4468078613281,151.61180114746094
2025-06-03,68.71166229248047,308.9100036621094,202.46676635742188,81.0027084350586,587.8197631835938,100.59346008300781,260.0190124511719,150.6557159423828
2025-06-04,68.91443634033203,310.8999938964844,202.01856994628906,82.3176498413086,587.6619873046875,99.13980865478516,258.0171203613281,149.48495483398438
2025-06-05,68.47026062011719,309.3299865722656,199.8372039794922,82.37481689453125,584.8218994140625,98.68431854248047,255.8004608154297,149.91424560546875
2025-06-06,68.89511108398438,305.17999267578125,203.11419677734375,81.32667541503906,590.8275146484375,101.04894256591797,259.49169921875,151.25082397460938
2025-06-09,69.30066680908203,306.6199951171875,200.65394592285156,81.41243743896484,591.3599243164062,101.72732543945312,260.4779357910156,151.44595336914062
2025-06-10,69.86071014404297,306.7099914550781,201.869140625,81.8316879272461,594.7127685546875,103.9078140258789,262.2943420410156,152.63623046875
2025-06-11,69.59034729003906,308.3699951171875,197.99452209472656,82.07943725585938,593.0166625976562,105.9332504272461,261.8548583984375,151.4752197265625
2025-06-12,69.7544937133789,312.20001220703125,198.412841796875,83.06086730957031,595.3734741210938,106.34028625488281,261.9427490234375,152.84109497070312
2025-06-13,69.06404113769531,316.2900085449219,195.67372131347656,82.26049041748047,588.7171630859375,108.65644073486328,258.7300109863281,153.2703857421875
2025-06-16,68.57781982421875,311.7799987792969,197.63592529296875,81.43148803710938,594.318359375,109.00533294677734,264.012939453125,151.4362030029297
2025-06-17,67.70260620117188,311.94000244140625,194.86692810058594,82.42247772216797,589.2398681640625,110.4783706665039,263.19268798828125,148.66543579101562
2025-06-18,67.30389404296875,310.260009765625,195.80320739746094,82.56539916992188,589.1510620117188,109.69339752197266,267.5284729003906,147.0556640625
2025-06-20,66.944091796875,310.1300048828125,200.20574951171875,82.4129409790039,587.7674560546875,111.15674591064453,268.5440368652344,146.1385498046875
2025-06-23,67.81929779052734,311.0799865722656,200.70376586914062,82.67974090576172,593.572998046875,108.28817749023438,271.7373046875,147.63125610351562
2025-06-24,68.27635955810547,306.19000244140625,199.50851440429688,83.28003692626953,600.13037109375,104.99320220947266,274.6571044921875,148.4800567626953
2025-06-25,67.71232604980469,307.1199951171875,200.76351928710938,83.3848648071289,600.4666748046875,105.02229309082031,277.391357421875,148.56787109375
2025-06-26,67.55674743652344,306.7799987792969,200.20574951171875,83.8041000366211,605.1646118164062,106.59224700927734,281.97125244140625,148.304443359375
2025-06-27,68.39305877685547,301.2200012207031,200.28543090820312,83.27050018310547,608.1713256835938,106.00109100341797,280.3697509765625,148.69471740722656
2025-06-30,68.8014907836914,304.8299865722656,204.3592529296875,84.08997344970703,611.0790405273438,104.46990203857422,283.1040344238281,149.0264129638672
2025-07-01,69.6961441040039,307.54998779296875,206.99879455566406,84.29846954345703,610.88134765625,105.86540985107422,283.5922546386719,152.119140625
2025-07-02,68.95708465576172,309.25,211.6005401611328,83.76287841796875,613.650634765625,107.6195068359375,285.1449890136719,151.76791381835938
2025-07-03,69.38496398925781,307.1400146484375,212.70616149902344,83.17945861816406,618.487060546875,108.73397064208984,290.443603515625,152.20693969726562
2025-07-07,69.05432891845703,307.3699951171875,209.12039184570312,82.38562774658203,613.8780517578125,107.67764282226562,286.4892578125,151.4849853515625
2025-07-08,68.30553436279297,304.1600036621094,209.1801300048828,82.28043365478516,613.5418090820312,110.66250610351562,277.47174072265625,151.9923095703125
2025-07-09,67.56646728515625,305.5199890136719,210.3056640625,83.14122009277344,617.2210083007812,110.28455352783203,277.8446350097656,152.47036743164062
2025-07-10,67.84848022460938,306.20001220703125,211.57066345214844,83.19859313964844,618.9617309570312,111.37964630126953,282.7801818847656,153.8459930419922
2025-07-11,67.94572448730469,309.1400146484375,210.3256072998047,82.05089569091797,616.7858276367188,111.86419677734375,281.4751281738281,153.0752410888672
2025-07-14,67.55674743652344,308.010009765625,207.79562377929688,81.87873077392578,617.9627685546875,110.40084075927734,283.2806396484375,152.9971923828125
2025-07-15,67.44977569580078,306.7300109863281,208.28370666503906,81.30487823486328,615.3220825195312,109.42205047607422,281.17095947265625,151.38743591308594
2025-07-16,67.36224365234375,308.260009765625,209.3295440673828,81.4196548461914,617.3792724609375,108.76304626464844,280.4547119140625,160.7631378173828
2025-07-17,68.64588928222656,307.5899963378906,209.19009399414062,81.40052795410156,621.1574096679688,108.21065521240234,284.4580993652344,159.00701904296875
2025-07-18,67.92627716064453,308.3900146484375,210.3455047607422,81.52486419677734,620.7024536132812,104.44082641601562,285.8023681640625,159.70947265625
2025-07-21,68.14021301269531,313.1300048828125,211.64036560058594,82.25173950195312,621.87939453125,104.71217346191406,285.50799560546875,160.35340881347656
2025-07-22,67.74150848388672,316.1000061035156,213.5527801513672,82.74906158447266,621.9684448242188,105.1870346069336,285.95941162109375,163.83636474609375
2025-07-23,67.25527954101562,312.17999267578125,213.3037872314453,82.28999328613281,627.2598266601562,106.53408813476562,291.1893310546875,164.9778594970703
2025-07-24,67.19692993164062,310.2699890136719,212.91531372070312,82.14653015136719,627.4674682617188,107.36753845214844,290.9832458496094,165.42662048339844
2025-07-25,67.26500701904297,307.3999938964844,213.03485107421875,82.66299438476562,630.1181030273438,106.98957824707031,293.014404296875,164.1973419189453
2025-07-28,66.2147445678711,305.4100036621094,213.2041778564453,82.12741088867188,629.9598999023438,107.99744415283203,292.6807861328125,162.16806030273438
2025-07-29,67.4692153930664,306.25,210.43516540527344,83.51421356201172,628.29833984375,109.3929672241211,291.464111328125,164.01197814941406
2025-07-30,66.85657501220703,300.9599914550781,208.2239227294922,83.0838394165039,627.5070190429688,108.44325256347656,294.0054931640625,163.18270874023438
2025-07-31,66.02025604248047,302.9599914550781,206.74978637695312,83.13163757324219,625.1531372070312,108.19126892089844,290.6790771484375,160.72413635253906
2025-08-01,66.96353912353516,309.1099853515625,201.58030700683594,84.3134765625,614.9066162109375,106.2530517578125,283.93804931640625,163.25100708007812
2025-08-04,67.060791015625,310.9100036621094,202.54644775390625,84.54389190673828,624.2530517578125,104.05318450927734,288.7362976074219,166.87054443359375
2025-08-05,67.1483154296875,311.1600036621094,202.11814880371094,84.8031234741211,621.0881958007812,103.92720031738281,285.9005126953125,166.577880859375
2025-08-06,67.59564208984375,310.5,212.4073486328125,84.3134765625,625.845458984375,103.2197494506836,285.8808898925781,166.4315185546875
2025-08-07,68.49030303955078,313.1199951171875,219.16053771972656,84.16947937011719,625.3212890625,102.67704772949219,281.5536804199219,167.34861755371094
2025-08-08,68.40277862548828,313.04998779296875,228.44374084472656,83.8046646118164,630.1972045898438,103.50079345703125,283.3395080566406,169.104736328125
2025-08-11,68.8014907836914,308.54998779296875,226.53909301757812,83.90066528320312,628.9510498046875,102.56075286865234,284.1244812011719,169.58279418945312
2025-08-12,68.76258850097656,308.2699890136719,229.0021209716797,83.47822570800781,635.6469116210938,102.85148620605469,287.3527526855469,168.56814575195312
2025-08-13,68.51947021484375,309.2099914550781,232.6717529296875,84.16947937011719,637.82275390625,104.27606964111328,285.0762939453125,170.1681671142578
2025-08-14,67.63452911376953,307.25,232.12330627441406,83.54544067382812,637.882080078125,104.0628662109375,288.63812255859375,170.46083068847656
2025-08-15,67.99434661865234,307.42999267578125,230.93667602539062,82.9501953125,636.3886108398438,104.16068267822266,285.03704833984375,172.33404541015625
2025-08-18,67.22610473632812,306.95001220703125,230.23863220214844,82.71016693115234,636.2501831054688,104.38565826416016,286.0574951171875,171.95355224609375
2025-08-19,68.19856262207031,305.2699890136719,229.90957641601562,83.19020080566406,632.7984008789062,105.07034301757812,285.203857421875,173.4657745361328
2025-08-20,68.75286102294922,308.3599853515625,225.3723907470703,83.37261962890625,631.116943359375,106.15606689453125,286.754150390625,174.48040771484375
2025-08-21,68.71397399902344,307.2900085449219,224.26551818847656,82.95979309082031,628.5850830078125,106.84075927734375,285.9986267089844,174.5682373046875
2025-08-22,68.19856262207031,310.5799865722656,227.11746215820312,83.5742416381836,638.2381591796875,108.84590911865234,290.6790771484375,174.91944885253906
2025-08-25,67.0316162109375,309.8299865722656,226.5191650390625,83.3342056274414,635.4292602539062,109.29583740234375,289.3642578125,174.0609130859375
2025-08-26,66.83712768554688,312.0799865722656,228.6630859375,83.28620910644531,638.0897827148438,109.05130767822266,292.96533203125,173.45156860351562
2025-08-27,66.93437194824219,312.7099914550781,229.8397674560547,83.19020080566406,639.543701171875,110.28375244140625,293.6620178222656,173.7464141845703
2025-08-28,66.47730255126953,315.0299987792969,231.90391540527344,83.73743438720703,641.80859375,110.8706283569336,295.4184265136719,172.4294891357422
2025-08-29,67.08995056152344,318.07000732421875,231.485107421875,83.14219665527344,637.9810180664062,111.7900619506836,295.7618713378906,174.11985778808594
2025-09-02,67.15802764892578,325.5899963378906,229.07192993164062,82.52347564697266,633.2533569335938,112.18132019042969,294.07415771484375,174.99453735351562
2025-09-03,67.08995056152344,328.1400146484375,237.7972412109375,83.42939758300781,636.6853637695312,109.46212768554688,293.8877258300781,174.93557739257812
2025-09-04,66.37034606933594,326.69000244140625,239.10354614257812,84.06546020507812,642.0064086914062,109.94140625,298.1168212890625,175.68247985839844
2025-09-05,66.08833312988281,331.04998779296875,239.01380920410156,85.34720611572266,640.1469116210938,106.84075927734375,288.85400390625,175.35816955566406
2025-09-08,65.57292938232422,334.82000732421875,237.20892333984375,86.48438262939453,641.7196655273438,107.44718170166016,287.4115905761719,175.06333923339844
2025-09-09,65.9910888671875,334.05999755859375,233.6888885498047,85.99288940429688,643.2031860351562,108.22969055175781,292.2589111328125,173.91348266601562
2025-09-10,65.95218658447266,335.260009765625,226.1501922607422,86.48438262939453,645.0625,110.03922271728516,294.89837646484375,172.7636260986328
2025-09-11,65.75769805908203,334.760009765625,229.3810577392578,87.06262969970703,650.4231567382812,109.68709564208984,299.8241271972656,175.42698669433594
2025-09-12,65.16449737548828,335.4200134277344,233.40966796875,86.686767578125,650.2054443359375,109.7066650390625,301.1488037109375,174.99453735351562
2025-09-15,64.88031768798828,338.9100036621094,236.03224182128906,86.88915252685547,653.6671752929688,109.89250183105469,303.1014099121094,174.3459014892578
2025-09-16,64.90970611572266,339.5899963378906,237.4781494140625,87.07225036621094,652.7671508789062,112.17153930664062,303.3860168457031,173.42210388183594
2025-09-17,65.69364929199219,336.9700012207031,238.3157958984375,86.85061645507812,651.9561157226562,112.76819610595703,305.8979187011719,174.14935302734375
2025-09-18,65.12528991699219,335.6199951171875,237.20892333984375,85.954345703125,655.0023803710938,111.43794250488281,307.3502197265625,171.16168212890625
2025-09-19,65.09588623046875,339.17999267578125,244.80740356445312,85.79049682617188,658.2465209960938,110.35222625732422,308.8710632324219,173.15673828125
2025-09-22,64.88031768798828,345.04998779296875,255.35755920410156,85.48213195800781,661.3607177734375,109.56971740722656,306.5749816894531,171.21083068847656
2025-09-23,65.37027740478516,346.4599914550781,253.7122344970703,86.07962036132812,657.7606201171875,111.45750427246094,306.86932373046875,173.54002380371094
2025-09-24,65.11549377441406,343.32000732421875,251.59820556640625,85.75196075439453,655.6678466796875,112.05415344238281,307.53662109375,173.64813232421875
2025-09-25,64.65493774414062,344.75,256.1453552246094,85.75196075439453,652.6429443359375,113.06163024902344,307.5660400390625,174.6702117919922
2025-09-26,64.35115814208984,346.739990234375,254.73931884765625,85.67486572265625,656.3820190429688,114.6559829711914,310.12701416015625,176.61614990234375
2025-09-29,64.71372985839844,352.4599914550781,253.7122344970703,86.37837219238281,658.2266845703125,111.72160339355469,309.76397705078125,178.49327087402344
2025-09-30,64.98810577392578,355.4700012207031,253.9116668701172,86.12779998779297,660.7061157226562,110.28375244140625,309.50885009765625,182.22784423828125
2025-10-01,65.4388656616211,356.0299987792969,254.72933959960938,86.35023498535156,662.95751953125,109.54037475585938,304.8774719238281,182.84698486328125
2025-10-02,64.77252197265625,354.7900085449219,256.40460205078125,86.6016845703125,663.7210693359375,108.8556900024414,301.7767639160156,182.7781982421875
2025-10-03,65.31147766113281,357.6400146484375,257.2920837402344,86.43727111816406,663.7112426757812,110.78260803222656,304.210205078125,185.3924102783203
2025-10-06,64.77252197265625,364.3800048828125,255.96585083007812,85.75064849853516,666.0914916992188,111.70204162597656,304.8511047363281,184.92066955566406
2025-10-07,65.44866180419922,366.260009765625,255.7564697265625,86.24386596679688,663.6219482421875,111.76072692871094,303.38201904296875,185.6381072998047
2025-10-08,64.79212188720703,372.29998779296875,257.33197021484375,86.31155395507812,667.5791625976562,111.52597045898438,299.773193359375,186.42433166503906
2025-10-09,65.03710174560547,365.42999267578125,253.32330322265625,86.24386596679688,665.6452026367188,110.44026184082031,301.2522277832031,187.7904052734375
2025-10-10,65.69364929199219,369.1199951171875,244.57806396484375,87.63646697998047,647.6542358398438,108.30793762207031,296.67718505859375,187.43658447265625
2025-10-13,65.45846557617188,378.0899963378906,246.96131896972656,87.58810424804688,657.5919189453125,109.78490447998047,303.6580810546875,187.61349487304688
2025-10-14,66.15421295166016,380.7900085449219,247.07101440429688,87.8685531616211,656.78857421875,109.83381652832031,297.85052490234375,187.56436157226562
2025-10-15,65.73284149169922,387.3900146484375,248.63658142089844,87.67513275146484,659.7044677734375,109.16868591308594,301.4100036621094,187.87884521484375
2025-10-16,66.23259735107422,396.45001220703125,246.75192260742188,88.33273315429688,655.211669921875,108.21991729736328,294.3600769042969,188.8125
2025-10-17,67.0655288696289,388.989990234375,251.57826232910156,88.19734191894531,658.9308471679688,109.78490447998047,293.3938293457031,189.89356994628906
2025-10-20,67.0655288696289,403.1499938964844,261.5001525878906,88.53584289550781,665.7840576171875,110.2348403930664,298.1265869140625,190.3849334716797
2025-10-21,69.7896957397461,377.239990234375,262.0286865234375,88.97101593017578,665.7740478515625,110.24462890625,292.93035888671875,188.57662963867188
2025-10-22,69.38792419433594,377.2799987792969,257.72088623046875,89.02903747558594,662.3128051757812,112.20088195800781,289.99212646484375,189.6183624267578
2025-10-23,68.53541564941406,378.7900085449219,258.84771728515625,88.41979217529297,666.2402954101562,113.44310760498047,290.4161376953125,189.15647888183594
2025-10-24,68.31002807617188,377.5199890136719,262.07855224609375,88.45846557617188,671.6851806640625,112.86600494384766,296.2334899902344,187.12208557128906
2025-10-27,68.65299987792969,367.010009765625,268.0516357421875,88.75826263427734,679.6094970703125,113.40398406982422,299.89154052734375,187.02383422851562
2025-10-28,68.75099182128906,364.3800048828125,268.2410888671875,88.9903564453125,681.41455078125,112.51387786865234,301.0846252441406,183.7118377685547
2025-10-29,66.97733306884766,363.0,268.93914794921875,88.09097290039062,681.7418212890625,113.90281677246094,301.2325439453125,183.3875274658203
2025-10-30,67.59468078613281,370.1300048828125,270.63433837890625,87.57842254638672,674.2439575195312,112.18132019042969,305.10748291015625,185.7953338623047
2025-10-31,67.51628875732422,368.1199951171875,269.60723876953125,87.31732177734375,676.4556274414062,111.85853576660156,306.7639465332031,185.61843872070312
2025-11-03,66.60497283935547,368.7799987792969,268.2909851074219,87.09893798828125,677.7251586914062,111.27166748046875,305.0187683105469,183.05337524414062
2025-11-04,67.28111267089844,362.32000732421875,269.2781982421875,87.29304504394531,669.6917114257812,111.64334869384766,304.920166015625,183.64305114746094
2025-11-05,67.13412475585938,366.510009765625,269.3778991699219,86.34188842773438,672.012451171875,111.19341278076172,307.3161315917969,182.79783630371094
2025-11-06,67.6730728149414,366.07000732421875,269.0089416503906,87.11833190917969,664.8021850585938,111.9954833984375,309.03179931640625,183.75115966796875
2025-11-07,69.1331558227539,368.30999755859375,267.7126159667969,86.9339370727539,665.4567260742188,114.6559829711914,309.8106994628906,183.35804748535156
2025-11-10,69.10374450683594,378.3800048828125,268.9303283691406,86.91453552246094,675.8407592773438,115.63410949707031,312.4532165527344,185.16636657714844
2025-11-11,70.17186737060547,379.8699951171875,274.73956298828125,87.31246948242188,677.3878784179688,117.15998077392578,311.2009582519531,190.4930419921875
2025-11-12,70.0738754272461,385.989990234375,272.962890625,87.46775817871094,677.7647705078125,115.53630065917969,315.92388916015625,191.04339599609375
2025-11-13,69.64271545410156,382.8699951171875,272.4438171386719,86.7495346069336,666.5179443359375,116.19164276123047,305.1469421386719,191.88861083984375
2025-11-14,69.73090362548828,375.9599914550781,271.90484619140625,86.2545394897461,666.408935546875,117.70126342773438,299.3591003417969,192.55690002441406
2025-11-17,69.26054382324219,371.6499938964844,266.9639892578125,86.46806335449219,660.2003173828125,116.11270141601562,296.1644592285156,196.14405822753906
2025-11-18,69.7896957397461,374.3500061035156,266.94403076171875,86.4389419555664,654.6563110351562,117.4447250366211,295.2179260253906,196.55682373046875
2025-11-19,69.6819076538086,374.9599914550781,268.0619812011719,86.26424407958984,657.1853637695312,115.78709411621094,299.02386474609375,199.02362060546875
2025-11-20,69.77989959716797,374.8500061035156,265.7562561035156,86.60395812988281,647.1683349609375,115.46148681640625,294.2023620605469,199.57398986816406
2025-11-21,71.48495483398438,374.2699890136719,270.98651123046875,86.86599731445312,653.6149291992188,115.52069091796875,293.84735107421875,200.38967895507812
2025-11-24,71.1321792602539,380.20001220703125,275.4083557128906,87.36100006103516,663.235107421875,114.42547607421875,293.8276672363281,202.502685546875
2025-11-25,71.15178680419922,380.0799865722656,276.45635986328125,87.58422088623047,669.4734497070312,112.98491668701172,298.75762939453125,204.40159606933594
2025-11-26,71.4163589477539,383.1199951171875,277.0353088378906,87.97245788574219,674.09521484375,113.241455078125,303.33270263671875,205.28182983398438
2025-11-28,71.65154266357422,387.8800048828125,278.3328857421875,87.55509948730469,677.7747192382812,114.37614440917969,308.696533203125,204.64886474609375
2025-12-01,71.00025177001953,389.75,282.57501220703125,86.46515655517578,674.6803588867188,115.0766830444336,304.5948181152344,203.08619689941406
2025-12-02,69.73715209960938,387.239990234375,285.6592712402344,86.50411224365234,675.9300537109375,113.84333038330078,303.5693359375,203.1653289794922
2025-12-03,69.87529754638672,386.8800048828125,283.623046875,86.74762725830078,678.2706298828125,116.2311019897461,307.75982666015625,203.07630920410156
2025-12-04,69.52005004882812,387.1300048828125,280.179443359375,86.28009796142578,678.7664794921875,115.57989501953125,311.67425537109375,200.25758361816406
2025-12-05,69.07598876953125,386.44000244140625,278.26300048828125,85.8807373046875,680.0557861328125,114.98788452148438,310.6291198730469,199.713623046875
2025-12-08,69.32269287109375,385.4200134277344,277.3746643066406,85.59825897216797,678.0127563476562,114.43534851074219,310.79669189453125,199.4070281982422
2025-12-09,69.164794921875,387.3999938964844,276.6659851074219,85.6859359741211,677.427490234375,116.67510986328125,296.30255126953125,197.7652587890625
2025-12-10,69.2832260131836,389.04998779296875,278.26300048828125,86.01709747314453,681.92041015625,117.94792938232422,305.76806640625,204.2730255126953
2025-12-11,68.19773864746094,393.239990234375,277.514404296875,85.90022277832031,683.5072021484375,117.94792938232422,312.9363098144531,207.70494079589844
2025-12-12,69.58912658691406,395.44000244140625,277.763916015625,85.0722885131836,676.1580810546875,117.23751831054688,314.0603332519531,209.25770568847656
2025-12-15,70.03319549560547,395.79998779296875,273.6016540527344,85.1307373046875,675.1365356445312,116.19164276123047,315.53936767578125,211.8192901611328
2025-12-16,69.44110870361328,395.8900146484375,274.1007385253906,85.59825897216797,673.2918701171875,113.15265655517578,311.1319274902344,207.00274658203125
2025-12-17,69.73715209960938,399.2900085449219,271.33587646484375,85.52034759521484,665.8832397460938,115.84630584716797,310.5699462890625,208.0214385986328
2025-12-18,69.43123626708984,398.57000732421875,271.68524169921875,85.92943572998047,670.9114990234375,114.98788452148438,308.6176452636719,206.0236053466797
2025-12-19,69.13520050048828,399.0199890136719,273.1625061035156,85.60871887207031,676.9923095703125,115.1358871459961,312.7686767578125,204.10488891601562
2025-12-22,69.2832260131836,408.2300109863281,270.4674987792969,85.42292022705078,681.2098999023438,116.5764389038086,318.56634521484375,205.0444793701172
2025-12-23,68.94770812988281,413.6400146484375,271.85491943359375,85.55982208251953,684.3233032226562,117.82952117919922,321.3666076660156,203.52137756347656
2025-12-24,69.1845474243164,411.92999267578125,273.3022155761719,86.07807159423828,686.7305297851562,117.63219451904297,324.5612487792969,205.49942016601562
2025-12-26,68.94770812988281,416.739990234375,272.89300537109375,85.79449462890625,686.660888671875,117.5236587524414,323.31890869140625,205.35105895996094
2025-12-29,69.23388671875,398.6000061035156,273.2523498535156,86.1171875,684.2138671875,118.92474365234375,319.2171325683594,205.28182983398438
2025-12-30,69.14506530761719,398.8900146484375,272.57354736328125,85.9118423461914,683.3783569335938,119.37861633300781,318.8917541503906,204.6389617919922
2025-12-31,68.9871826171875,396.30999755859375,271.3558349609375,85.22737121582031,678.3152465820312,118.73727416992188,317.70855712890625,204.67852783203125
2026-01-02,68.20761108398438,398.2799987792969,270.5074462890625,85.10023498535156,679.55859375,121.01651000976562,320.92291259765625,205.0741424560547
2026-01-05,67.04318237304688,408.760009765625,266.764404296875,85.52072143554688,684.0845336914062,123.69041442871094,329.3630676269531,202.0675048828125
2026-01-06,66.94449615478516,413.17999267578125,261.87347412109375,85.34468841552734,688.1529541015625,119.43782806396484,331.41326904296875,202.542236328125
2026-01-07,66.64846801757812,409.2300109863281,259.84722900390625,85.8433837890625,685.9347534179688,116.91191101074219,323.8660888671875,205.21261596679688
2026-01-08,68.45431518554688,411.489990234375,258.55963134765625,85.41315460205078,685.8651123046875,121.2730484008789,326.63934326171875,203.49169921875
2026-01-09,69.57926177978516,414.4700012207031,258.8890075683594,85.98028564453125,690.4010009765625,122.95040893554688,326.0450744628906,202.14663696289062
2026-01-12,69.56939697265625,422.2300109863281,259.7673645019531,85.7260513305664,691.4852294921875,122.37812805175781,321.38995361328125,207.41812133789062
2026-01-13,70.29962921142578,421.6300048828125,260.5658874511719,85.87272644042969,690.1026000976562,124.85469818115234,307.9297790527344,211.3049774169922
2026-01-14,70.49698638916016,425.94000244140625,259.4779052734375,86.37142181396484,686.7106323242188,128.4659423828125,304.9287414550781,216.15121459960938
2026-01-15,69.5496597290039,423.3299865722656,257.7311706542969,86.35186004638672,688.5806884765625,127.41021728515625,306.30548095703125,217.16001892089844
2026-01-16,69.51018524169922,421.2900085449219,255.05612182617188,85.85317993164062,688.0037231445312,128.1600799560547,309.48480224609375,216.260009765625
2026-01-20,70.80289459228516,437.2300109863281,246.2425079345703,84.72867584228516,673.9981689453125,128.72250366210938,299.8477478027344,215.81495666503906
2026-01-21,71.05946350097656,443.6000061035156,247.1907501220703,85.37403869628906,681.77685546875,131.83055114746094,299.15447998046875,215.6171417236328
2026-01-22,70.92131042480469,451.7900085449219,247.8894500732422,85.74561309814453,685.3379516601562,131.8601531982422,300.729248046875,216.0918731689453
2026-01-23,71.91797637939453,458.0,247.58001708984375,85.98028564453125,685.5865478515625,133.1724395751953,294.8757019042969,217.7237548828125
2026-01-26,71.60220336914062,464.70001220703125,254.93637084960938,86.3909683227539,689.0680541992188,133.04415893554688,298.16400146484375,219.05894470214844
2026-01-27,72.57913208007812,476.1000061035156,257.7910461425781,85.85317993164062,691.8134765625,135.0076446533203,297.44097900390625,221.9765625
2026-01-28,72.09559631347656,494.55999755859375,255.96444702148438,85.65760803222656,691.7438354492188,135.74766540527344,297.89654541015625,225.22056579589844
2026-01-29,72.4607162475586,495.8999938964844,257.801025390625,85.67716217041016,690.3711547851562,138.63864135742188,303.49261474609375,224.79527282714844
2026-01-30,73.82250213623047,444.95001220703125,258.99884033203125,85.19801330566406,688.3120727539062,139.51678466796875,302.9676818847656,224.75572204589844
2026-02-02,74.33563995361328,427.1300048828125,269.50927734375,84.95459747314453,691.7339477539062,136.55673217773438,305.1961975097656,228.21730041503906
2026-02-03,75.87504577636719,454.2900085449219,268.98028564453125,85.16072845458984,685.885009765625,141.8157501220703,311.8420715332031,230.54151916503906
2026-02-04,76.32897186279297,453.9700012207031,275.97723388671875,84.94478607177734,682.5626831054688,145.6243438720703,314.2389221191406,231.89646911621094
2026-02-05,77.47366333007812,441.8800048828125,275.3983459472656,85.8674545288086,674.0379638671875,144.1344757080078,307.1968688964844,235.18002319335938
2026-02-06,77.98680114746094,455.4599914550781,277.6042175292969,85.92633819580078,686.96923828125,147.06491088867188,319.3199462890625,237.35589599609375
2026-02-09,76.94078826904297,467.0299987792969,274.3672180175781,85.9067153930664,690.2816772460938,149.19613647460938,319.0228271484375,236.0207061767578
2026-02-10,75.79609680175781,462.3999938964844,273.4280700683594,86.89810180664062,688.4613037109375,149.57107543945312,315.2392883300781,235.73388671875
2026-02-11,77.56246948242188,467.6300048828125,275.24639892578125,86.43675994873047,688.3021850585938,153.4882049560547,307.8505859375,238.21633911132812
2026-02-12,77.95719146728516,451.3900146484375,261.4891052246094,87.585205078125,677.668701171875,148.91920471191406,299.74871826171875,241.8658447265625
2026-02-13,77.64141845703125,462.6199951171875,255.5445556640625,88.066162109375,678.1461181640625,147.44918823242188,299.6595458984375,240.7779083251953
2026-02-17,78.50979614257812,448.20001220703125,263.6371154785156,88.2134017944336,679.2402954101562,145.20443725585938,304.19580078125,240.6592254638672
2026-02-18,78.44071960449219,458.2799987792969,264.106689453125,87.87966918945312,682.662109375,149.66415405273438,305.8300476074219,242.30101013183594
2026-02-19,77.86837768554688,459.55999755859375,260.3401184082031,87.96800231933594,680.8616333007812,149.95220947265625,305.1070251464844,244.19992065429688
2026-02-20,78.78610229492188,468.6199951171875,264.3364562988281,87.76187896728516,685.7855834960938,146.28707885742188,307.82086181640625,239.8284454345703
2026-02-23,79.49659729003906,481.2799987792969,265.9349670410156,88.08580017089844,678.7827758789062,149.74362182617188,294.82623291015625,243.14166259765625
2026-02-24,79.65449523925781,474.6099853515625,271.8895263671875,88.24285125732422,683.7164916992188,148.25372314453125,294.459716796875,244.87173461914062
2026-02-25,79.40779113769531,473.4200134277344,273.97760009765625,88.2526626586914,689.4859008789062,148.05508422851562,300.4023742675781,243.76808166503906
2026-02-26,79.43739318847656,477.4800109863281,272.6987609863281,88.60602569580078,685.6561889648438,147.53857421875,303.20538330078125,242.0778045654297
2026-02-27,80.48339080810547,483.75,263.93682861328125,89.14588928222656,682.3637084960938,151.47189331054688,297.4310607910156,247.00942993164062
2026-03-02,79.16108703613281,490.0,264.476318359375,88.25067901611328,682.751708984375,153.1802978515625,294.7172546386719,247.13868713378906
2026-03-03,78.2927017211914,468.1400146484375,263.5072326660156,88.07341003417969,676.7337036132812,150.80641174316406,297.3914489746094,245.3390350341797
2026-03-04,77.06907653808594,471.79998779296875,262.2783508300781,87.79766082763672,681.5082397460938,148.80996704101562,296.52978515625,243.8973388671875
2026-03-05,76.01319122314453,466.1300048828125,260.0504150390625,87.44312286376953,677.70849609375,149.74362182617188,290.74554443359375,238.259765625
2026-03-06,76.02306365966797,473.510009765625,257.2229919433594,87.11811828613281,668.82568359375,150.1905975341797,286.7144470214844,239.0253448486328
2026-03-09,76.77303314208984,472.5299987792969,259.6407775878906,87.87644958496094,674.6845703125,149.42578125,287.1502685546875,241.20281982421875
2026-03-10,76.85197448730469,477.8599853515625,260.58990478515625,86.94084930419922,673.6002807617188,147.13136291503906,285.97161865234375,242.31643676757812
2026-03-11,76.60527801513672,476.239990234375,260.5699157714844,85.81814575195312,672.7548217773438,150.55809020996094,284.7731628417969,241.6005401611328
2026-03-12,76.58554077148438,466.8800048828125,255.52456665039062,85.65071868896484,662.5390625,152.4949493408203,280.18743896484375,240.6559600830078
2026-03-13,76.8438720703125,460.8399963378906,249.8897705078125,85.22724914550781,658.7890014648438,155.06747436523438,280.7321472167969,240.13894653320312
2026-03-16,77.32079315185547,460.42999267578125,252.58729553222656,85.8870849609375,665.493408203125,156.1699981689453,283.4261474609375,241.7993927001953
2026-03-17,77.08233642578125,459.2699890136719,253.99598693847656,86.12344360351562,667.2440185546875,157.73934936523438,284.1492004394531,236.74844360351562
2026-03-18,75.48265838623047,444.739990234375,249.70994567871094,85.640869140625,657.9335327148438,156.52757263183594,284.99102783203125,235.92318725585938
2026-03-19,75.06536102294922,426.4100036621094,248.73085021972656,86.16282653808594,656.3121948242188,157.09373474121094,285.2188720703125,236.24136352539062
2026-03-20,74.2704849243164,413.3800048828125,247.76173400878906,84.52801513671875,646.9034423828125,158.5935516357422,283.82232666015625,234.02410888671875
2026-03-23,74.62818145751953,404.0400085449219,251.25851440429688,85.07952880859375,653.6959228515625,160.04371643066406,287.14031982421875,234.07382202148438
2026-03-24,74.19100189208984,404.1300048828125,251.4083709716797,84.70529174804688,651.5015869140625,164.2650604248047,289.6065368652344,233.9246826171875
2026-03-25,74.76728057861328,416.2900085449219,252.38746643066406,85.52269744873047,655.1322021484375,162.1593475341797,292.59771728515625,238.5580291748047
2026-03-26,74.21087646484375,400.6400146484375,252.6572265625,84.80376434326172,643.432373046875,164.31471252441406,288.87359619140625,237.8719940185547
2026-03-27,75.22432708740234,414.70001220703125,248.57098388671875,84.34089660644531,632.4606323242188,169.8372344970703,280.13787841796875,239.07505798339844
2026-03-30,75.78073120117188,414.5799865722656,246.40298461914062,85.46361541748047,630.3460693359375,170.31399536132812,281.0589904785156,241.10340881347656
2026-03-31,75.56214904785156,430.2900085449219,253.55638122558594,85.3749771118164,648.6688842773438,168.51620483398438,291.3497314453125,243.04225158691406
2026-04-01,75.59195709228516,437.82000732421875,255.3946990966797,85.29092407226562,653.5562744140625,159.69607543945312,292.5580749511719,242.7240753173828
2026-04-02,76.22785186767578,429.4100036621094,255.68443298339844,85.81497955322266,654.144775390625,159.60667419433594,291.7855224609375,241.65025329589844
2026-04-06,76.72463989257812,427.6499938964844,258.6217041015625,85.67655181884766,657.23681640625,162.2686004638672,294.125,239.5920867919922
2026-04-07,75.42304992675781,431.80999755859375,253.26666259765625,85.66665649414062,657.5260009765625,162.8049774169922,296.0662536621094,237.04673767089844
2026-04-08,76.79419708251953,434.5299987792969,258.66168212890625,85.9435043334961,674.27294921875,155.16680908203125,306.5888366699219,239.9202117919922
2026-04-09,77.67848205566406,437.9100036621094,260.2502136230469,85.72598266601562,678.162841796875,153.99476623535156,308.938232421875,239.93014526367188
2026-04-10,76.97303771972656,437.1300048828125,260.240234375,85.51834106445312,677.7140502929688,151.4818115234375,308.4803161621094,237.09645080566406
2026-04-13,75.91984558105469,435.3599853515625,258.96142578125,85.77542114257812,684.3369750976562,151.61094665527344,312.2732238769531,236.59930419921875
2026-04-14,75.4131088256836,445.0899963378906,258.59173583984375,86.23025512695312,692.675537109375,148.23387145996094,309.7247009277344,238.72706604003906
2026-04-15,74.82688903808594,440.4599914550781,266.18475341796875,85.85452270507812,698.1414184570312,148.0054168701172,304.5579833984375,237.30523681640625
2026-04-16,74.6977310180664,440.0799865722656,263.15753173828125,85.31070709228516,699.8569946289062,150.9553985595703,308.5599670410156,233.1988525390625
2026-04-17,75.25413513183594,445.92999267578125,269.98126220703125,86.09182739257812,708.3152465820312,145.45274353027344,308.8984375,232.84091186523438
2026-04-20,74.99580383300781,442.0899963378906,272.79864501953125,86.07205200195312,706.8988037109375,146.6843719482422,315.5683898925781,229.37088012695312
2026-04-21,74.2208023071289,429.57000732421875,265.9250183105469,85.59744262695312,702.2708129882812,147.35980224609375,311.5962829589844,224.8667755126953
2026-04-22,74.15125274658203,435.260009765625,272.9185791015625,85.76553344726562,709.3825073242188,148.4921112060547,311.6161804199219,224.80712890625
2026-04-23,75.7906723022461,431.0400085449219,273.1783142089844,85.57766723632812,706.6295776367188,149.51516723632812,310.29217529296875,229.3311004638672
2026-04-24,76.138427734375,433.25,270.81048583984375,85.73587036132812,712.10546875,147.90609741210938,306.8974609375,226.19911193847656
2026-04-27,74.95606231689453,429.8900146484375,267.3636474609375,85.31070709228516,713.332275390625,147.19094848632812,310.232421875,224.0514678955078
2026-04-28,77.8473892211914,421.9100036621094,270.4608154296875,85.39969635009766,709.8612060546875,149.5449676513672,310.0532531738281,226.48745727539062
2026-04-29,78.36405944824219,417.4100036621094,269.92132568359375,84.7372055053711,709.7515258789062,153.62725830078125,307.86309814453125,226.0499725341797
2026-04-30,78.25476837158203,423.6600036621094,271.1002502441406,84.65811920166016,716.8132934570312,153.28955078125,311.82525634765625,228.5356903076172
2026-05-01,78.07592010498047,423.17999267578125,279.88214111328125,84.96080780029297,718.7982177734375,151.72019958496094,311.06866455078125,225.89088439941406
2026-05-04,77.68842315673828,414.7099914550781,276.5751647949219,84.31572723388672,716.1649780273438,152.65386962890625,306.270263671875,222.91798400878906
2026-05-05,77.9765625,418.2699890136719,283.9184265136719,84.78216552734375,721.9102172851562,153.83584594726562,308.0124206542969,224.26026916503906
2026-05-06,78.72174835205078,430.9599914550781,287.245361328125,85.42723846435547,731.9443359375,147.6875762939453,313.4877624511719,223.33558654785156
2026-05-07,77.9268798828125,431.67999267578125,287.1754150390625,85.00049591064453,729.7001342773438,145.591796875,304.8964538574219,221.23764038085938
2026-05-08,77.91693878173828,433.7699890136719,293.0500183105469,85.42723846435547,735.724609375,143.59535217285156,300.74517822265625,220.05445861816406
2026-05-11,78.15541076660156,434.6499938964844,292.67999267578125,84.91117858886719,737.4002685546875,148.6708984375,298.6545715332031,220.163818359375
2026-05-12,79.51661682128906,432.92999267578125,294.79998779296875,84.34550476074219,736.2831420898438,149.614501953125,303.5126953125,222.97763061523438
2026-05-13,79.7451400756836,430.5,298.8699951171875,84.15695190429688,740.4025268554688,150.5481719970703,298.9034729003906,229.1024169921875
2026-05-14,79.93392181396484,427.2099914550781,298.2099914550781,84.27603149414062,746.2474975585938,151.75,298.56500244140625,229.48025512695312
2026-05-15,80.30155181884766,417.2900085449219,300.2300109863281,83.02558898925781,737.2706298828125,157.9199981689453,296.4743957519531,225.41363525390625
2026-05-18,80.67910766601562,418.42999267578125,297.8399963378906,82.92634582519531,736.751953125,160.49000549316406,299.3813171386719,227.61099243164062
2026-05-19,81.39449310302734,411.5,298.9700012207031,82.39044189453125,731.8446044921875,162.5500030517578,294.3738708496094,228.684814453125
2026-05-20,81.02687072753906,417.3999938964844,302.25,83.27369689941406,739.3452758789062,156.27999877929688,300.625732421875,228.0087127685547
2026-05-21,80.64929962158203,416.989990234375,304.989990234375,83.58133697509766,740.8114624023438,155.2899932861328,301.6411437988281,230.40492248535156
2026-05-22,80.95732116699219,413.82000732421875,308.82000732421875,84.03784942626953,743.7239990234375,154.9199981689453,305.0059814453125,233.0
2026-05-26,79.94385528564453,414.0,308.3299865722656,84.45466613769531,748.6613159179688,149.80999755859375,305.3643493652344,230.17999267578125
2026-05-27,81.09642028808594,408.489990234375,310.8500061035156,84.65316009521484,748.5316162109375,147.89999389648438,297.93780517578125,231.2899932861328
2026-05-28,79.89418029785156,412.7699890136719,312.510009765625,85.08981323242188,752.6609497070312,146.9600067138672,295.3992614746094,230.8000030517578
2026-05-29,78.50315856933594,417.1199951171875,312.05999755859375,85.10967254638672,754.5361328125,145.25999450683594,297.9676818847656,225.3300018310547
2026-06-01,78.13553619384766,411.260009765625,306.30999755859375,85.1554946899414,756.5908203125,149.3800048828125,295.2499084472656,223.50999450683594
2026-06-02,77.90701293945312,411.95001220703125,315.20001220703125,85.3348388671875,757.6182250976562,149.55999755859375,299.6102600097656,222.88999938964844
2026-06-03,78.25476837158203,407.8699951171875,310.260009765625,84.99608612060547,752.3018798828125,152.52999877929688,299.50079345703125,223.24000549316406
2026-06-04,76.32720947265625,411.2699890136719,311.2300109863281,85.18538665771484,755.1445922851562,152.0399932861328,309.4957580566406,228.1699981689453
2026-06-05,78.97014617919922,396.239990234375,307.3399963378906,84.74700164794922,735.65478515625,149.9199981689453,310.9691162109375,232.77000427246094
2026-06-08,79.0297622680664,397.2699890136719,301.5400085449219,84.30862426757812,737.3204345703125,151.75,309.7147521972656,232.16000366210938
2026-06-09,80.81820678710938,390.7799987792969,290.54998779296875,84.8067855834961,735.1560668945312,148.91000366210938,311.2976379394531,237.0
2026-06-10,83.05377197265625,374.5799865722656,291.5799865722656,84.56766510009766,723.56591796875,150.6199951171875,307.75360107421875,238.49000549316406
2026-06-11,82.00057983398438,386.32000732421875,295.6300048828125,85.66361999511719,735.8642578125,146.60000610351562,312.0840759277344,238.3300018310547
2026-06-12,82.09000396728516,386.5400085449219,291.1300048828125,85.45439147949219,739.843994140625,147.00999450683594,319.28167724609375,240.8699951171875
2026-06-15,80.91000366210938,396.54998779296875,296.4200134277344,85.40457916259766,752.890380859375,140.9199981689453,317.96759033203125,235.66000366210938
2026-06-16,80.27999877929688,397.6300048828125,299.239990234375,85.87284851074219,748.4019775390625,141.86000061035156,329.6549377441406,235.17999267578125
2026-06-17,79.93000030517578,388.6000061035156,295.95001220703125,86.01233673095703,739.0560302734375,140.74000549316406,331.9645080566406,234.1999969482422
2026-06-18,79.38999938964844,387.1199951171875,298.010009765625,86.4307861328125,746.739990234375,137.80999755859375,323.761474609375,228.38999938964844
2026-06-22,79.52999877929688,384.5899963378906,297.010009765625,85.77320861816406,744.3900146484375,138.47000122070312,329.993408203125,231.2899932861328
2026-06-23,80.30999755859375,377.32000732421875,294.29998779296875,85.88280487060547,733.5800170898438,139.72999572753906,332.6414794921875,239.0800018310547
2026-06-24,80.5999984741211,365.9200134277344,293.0799865722656,87.05846405029297,733.239990234375,136.89999389648438,331.95458984375,241.0
2026-06-25,80.41999816894531,369.4599914550781,275.1499938964844,87.02857971191406,734.2999877929688,137.5500030517578,333.6170654296875,244.8800048828125
2026-06-26,82.62999725341797,373.6300048828125,283.7799987792969,87.03854370117188,728.989990234375,136.5399932861328,327.57427978515625,254.66000366210938
2026-06-29,82.6500015258789,368.5799865722656,281.739990234375,87.12820434570312,741.0,136.05999755859375,327.91278076171875,258.510009765625
2026-06-30,81.2699966430664,368.3800048828125,289.3599853515625,86.10199737548828,746.77001953125,136.72000122070312,325.86199951171875,253.97000122070312
2026-07-01,81.29000091552734,370.6000061035156,294.3800048828125,85.5199966430664,745.760009765625,136.27999877929688,332.5718078613281,253.97999572753906
2026-07-02,84.13999938964844,378.1300048828125,308.6300048828125,85.51000213623047,744.780029296875,137.08999633789062,332.9700012207031,263.0400085449219
2026-07-06,82.95999908447266,382.1300048828125,312.6600036621094,85.44999694824219,751.280029296875,136.44000244140625,337.7200012207031,259.3299865722656
2026-07-07,84.05000305175781,377.489990234375,310.6600036621094,84.55000305175781,747.7100219726562,141.69000244140625,339.2200012207031,267.239990234375
2026-07-08,83.4000015258789,374.45001220703125,313.3900146484375,84.36000061035156,745.4000244140625,141.1300048828125,330.6199951171875,263.3999938964844
2026-07-09,82.62999725341797,378.17999267578125,316.2200012207031,84.48999786376953,751.7100219726562,137.4600067138672,335.4700012207031,259.1000061035156
2026-07-10,83.48999786376953,377.010009765625,315.32000732421875,84.47000122070312,754.9500122070312,138.8800048828125,336.4700012207031,256.9800109863281
2026-07-13,84.25,367.1300048828125,317.30999755859375,83.97000122070312,749.1699829101562,144.50999450683594,334.5299987792969,257.7699890136719
2026-07-14,83.08000183105469,372.1499938964844,314.8599853515625,84.08000183105469,751.8300170898438,145.08999633789062,342.8900146484375,253.85000610351562
2026-07-15,82.44999694824219,372.3500061035156,327.5,84.23999786376953,754.8099975585938,144.50999450683594,346.9100036621094,247.02000427246094
2026-07-16,84.91999816894531,364.9599914550781,333.260009765625,84.20999908447266,750.719970703125,145.9499969482422,343.1499938964844,249.97000122070312
2026-07-17,81.55999755859375,368.4100036621094,333.739990234375,84.5199966430664,743.2899780273438,147.36000061035156,341.1000061035156,253.0399932861328
2026-07-20,82.12000274658203,367.6000061035156,326.5899963378906,83.88999938964844,742.0900268554688,148.36000061035156,338.8699951171875,248.82000732421875
