Date,GLD,TLT,SPY,JPM,XOM,AAPL,JNJ,KO
2016-01-05,0.0028185529910356166,-0.00403428952520557,0.0016912637010007003,0.001728818744236582,0.008520872715572336,-0.025059211695457217,0.00417999963948068,0.00353754932076078
2016-01-06,0.01444076235086822,0.013475399773122954,-0.012614073615458521,-0.01443593834033896,-0.008320726926632771,-0.019569840603559596,-0.005054700936413581,-0.005405428268631884
2016-01-07,0.014139709399294542,0.0017946872454801532,-0.02399176253810109,-0.04043961246627703,-0.01600617330591192,-0.04220443170855992,-0.01165440680103258,-0.016540816390346547
2016-01-08,-0.004427708091822691,0.004478680283319658,-0.010976749374544625,-0.02239886826489379,-0.020202313145009976,0.005287745218130135,-0.010683311017252284,-0.00264279210709506
2016-01-11,-0.008894799760520322,-0.010943853052282293,0.00099031442129216,-0.0015276082928528112,-0.01338844316984611,0.01619184276984864,-0.006010379774522678,0.0016865751436749843
2016-01-12,-0.005060137388834041,0.014425246267017355,0.008068056728512074,0.0022099021802364227,0.02049108787438536,0.014513628175659932,0.006866649319795748,0.012986888162020094
2016-01-13,0.004893984653210337,0.009856944887196128,-0.024940372940156164,-0.027476499805611843,0.005984325692382608,-0.025710536969797193,-0.01241844871001696,-0.006410761115686059
2016-01-14,-0.016233809757639994,-0.009360667597101857,0.016416687002814623,0.014998162386045122,0.04586909871244638,0.02187085334287553,0.019274091145597527,0.0007175421279315142
2016-01-15,0.010289314914859293,0.015587221938609064,-0.021465907512426385,-0.019931247507588012,-0.019463932558089647,-0.024015231501691048,-0.019111819413597964,-0.009073376080296791
2016-01-19,-0.0009607847075502329,-0.003101526800456167,0.0013312611121127915,-0.0005257504239601918,-0.015210202833080166,-0.00483879116342778,0.005154286615848935,0.010120162621577666
2016-01-20,0.013367949074563734,0.010529695767476088,-0.01281514422727581,-0.026311244175735382,-0.042146754539454157,0.001345105660193413,-0.01794843589637085,-0.01288155664117585
2016-01-21,0.001138797703897465,-0.006789066036434144,0.005601871684186355,-0.00468369518951961,0.012571649667562301,-0.005062697929922533,0.00198420710994629,0.00024176927523145153
2016-01-22,-0.004644969889963435,-0.0038145542051531978,0.020515580315792592,0.030769378032304395,0.03333354085774265,0.05316708580581442,0.008442722709664174,0.016187208496250882
2016-01-25,0.010285731724330116,0.005425201658068923,-0.015117002944702862,-0.022651653180654874,-0.03382512435356533,-0.019522858869077453,-0.003617661068584077,0.002377535645258
2016-01-26,0.011406476843766944,0.00047587985862618254,0.013643275273476974,0.02551177152094497,0.03676636487955376,0.0055311203397305775,0.04958527203789864,-0.001897429214119617
2016-01-27,0.0037282274439891516,-0.0002377051433086752,-0.010883103721449183,-0.0007007152572386932,-0.01838315905442489,-0.06570651221740564,0.009685988795622436,0.00023774746728211227
2016-01-28,-0.010678814187088603,0.001428110710327335,0.005209197187537651,0.004207769432743369,0.022579052106814546,0.007171706541737377,0.0010762223390690107,0.011403569501936106
2016-01-29,0.0038482826092702815,0.008476035217577005,0.024377386357828712,0.038756844741095975,0.011170555043811703,0.03454174868030546,0.021218337062481663,0.008221903099123518
2016-02-01,0.010285237353002907,-0.0030611144518599698,-0.00036166889030897487,-0.010756294496924612,-0.020038807329911035,-0.009348655427708796,-0.00066992679520117,0.0018642627757068375
2016-02-02,0.00037013683482878257,0.01855170790727123,-0.018021758268236376,-0.031090842033833277,-0.022283252578188195,-0.02022189300747168,-0.009198169589113014,-0.013023402103671922
2016-02-03,0.010731831819877025,-0.00829318086981734,0.005994973192230413,0.006663558478002596,0.05215188441846763,0.01979263593202374,0.007059324559779867,0.006597655750855358
2016-02-04,0.012082377069329242,0.004845591715561204,0.0015679143342774982,0.01724417012502566,0.017201958303973752,0.008034496790159773,-0.0023045968430951413,-0.0044475459939498085
2016-02-05,0.015827077912906162,0.0011667928100043135,-0.01904982860897675,-0.0111300065839961,0.0031317685873006873,-0.02670775399748948,-0.03233868802090978,-0.0021162782477437414
2016-02-08,0.013443751249405,0.021519770908085212,-0.013461487534384586,-0.020952521827651283,0.013486233020445937,0.010529371641040619,0.01452137231365902,0.004948413310408073
2016-02-09,-0.002196257541759894,0.0010648434081195202,5.407739666329903e-05,-0.006013453659419632,-0.004351338007832162,-0.00021027053566813336,-0.00029389409577140757,0.015240226403526291
2016-02-10,0.007747818623272673,0.00881219692692703,-0.0008629465902335598,-0.012099668112326989,-0.00911602130067013,-0.007579850390777465,-0.0023538397534874633,-0.017321203067447888
2016-02-11,0.040188699204219525,0.007004003396206437,-0.013007936763020256,-0.044128250571714656,0.0031502836130705703,-0.006046636231102243,-0.00029437403506982207,-0.003289957791356768
2016-02-12,-0.005879363032052054,-0.016602449663576935,0.020616667933599953,0.08328639359396206,0.01796501472817935,0.0030954176339845763,0.0011795437950032905,0.01650527243350708
2016-02-16,-0.030331226332987904,-0.010570044583647409,0.016878455934672187,0.014959027470470287,0.0023447581429603126,0.02819430765061126,0.004910890914961774,0.005799591353079725
2016-02-17,0.00618634429410414,-0.006148506843283719,0.01633489009076361,0.007197845808169623,0.009603739561998781,0.015314753301607809,0.00175914186416537,0.0029977680935344697
2016-02-18,0.02433319602449635,0.012296164226997863,-0.004096465066410038,-0.016334681465698386,0.005487719535028912,-0.01895646814648222,0.01697550718940244,0.002759377498749771
2016-02-19,-0.006002190201855662,0.0008400327595630142,-0.00046800678482639135,0.00017294490053876288,0.0006061947224478281,-0.0022855667684548164,0.006474031977448114,0.0036686208894911587
2016-02-22,-0.01777516528948675,-0.0005345282344448865,0.014479087590109074,0.012971063786120673,-0.0013329931641099524,0.008746477232801864,0.005664528841436756,0.003884141973778954
2016-02-23,0.014979681261872546,0.0040481937323588735,-0.01262957613757576,-0.04183012954687659,-0.014079391501747196,-0.02260524827245436,-0.0063965430409951285,-0.0056893771729694675
2016-02-24,0.003327072049028157,-0.001977988754277793,0.004575652465737434,0.0003565752228773533,0.0035700946192389615,0.01489063347373798,0.008455182533811723,0.005034911929325814
2016-02-25,0.0026358095143694804,0.0035822718481768323,0.012111657140940757,0.015496835569664746,0.006010709546610871,0.006868116204666652,0.013528826284807671,0.005693989603301919
2016-02-26,-0.006869043174790979,-0.009644838142439216,-0.00230152377256998,0.009296471157615338,-0.0031703121515843646,0.0015500741104956806,-0.005640144319775775,-0.023098247006808847
2016-02-29,0.013064629590324062,0.004371003641798987,-0.00784230446911438,-0.021550264722555168,-0.019571884988666355,-0.0022701496329479154,-0.005388586488088154,-0.00023166039273547767
2016-03-01,-0.0073331317520045625,-0.017608807901300927,0.02350697323699813,0.05151001825486046,0.014098635109357938,0.039714572163375594,0.019104871211163887,0.01298433364960827
2016-03-02,0.007726956678680841,0.004126631433123862,0.0044926289366233885,0.009459386796369706,0.017470087265700318,0.0021882357321107992,-0.0016791072550134123,0.0018306788086752679
2016-03-03,0.017273365743903035,0.0036447422551793007,0.0039192780786552195,0.0033462853729158137,-0.003627107685130526,0.007444104375257332,-0.003643319553658153,0.004340793957681388
2016-03-04,-0.0015737798071993048,-0.006412372581002024,0.003253857999665488,0.0015014489057543212,-0.0013348265136248205,0.014876528056037452,-0.001406655745587182,0.0034126160590191024
2016-03-07,0.004977588099916774,-0.0003113487736564613,0.0007983644410409774,-0.0018318497782531251,0.026369722886158353,-0.011066471165965264,0.0022538195411465622,-0.002267279810841405
2016-03-08,-0.0046227304062675945,0.011045393137675052,-0.010917976805536522,-0.019352743385066318,-0.021666893143338473,-0.00824591719444856,-0.004871915822501571,0.007043595189927698
2016-03-09,-0.00829324916913754,-0.006077822450495374,0.004939731228556177,0.00578412056594968,-0.002783369682309522,0.0008908368952487145,0.005837239409464345,0.011056420673558609
2016-03-10,0.016056181130168712,-0.004102670006605358,0.000802205688915647,-0.008626200178927457,-0.0026704456367854235,0.0004944966820705776,0.002807740680270454,0.009372554370135733
2016-03-11,-0.01720161594971703,-0.010103832190590745,0.01613719719738782,0.012455402094637469,0.00012224420418327497,0.010773899747108295,0.005320374218668711,0.007130270388757021
2016-03-14,-0.012896749587957612,0.0031408434375534977,-0.0012822889782151403,-0.0037079589937165647,0.0026767630541681964,0.002542519022730838,-0.0004645521306650968,0.001991023775965939
2016-03-15,0.0007635219800927739,0.0009393107985355975,-0.001629386808920552,0.0013534986197072385,0.004975326538900315,0.02009370076927386,0.0009291607366437304,-0.0011038232899291955
2016-03-16,0.02229567034444102,0.0029706444019363953,0.005787093819281441,-0.004729693398184853,0.0006031995239785815,0.01329149828049836,-0.0032481062088637325,-0.00419981379827028
2016-03-17,-0.003814570847019194,0.004133134913640868,0.006344111576040978,-0.0028855298223418036,0.01484248744963601,-0.0016045146273649946,-0.006237664810917476,0.01598215706654904
2016-03-18,-0.002746975852867317,0.0020958945278317653,0.003929614369220236,0.02944693495606665,0.0011889561288531691,0.0011343906319316588,0.007119720639978011,-0.00371373209878878
2016-03-21,-0.007011719080860401,-0.007670293672343065,0.0014186319179669837,-0.0003307864497812396,-0.006888475560924312,-9.430606256666252e-05,-0.0020460309987040404,0.0015348229735758778
2016-03-22,0.0029421526295791978,-0.00023455743425015996,-0.0005371938562477307,-0.0036386053553985054,0.005979403535113059,0.007647629769620856,0.0009321690903314472,-0.0037222079357726034
2016-03-23,-0.02263009809313099,0.011324067652054959,-0.006599698178791358,-0.004980143139295401,-0.004398466927787781,-0.005528352563415884,0.010430119170584229,-0.0008797444412237398
2016-03-24,-0.0024011557999429334,0.0003865113438916712,-0.00044278475725212374,-0.007674360858566653,0.0027467864831307587,-0.00433449948814113,-0.0017512903301194482,0.002640170756691873
2016-03-28,0.0023209545157449885,0.001312530313499538,0.0005905821036780168,-0.0013448829667294104,0.0028575430178010564,-0.004542028722839597,-0.0007387183162594901,0.004826011788697571
2016-03-29,0.01852490300494125,0.010484516044094061,0.009250240408084975,-0.006229287010176221,0.003680998808790026,0.023671293955302097,0.008408386096153686,0.014847612683379197
2016-03-30,-0.013977800877817304,-0.010529016170481631,0.004387846129725537,0.01151959153095694,-0.00011842423282892867,0.017459013871722107,-0.0014661079060602766,0.0021514642590696464
2016-03-31,0.004611451089358232,0.007094246728592157,-0.0024268777121780882,-0.00820599605157979,-0.011003237382655073,-0.005202624209190709,-0.007157573119865868,-0.004078994980019401
2016-04-01,-0.006035354370591106,0.0026086232466306924,0.006811736404454205,0.010975551361006364,-0.007536741320942397,0.009175178293454822,0.009150000438826522,0.009485306413915318
2016-04-04,-0.006670647201412416,0.0006117530141491745,-0.003238065236441434,-0.0038694725411309028,0.0024105165251460114,0.010273599646973164,-0.005494994532946773,0.0012809609012509604
2016-04-05,0.013000448699038714,0.01093682194206358,-0.00998758536155231,-0.014189522557821577,-0.011423722557252325,-0.011788867419107008,0.003315195195083387,-0.007677725076013275
2016-04-06,-0.00611933705841794,-0.007262174341229444,0.010921161006083091,0.007710947623178255,0.013380636798451917,0.010472522840539789,0.004313733671778008,0.0038684514296563055
2016-04-07,0.014280811818710992,0.012345153212501181,-0.011966156719178112,-0.025335996229415292,-0.011283134707239961,-0.021809533301953343,-0.0013707689499551368,-0.00749299008041282
2016-04-08,-0.0015175811841288134,-0.006323872791895835,0.0026972173545762868,0.007327329118974157,0.010197825238586589,0.001105598392704188,-0.0015558000425284213,0.011000992921750496
2016-04-11,0.013510077429689682,-0.0012873880617465527,-0.0023475311080231043,0.007966840017841204,0.001322118386286375,0.003312821878960426,-0.001191447137415591,-0.009174685126231874
2016-04-12,0.0001666606070513943,-0.006902385709176451,0.009312752788366963,0.01855647785234904,0.012361792522980863,0.013025444156426591,0.0057816152533629595,0.004522317810874643
2016-04-13,-0.010662277185778501,0.003513559724965809,0.01010117792277554,0.04234169664004139,0.005690510503754576,0.014487295757202645,0.0024631833679311654,-0.013076002427465983
2016-04-14,-0.01397656040779005,-0.004795725541911877,4.795951316771685e-05,0.012946949605555869,0.007073047256699105,0.0005356057039185291,-0.0002728102266963406,-0.004561492013110846
2016-04-15,0.006916553277877435,0.008566067167603109,-0.0011056128637519924,-0.01150345751557802,-0.005384635111863045,-0.020071266078650507,0.003095452152059419,0.005891420949166726
2016-04-18,-0.0015264612277039458,-0.0043218999870318076,0.007026661832128189,0.006464903327064286,0.00953269975325366,-0.0215750171524145,0.0068070242548834425,0.002602946915081894
2016-04-19,0.015627688132066497,-0.00312294726232476,0.0031543146056625115,0.016862116874449606,0.005012777661763668,-0.005303307296776638,0.015775428366027855,0.008221417231100592
2016-04-20,-0.005101192515562736,-0.011000655673360171,0.0009526523626122163,0.014529230751738176,0.006843848315494672,0.0020580443894833156,0.007987290481443754,-0.047853805293136875
2016-04-21,0.0037824404776412024,-0.005947545116804065,-0.005378370116025599,-0.009962343225189407,-0.00011519040652707702,-0.010827982276519266,-8.805530655964233e-05,-0.016002057862344543
2016-04-22,-0.01281191427529893,-0.0025643678033850925,0.0,0.0058176130664702175,0.00852691917935311,-0.0027369260217018354,-0.002201220714139862,0.02015585830459532
2016-04-25,0.0028840781155776707,-0.004129370583697112,-0.001722319792770155,-0.0057839642007598835,-0.002285203488861298,-0.005677356840506187,0.001676711064563463,0.0038169964360705855
2016-04-26,0.00397524805856353,-0.004537055107575405,0.0014857634120508667,0.005188715918589493,0.003435010524156068,-0.006947156861494941,-0.005285953033488999,-0.004026392761374287
2016-04-27,0.0028643974391455718,0.00998032938536797,0.0020581765848282085,0.0028156633247788942,0.0094714659131232,-0.0625778674046994,-0.0012398210441749713,0.003368813148290961
2016-04-28,0.018901209532051544,0.004123914147691865,-0.009075651473033353,-0.00795519628957675,-0.004860842680750599,-0.030566195058628565,-0.0025717663272403213,-0.0011190107094226631
2016-04-29,0.01945750344247421,0.0025571359321616693,-0.00539898649979953,-0.006289285927380761,0.004203235356089685,-0.01149464725958449,-0.0035562088469530684,0.0038095341211628053
2016-05-02,-0.0033158403319839547,-0.010068067155739824,0.007948308114426927,0.009335575934738216,0.008258111574809268,-0.0010665856633477189,0.005977852175316878,0.004017247491990172
2016-05-03,-0.002271979748055264,0.012595633980085008,-0.008703051548683893,-0.0192823946981997,-0.011443867679813646,0.016446071721810895,-0.0005323107519245029,-0.003112543040497351
2016-05-04,-0.006099544612754526,0.0054857219689958825,-0.005578456670949916,-0.015824444141285032,-0.0019297279041203819,-0.010401222527125942,-0.004170389641870886,0.0031222612129062632
2016-05-05,-0.0011455641166617792,0.006685101752086364,-0.00019489950027906655,-0.005359952661303513,0.0011373764547950582,-0.00405900489183697,0.005881181057825868,0.0017783124353305535
2016-05-06,0.009093148301192455,-0.004274434187856335,0.0036590971064565103,0.005878686272084543,0.005338166491043239,-0.005577178587070408,-0.001240240090004674,0.005770508940121655
2016-05-09,-0.020539038586043668,0.003142972357189633,0.0008263610668310939,-0.006331153823646352,0.0006780579689922295,0.0007549812497176234,0.00869246136910351,-0.0017653185599163512
2016-05-10,0.0027351995597273415,7.656890104468239e-05,0.012433807299119248,0.013559719920275493,0.01603243141493671,0.006789524558109328,0.008353890553711052,0.011273227179694034
2016-05-11,0.009423039824896229,0.005654273399327003,-0.009354894440413264,-0.003707409597036415,-0.004818642765009207,-0.009741034298686224,-0.0026160203805378757,-0.006339134026716264
2016-05-12,-0.007861112535878512,-0.004558938163405135,0.0002903705791297284,-0.0006470290374401833,0.009683882723364956,-0.023457005362074956,-0.0012240822143716468,0.008139342229953606
2016-05-13,0.0045394140453900444,0.009694074275512499,-0.00871355752035885,-0.009227772417227942,-0.011263735848840883,0.0019924996540670037,-0.0058656031863374425,-0.010473815518506568
2016-05-16,0.0007394952589119264,-0.008618361227195392,0.009865033363739784,0.007516509533191051,0.010264084152779018,0.03711884204992266,0.007749431920941241,0.005954127196112102
2016-05-17,0.0034482607423815814,0.0016777488052370781,-0.009333699186591882,0.0,-0.0004468007371257743,-0.004153878790523757,-0.005330301806204529,-0.019070672014375956
2016-05-18,-0.01734579222228738,-0.014235859313797783,0.00029279727493736196,0.038598722643983674,-0.00201041694548032,0.011444825671769632,-0.0021085969589841325,-0.0060334875283276634
2016-05-19,-0.0019150352244892144,0.00432468797774499,-0.003464910596431281,-0.010149908417622977,0.00850596607063192,-0.0038070687059521546,-0.0065144522956979145,-0.003597194936602488
2016-05-20,-0.0013348098643799489,0.000768742544472234,0.0063176052498450375,0.001893020409064583,-0.004106359312745278,0.010827843172692697,0.005265214501361859,-0.008348344647123529
2016-05-23,-0.0028401665733093218,0.0022287162159790874,-0.0013627739951667106,-0.0007874715581694947,-0.0015597580967604552,0.012707741909881554,-0.004261101415905633,0.0004553854876097052
2016-05-24,-0.01734103750687499,-0.0044464316938601645,0.012962352799749777,0.017018630741282514,0.000781327366769613,0.015244187203310666,0.004725245605720962,0.009096934442572202
2016-05-25,-0.0027280450681915758,-0.0037732698707181322,0.006782892519960226,0.0151844222767763,0.006580088240105031,0.017569388489532045,0.0058567034317662525,0.00022527105624425836
2016-05-26,-0.003419400875365186,0.0051785392740779645,0.00028702964157512056,-0.007478766589180674,-0.005097002275633811,0.007929572031200038,-0.003969815245187913,0.006985143743348798
2016-05-27,-0.008234680643287695,-0.0014610974897119045,0.004299134281090744,0.006151217211691318,0.002338434133624334,-0.0005976136175133151,0.0014170958082928564,0.0020139800964327215
2016-05-31,0.003805525009163979,0.002387412879501838,-0.0019026517218077021,-0.002445230467174264,-0.010998458592229698,-0.004882789507037133,-0.0032726296480177774,-0.004020098852159371
2016-06-01,-0.0010339059082519197,0.0040575373064204445,0.0020492388829369546,0.006434693525343871,0.0024710323379160126,-0.01401958000746395,0.0007989691019885115,0.0022426253802823037
2016-06-02,-0.0023288275554191884,0.007207176027058448,0.00304372280448284,0.0018270447374413301,-0.007955637916736702,-0.007515832108889398,0.015161712331611898,0.00044709844273449484
2016-06-03,0.027751354156539065,0.014235935163714464,-0.0029872742458626478,-0.01777863508188182,-0.001807399550690536,0.0020468530695079146,0.0023586982319752092,0.007155545976825772
2016-06-06,0.00033648146409448465,-0.007430885946714039,0.005088786814966717,0.00990107740194035,0.010976300489493163,0.007250617195323272,0.008800835952239572,0.007326627996052215
2016-06-07,-0.0008408886281602301,0.002419432173894176,0.0015610708146638341,-0.003370376378353468,0.0153349925383226,0.004055426311612598,-0.00034544801410285597,-0.0011015299168116721
2016-06-08,0.014812339174809175,0.00535688845434934,0.0032598435203656795,0.0029204555305064606,0.0008815920948281875,-0.000908658500246462,0.0006049812841499858,0.005075059068982313
2016-06-09,0.005556461757929565,0.006453187582747599,-0.0013655979374773697,-0.007662731321900873,-0.0013215476205916676,0.007175954506108306,0.010362312808484875,0.004610101102815012
2016-06-10,0.004041219495006354,0.00484522723160441,-0.009477674256102131,-0.014053917569674668,-0.007610220695296266,-0.008228611940080288,8.564701000635111e-05,0.0050263761069051505
2016-06-13,0.007392817000753116,0.004451742911602885,-0.00771165522222983,-0.008928795889506902,0.006779442972618899,-0.015076441912911909,-0.0018801294865031792,-0.011393631270420257
2016-06-14,0.0010599906561068462,-0.0007384569747889147,-0.00196701910784014,-0.018808459606795336,-0.0017661701016663534,0.001233009431295562,0.0028255924348088435,-0.0017728192134509602
2016-06-15,0.007412264290884263,0.00384374170277213,-0.0013935881098484648,-0.0017716515298836777,-0.0029856771358959255,-0.003283632104940093,-0.006062116005820739,-0.0006664797267607048
2016-06-16,-0.010511020767707935,0.004860172956693054,0.0029841747729668633,0.004033993657755142,0.011756893120293377,0.0042207012306749725,0.001975642417683776,0.006665188987725168
2016-06-17,0.012828891404313314,-0.0062291338404562024,-0.003724261702297893,0.0009644293357835565,-0.005481114334464965,-0.02275766169829374,-0.009944818088542307,-0.011476386157196594
2016-06-20,-0.005970132166106867,-0.010692302100727025,0.006440011723621186,0.0014450093271338726,0.004408902254600777,-0.0024127235572678485,0.009178705188546799,0.00424184547393347
2016-06-21,-0.019235474102691663,-0.0046210782938469475,0.0028386362376904284,0.009299566874209964,0.0044997208230708186,0.008517288264430212,-0.0030890069344930993,0.003335454761207224
2016-06-22,0.0004965672774475127,0.0016468683733061873,-0.0016311385553371416,-0.0038129009117540136,-0.003933553444388949,-0.0037534821721608713,0.002410206927609515,-0.005983120492490834
2016-06-23,-0.0065343333792947655,-0.011438379537047294,0.013022395331557135,0.02136809956477359,0.006910660753508546,0.005756440350850989,0.007899607280554832,0.0049043803277286635
2016-06-24,0.049038376152841456,0.026847308078386645,-0.035909124357832445,-0.06947694119641723,-0.02625283618910601,-0.0280956672924777,-0.014908852225009261,-0.025510380469803362
2016-06-27,0.005396827818855421,0.024966937021688063,-0.017909958394130676,-0.03338882534361631,-0.00592898431810196,-0.014561258265521348,0.00795639881650767,-0.0034143461389506413
2016-06-28,-0.010735716822507735,0.0020841361525081314,0.018036441020294003,0.033153920996606745,0.02306988471319249,0.016840536282039187,0.014414643917724845,0.009136116902673574
2016-06-29,0.004149350816571085,-0.007672456834991848,0.017027599445498698,0.028225635401459837,0.01705018541229797,0.008654885823508263,0.009303726046369087,0.005885373259423732
2016-06-30,0.00500639622652943,0.00368510766013852,0.013645522567241608,0.015359553880082588,0.013843398154366193,0.01271170645359887,0.016508798763731347,0.020026714171037296
2016-07-01,0.015339625386899147,0.013884158851722672,0.002100375043761371,-0.006487180522833258,0.0010669669190006559,0.003033766426803197,-8.236278657436369e-05,-0.004632523495507912
2016-07-05,0.008254789567508913,0.01252089756754926,-0.007193396789941242,-0.02791382502112283,-0.008738460936120629,-0.00938596426079652,0.008079826368914356,0.006870627518622552
2016-07-06,0.005870043250717272,0.0016153594787013947,0.0059980057359372285,0.010746909323207765,0.011503210485319437,0.005684796048206264,0.0030259540471737623,-0.0035215586324653936
2016-07-07,-0.003762499043616141,-7.001191832456399e-05,-0.0006200364827859683,0.00647977965040103,-0.012009802081065057,0.004291921905895446,-0.0010597534243236284,-0.003976142912245795
2016-07-08,0.0060120143847071095,0.007366577385771844,0.014890364475421025,0.02063365635430192,0.006239026726018393,0.007713071403351757,0.0027751322474069973,0.006431176310040199
2016-07-11,-0.009423926954219786,-0.008775193030609585,0.003526979552970211,0.007116384920430763,0.0037413928891187886,0.003103090333752556,0.0006512420711521916,0.004186925334390024
2016-07-12,-0.016551874633622066,-0.016438840133636723,0.007263534513288983,0.014935123912291903,0.011290014995952502,0.0045368666419178805,-8.151547300760953e-05,0.00021927110487252044
2016-07-13,0.00920177573180525,0.011784913512527195,-0.00013950624290437474,-0.0006329342464290733,-0.0007374892388768428,-0.005645599560282544,0.0006508712870203492,0.003510770575259725
2016-07-14,-0.007715129649756736,-0.014542781305855068,0.005583362067794528,0.015199492703528827,0.0007380335306637065,0.019820237628698667,0.0014633447392782273,-0.0010936479192142912
2016-07-15,-0.003848311365095225,-0.008595960337203556,-0.0013420886270836263,0.0009358179745446726,0.0017904251907918667,-0.00010067019891579765,-0.001461206490447453,-0.0013130842283639588
2016-07-18,0.001576825791636871,-0.0009396232221835499,0.002687452509983368,-0.0034280214062146763,-0.0031538432493294355,0.010629451415165247,0.001138202325351445,0.0
2016-07-19,0.0013381467862105811,0.005641434211714369,-0.0010163923163423183,-0.0015632623269602464,-0.0036911974652172885,0.0004005838301603948,0.017135000874858308,0.0
2016-07-20,-0.014307049036417885,-0.005465709677648922,0.004162756409438417,0.001096090184395715,-0.005716114520485149,0.0009011834177552469,-0.0008784596003886813,-0.002629849835140363
2016-07-21,0.015232503958900523,0.0020245877129814183,-0.003777150201028534,-0.0037542414477476083,-0.0008518093128099258,-0.0053022373347779705,7.99957613468738e-05,-0.0013182775575558692
2016-07-22,-0.007462722347700623,0.0017320733290306922,0.004485324873790386,0.005495469762180516,0.0017050082838168112,-0.007744094834868709,-0.0009588304048382401,0.008360723796329683
2016-07-25,-0.006964758718206121,-0.0007205403266405952,-0.002716350264881817,-0.002654396204269216,-0.019253396868943784,-0.013379261605254933,-0.0011195620013517704,-0.005673028389480916
2016-07-26,0.0042241075487405855,0.001586040397270505,0.0004617854934036991,0.004070720723484911,-0.007266619478448422,-0.006883248252095964,0.0020816431728842844,-0.015141830773035325
2016-07-27,0.016111101422991103,0.012453709814119307,-0.0010610792032530458,0.0031183905360598896,-0.0067737991594472025,0.06496329026299019,-0.0030364699395889483,-0.03297673010327373
2016-07-28,-0.002889909558035031,-0.0018488348232252871,0.0011547842800421204,-0.003575116547195334,-0.007810140086413453,0.013501862463367154,-0.0024844892269928476,0.005760851837181669
2016-07-29,0.010339903082906332,0.008333619964248973,0.0016144861311369052,-0.002028173540140732,-0.013857808503280333,-0.0012460057073597763,0.006186960372731143,-0.0004581304420901988
2016-08-01,0.0018607962561190128,-0.01084172827955976,-0.0008290843003576631,-0.0026574559725559554,-0.03473870708051152,0.017656871827885112,0.0013573482352748911,-0.0041259000747393415
2016-08-02,0.00812570067976126,-0.010302236401764309,-0.006407057250569781,-0.002351162568085985,0.01374292044774239,-0.014804434780953057,-0.004385924566512767,0.0018411972196576976
2016-08-03,-0.004759425467430023,0.0005780653573959071,0.0029225562889394485,0.015868231618846318,0.005170164222220164,0.012538307619567535,-0.007609214034311806,0.0025265743836369037
2016-08-04,0.0016968857004249216,0.007513640799114096,0.001063876860417201,-0.0015465684204032382,-0.00011406977678529717,0.006177346014218488,-0.0003228615964877557,-0.0029784426160535116
2016-08-05,-0.01786395743940905,-0.010398189053841378,0.008178734066359716,0.026951374195490763,0.0009144122639739294,0.01520742013668297,0.003068337731597204,-0.000689436892385098
2016-08-08,-0.000862411663815732,0.0018844120128873598,-0.0005954955478639778,-0.003016326475025588,0.011762991556104607,0.008280805709067529,-0.004749174507679754,-0.0009199633117576989
2016-08-09,0.004080325118523964,0.009836611973036868,0.0005958503741090304,-0.0034798329704192055,0.0012421784793144042,0.004060145207094523,-0.0017790044859629095,0.0006901878494063318
2016-08-10,0.004688953410549868,0.0038672992107449122,-0.0024747589692153404,-0.008956739882554077,-0.017509913980483183,-0.0074442871288243895,-0.0005673216396757663,0.003220913424499372
2016-08-11,-0.0069228329694296376,-0.008917998187579435,0.0046406351469137075,0.0027571860681849802,0.003587515023424359,-0.000648068037344629,0.003323736271170663,0.0032099748325973287
2016-08-12,-0.002114801025603019,0.008422447461240878,-0.000869161852372291,-0.0021385984275564818,0.013030161533287066,0.0023159965595143106,-0.004443684798644654,0.00639988429049243
2016-08-15,0.0034536484045673,-0.009422956652139103,0.0028840375344711955,0.00612338751542274,-0.00045501958305405044,0.012017264977596032,-0.007385471464972149,0.004770011187205103
2016-08-16,0.0049280733796905896,-0.0026665579521439886,-0.00515756618147567,-0.00015188312427516504,0.0012527211714066233,-0.0009134046702380383,-0.016188095848879813,-0.00926804456890018
2016-08-17,0.0002335080486637331,0.005997398594022263,0.0018809130392081208,0.0027392945391684353,0.0021607337570290763,-0.0014629359590299096,0.008144204409785694,0.005247728535206164
2016-08-18,0.004747086461879935,0.0015800613424505894,0.002244228461768305,0.0009103025924122043,0.009080097393104003,-0.0012817345464348762,-0.00486346888915401,0.0009076166450645573
2016-08-19,-0.008829675348611454,-0.005234939136510741,-0.0014623000213052073,-0.0013642872682269047,-0.012484964815797528,0.0025670645812849724,0.0,-0.004081635065208311
2016-08-22,-0.00148474204574367,0.008434956150659145,-4.598408524403297e-05,-0.0009112444720447144,0.0021640198732095772,-0.007772458385152947,-0.006587858315803441,-0.004098007048856989
2016-08-23,-0.00015649274735818341,0.0010718085023941892,0.0020136381461512975,-0.00045584930584008365,-0.003068269867087192,0.003133106693737231,0.002602098708452516,0.0025145632190222145
2016-08-24,-0.01111463505476229,-0.0023564910692920327,-0.0051149892951312115,0.0027365694888681347,0.0034194667950533386,-0.00753334581732823,-0.006111617036143824,0.0
2016-08-25,-0.0008706109240564919,-0.003793338037140881,-0.0006884925294490252,0.0018197016441556801,-0.006361884909292126,-0.004257980599147393,-0.0011794938299429791,-0.0041041920600696224
2016-08-26,-0.0014259708499477775,-0.0058203211947247535,-0.0018835710980822373,0.0022703077091044133,-0.0021724323178362592,-0.00585647023060365,0.0039638530352410495,-0.008014952332219938
2016-08-29,0.0019833398964483884,0.013370824864954667,0.004924531462590975,0.011023903316595751,0.006531352371186738,-0.0011221193093355897,0.007392668486471798,0.0050783659756459265
2016-08-30,-0.010055457179525717,-0.003851241811526296,-0.0016485062990658772,0.008215142277582466,-0.003642830595682933,-0.007676663187309529,-0.003752382941813348,-0.006889918254760707
2016-08-31,-0.001999520134694288,0.0014320207787767991,-0.0028441062939121853,0.0,-0.00434208590089824,0.0009435492309508575,-0.0010884198054372796,0.004393958745211091
2016-09-01,0.0040872106204499214,0.001103029358387797,4.5899849659525316e-05,-0.004296322875334102,-0.0034426298811429668,0.005937924101671044,-0.002178710539677109,-0.0018422848172326978
2016-09-02,0.010216288370529014,-0.008156088303840625,0.004508031816611968,0.0041657544352164955,0.006679057277375167,0.009369079959252513,0.0020154442642137393,0.007150797281852972
2016-09-06,0.016907695537669243,0.007285085371061761,0.0030222189117796727,-0.0007403813096058531,0.013155089006296361,-0.00027831802777544823,0.0036040682429709925,0.002978212227408017
2016-09-07,-0.003418556588101307,-0.0007161973553316825,-9.078103834381235e-05,-0.00415198802330119,-0.0037261787888211995,0.0061278736037957415,-0.0011694165373672405,-0.003426153585382563
2016-09-08,-0.0053013792150961025,-0.012540777525753999,-0.0022831459189031067,0.0013400025174910013,0.009179723216925062,-0.02620882031392735,-0.0011701192237024705,-0.0002284310750586549
2016-09-09,-0.00658355954228651,-0.01647440464859229,-0.023934844807827815,-0.008922034774556775,-0.024817719234353608,-0.022649713452113973,-0.010379354753045855,-0.03117150927743617
2016-09-12,-0.0012623563085552014,0.0005161931652755136,0.014347018289657676,0.0061520031358104355,0.005182019084211786,0.022399056858000588,0.007865887842748442,0.021764788755406883
2016-09-13,-0.0066355664917512325,-0.011357962518025788,-0.014375523306342175,-0.00790389383549106,-0.023828793685837457,0.023805056533472424,-0.01300763692240603,-0.01307223184555062
2016-09-14,0.0034194855282367875,0.001492127137161292,-0.0003751015882634823,-0.0019538717151454943,-0.007158917863873238,0.035386666419639834,0.0021256967078981948,-0.004020576734300785
2016-09-15,-0.006419381491794995,-0.004319986876368809,0.009993043939827695,0.0036148129552278085,0.005674068081087835,0.033998384040035745,0.006533156683233399,0.0059369756434271
2016-09-16,-0.00247272219188599,0.008079575589227117,-0.0038657387606672033,-0.01230525183890152,-0.012341321286409968,-0.005624487731625494,-0.0032031266077053866,-0.005193784229013398
2016-09-19,0.00207901920123299,-0.0032658943065411172,0.0001874463409794469,0.005621614108673789,-0.0023799823585615165,-0.011659944628388041,-0.004989542798687685,-0.0009489479033184534
2016-09-20,0.0009575705942725943,0.00349962143265925,4.710335260593723e-05,0.004078844417108485,-0.015388329987726324,-8.826336437917082e-05,0.002464811126702049,0.005700999070229473
2016-09-21,0.014588601451239303,0.008087195427001648,0.01124531222623526,0.005717969918009436,0.00920777201284606,-0.0001761020558375126,0.008138925458752722,0.004487017103490087
2016-09-22,0.00235721740921524,0.007949051161747267,0.006301652141798897,0.008228587002822696,0.002880852482831653,0.009423339584345047,0.004625238453767944,0.010110637695736724
2016-09-23,0.0006271210413582029,-0.0009489916963226763,-0.005479354698825656,-0.002077571350673102,-0.0010772600570070345,-0.016664044487666008,-0.005441055193696198,-0.005121245288134957
2016-09-26,-0.0007833801247612016,0.006358663522720409,-0.008102041626359635,-0.021858771261224708,-0.004673347681508622,0.001508584789392975,-0.008669263920626946,-0.01614389179857001
2016-09-27,-0.007291260548213163,0.007334821589787266,0.006207694802842223,0.008817098989126304,0.002166900314783504,0.00186030023041317,0.012226306550199961,0.012841870358530683
2016-09-28,-0.003159070582864243,-0.002162573415920299,0.004963761055212013,0.005274509701308938,0.04396957398984891,0.007604454308060893,0.0014259365497100163,-0.010331289444295733
2016-09-29,-0.0011884132817953086,0.002528785470977901,-0.009047382301964668,-0.015889614178532407,-0.005063357470632246,-0.01553298614069365,-0.01775713874734819,-0.00284696548560337
2016-09-30,-0.003410805950794571,-0.008937420428949072,0.00754641352330343,0.014318456219907905,0.00948397247545274,0.007755283114373235,0.007333547114103833,0.006899892119030859
2016-10-03,-0.0025469571504198596,-0.0032998212734055565,-0.0024046164813049664,-0.0012015738471730097,-0.002635238320941702,-0.004688317412106402,0.005756376327193502,-0.0068526098503297606
2016-10-04,-0.03471112739159021,-0.011695384622615768,-0.005097532833426177,0.008632454610037588,-0.00919006075781681,0.0042659637033519715,8.411875622660325e-05,-0.004520483237856032
2016-10-05,-0.0015706575141682944,-0.004659101067471472,0.004425265508043452,0.016366369553254545,0.008695823454254015,0.00044254966423462605,0.003029865433050949,-0.000716829357850779
2016-10-06,-0.009273018119780652,-0.005572760641624708,0.0006953083794332127,0.0026591860777573917,0.0004595992528040327,0.0074303071466361725,-0.003607799910908649,-0.002391866577805546
2016-10-07,0.0006685124453615909,0.0006725989609739358,-0.0034292748913593574,0.0035361055117513196,-0.0034466517521474227,0.0014927348715991773,0.0041264180707525355,0.00047945828650930444
2016-10-10,0.0035076482865625813,-0.005899572448865409,0.005208317792672501,0.007781639989540512,0.019598957461163247,0.017446805650392472,0.004696251964919185,0.0
2016-10-11,-0.005076569505331419,-0.002252855162416356,-0.012629326128386076,-0.0048077719978602,-0.007915230603885992,0.0021542344242206912,-0.018029978600972107,-0.004552980645263438
2016-10-12,0.0015892497462293154,0.0009787869486401757,0.0013118387412895949,-0.0026349064685354806,-0.006952289072034157,0.00894249459070151,0.0028050511078838714,0.0057771072022323455
2016-10-13,0.002421921836488483,0.0037598842805612875,-0.003275425286543454,-0.005724576488983613,-0.006541914175585695,-0.0030680647911993653,0.0024582494989788817,-0.00047853142455356323
2016-10-14,-0.0055819226506638175,-0.014011368695750037,0.0005163485264696455,-0.0032474753794555777,-0.0002309340472865795,0.0055566233180426305,-0.005919320536519446,-0.002155227112875968
2016-10-17,0.0026809625769763645,0.006383204371495976,-0.003472075578965672,-0.005183754743033786,0.0,-0.0006800955307522116,0.007910887874984063,-0.0016795912601699214
2016-10-18,0.006183137214928136,0.003246962132608333,0.006262229474540026,0.007890611675289705,0.0026577042120119465,-0.0006806292669592207,-0.025993684230354752,0.008894489074418255
2016-10-19,0.0057299655530487215,0.0008280003100560318,0.0026669437748405578,0.009601002114462576,0.004609857310063692,-0.002979257988333539,-0.007105090482110832,0.0019058902992381554
2016-10-20,-0.0030550965627723636,0.0010530909886632411,-0.001866170396429001,-0.0013167542256944387,0.000458970864491981,-0.0005125772832637043,0.0024434557385819566,-0.0028536123543009273
2016-10-21,0.0007454362173064943,0.0015026066341587985,0.000466998209840197,0.0033694993993809152,-0.006765526288378121,-0.003929662591898642,-0.012448858044347921,0.004769918980181531
2016-10-24,-0.0022345797266346556,-0.004350621914713693,0.004252997546988491,0.005548504105861385,0.00334804428382518,0.009005106538629404,0.001498591134605043,0.010206567325362625
2016-10-25,0.007548139354159211,0.002636540513665908,-0.0033506653141696097,-0.0010168144115599853,-0.0021860459961059453,0.005099921299390742,0.003080841772239662,-0.00047012547004954275
2016-10-26,-0.00559809251948773,-0.0067629909817980005,-0.00200743788942892,0.0047968782707128454,0.004266349233534195,-0.022494545830737178,0.005264896959232157,-0.002351125276875532
2016-10-27,0.0018213529185830968,-0.010893795828362252,-0.0026669857632340976,0.0014461720897762653,-0.001951798304343333,-0.0096030073975929,0.009950948478724353,-0.0075402350940412255
2016-10-28,0.0047103519110964776,-0.0022182637845709063,-0.0029553836317384174,-0.0017332134696910195,-0.02462009204610105,-0.006638611915085191,-0.0031976913925519934,0.00261221213160856
2016-10-31,0.0029610183001298473,0.0061330617694801415,4.704457746274038e-05,0.002170385294346211,-0.017221215884609786,-0.0015828278421174957,0.005722815890140787,0.00402527370171657
2016-11-01,0.006478603409139305,7.593855499177238e-05,-0.0072456142219212705,-0.004187080929229148,0.00396089595327731,-0.018055375533344797,-0.005604087758287579,-0.006604096662870096
2016-11-02,0.007414617516698918,0.004350826324029944,-0.006018575533401793,-0.004204614878686508,-0.002391351381531681,0.0008969374072231862,-0.004161593036942635,-0.00166140177629448
2016-11-03,0.005338107937297609,-0.007675924708625881,-0.004577081789567394,-0.004368019149320057,0.002516364167545193,-0.010718803721344372,0.001480237660428152,-0.0004758274725815692
2016-11-04,0.0007240252267184388,0.00896107765184384,-0.0011013413297605856,-0.009067160647559191,-0.0010752962054095816,-0.009013970064600252,0.0006951503023231442,-0.00808928903119932
2016-11-07,-0.018007861361529542,-0.008502103032012265,0.02205666747884827,0.03128697297440719,0.022495640114467808,0.014424986755322333,0.013465727274356132,0.01846973601455293
2016-11-08,-0.004175211869501427,-0.004057797394653617,0.004504191876934849,0.002146540450604917,0.00720200822430761,0.005887160934079372,0.0033427996307777708,0.009891322394278923
2016-11-09,-0.0006576934516285826,-0.04243157358458194,0.010601727402798966,0.045980346172540765,0.011018499832960549,-0.0016208949657374738,0.027851309629328025,-0.014225679289931348
2016-11-10,-0.014889746585601271,-0.014770973236350349,0.0024957361041806347,0.04641636646385372,0.009275344427104315,-0.02786763514476953,-0.006399867088029421,-0.0314641470201511
2016-11-11,-0.02212944906788228,-0.005622169948260924,-0.00230497990855838,0.0005215749674858383,-0.015852867941827498,0.005936957553076105,-0.008950990940647552,0.002198457360711892
2016-11-14,-0.008454294420749409,-0.005981327732979103,0.0007857491571787723,0.0367719362334018,-0.004552278760251993,-0.025084987070343012,-0.015784852180495412,0.003411893687628176
2016-11-15,0.008698666186558013,0.004945723765108712,0.007802524223604834,-0.0018869294347486631,0.01805834778294746,0.013243598017848246,-0.002401249172565012,0.0065584016661073274
2016-11-16,-0.002988440021410854,0.009022975973087322,-0.0018783513555666875,-0.024697417198374705,-0.012324564666021942,0.026888329723216087,0.0003440203801237107,-0.004343987464343613
2016-11-17,-0.005138293152093798,-0.014714465077174332,0.0051407463375456874,0.008010369872136103,-0.006064019585831026,-0.00036376998671483474,0.0018044582758842687,-0.003392813028071262
2016-11-18,-0.008780207102896287,-0.0028875704237791844,-0.002237777195035817,-0.003973325313453291,0.0005865617541096491,0.001000542988172315,-0.0035413843196938632,-0.005107299496531215
2016-11-21,0.0037342622620732957,0.002483188172970996,0.00755176641705102,0.004375163521974201,0.014188997492746047,0.015173782913955769,-0.0031208542910781123,0.010999844869688857
2016-11-22,-0.00034608855246254233,-0.0003306855040138279,0.001953232840801844,0.00614991386864383,0.0021963152272370667,0.0006262011185249605,-0.019652002529213508,0.00024175782690960546
2016-11-23,-0.019819983532816443,-0.003881105939652185,0.0005440387797110979,0.004202473353603242,0.0027689860741551,-0.005098131693578312,0.002927068276081801,-0.0060427972893174475
2016-11-25,-0.005651208738617575,0.0014924234199920061,0.00371526733813643,-0.0003808587083518056,0.0023010944429397995,0.005034364445589468,0.00937451727314298,0.009970801510940985
2016-11-28,0.010567466787642088,0.0073661700663310015,-0.004694861744926504,-0.006469442313004281,-0.007461005644243679,-0.0019677783616913747,-0.008761660363642454,0.005296961820754786
2016-11-29,-0.00465734968785847,0.004190066574385476,0.0019503097044277773,0.007660639264926772,-0.006592077099903726,-0.000986163467425194,-0.005745519237644325,-0.006038571066969145
2016-11-30,-0.013419234467324848,-0.016200328627642535,-0.002399134646268397,0.015839186298055585,0.01629805373639326,-0.008433397079574356,-0.010490961219233319,-0.019441009083825067
2016-12-01,-0.0018791864382340373,-0.010558113661061852,-0.0036752916540939706,0.020207274513155182,-0.0006870649955531549,-0.009319644077754652,0.0007188512037579198,-0.0044609731082460025
2016-12-02,0.005379222424209074,0.007327024070907129,0.0005008405923425663,-0.0023233063803457243,-0.002292786250366774,0.003744799079470562,0.005207461051103701,0.004729709938734006
2016-12-05,-0.005350441210868029,-0.0010867290443169475,0.006008782309851579,0.020342847264649633,0.005055322529205153,-0.007188416275446974,-0.00017880805472392236,0.006442194845557969
2016-12-06,-0.0009861987578327902,-0.0007535882141349592,0.00316730002451715,0.005165126211184701,0.0009143338870583051,0.007698501643138789,0.0010721561627984322,-0.0012310943588261791
2016-12-07,0.0035897112517579988,0.008544368900247568,0.01308085117261748,0.004539944413311847,0.005824528687703667,0.009822950868128899,-0.008567003296475306,0.01774744928713501
2016-12-08,-0.0023249765892273677,-0.011793793763839822,0.002448596806269965,0.012489908594421006,0.0028389572801519325,0.009816855035618355,-0.0009899437075289175,-0.007507960453298823
2016-12-09,-0.010486673587394413,-0.012439569183742893,0.006040518639471859,0.004346907824653856,0.007699230791104794,0.01632198736173862,0.011442442692608301,0.02489043413684655
2016-12-12,0.003804331187865717,0.00187263014677308,-0.001147642179568087,-0.008890095426164923,0.022247340500755497,-0.005704414378415956,0.027614474913574272,-0.00238104335010092
2016-12-13,-0.0033387723118654122,0.003567890751538849,0.006673740830371422,0.00035424082772617105,0.017586175356850697,0.016681563881978834,0.004594169275528026,-0.0033415513426955368
2016-12-14,-0.014667226454942117,-0.0111730452211245,-0.008253985097345096,-0.00035411538559881883,-0.021603261591447875,0.0,-0.007765558719832977,-0.013170392116818586
2016-12-15,-0.013691128072175318,0.005050131219969556,0.004117231781629815,0.014988676965731473,0.0034222830054528863,0.005469117125562084,0.007826334580579575,0.008250692155566064
2016-12-16,0.006614558767378487,-0.002300004730766081,-0.001955993870574879,-0.0123255266815403,0.0031908261900639445,0.0012952206971885705,-8.598796629577521e-05,0.004572867431141159
2016-12-19,0.004997623978540311,0.010756418856920469,0.00217721843102181,0.005768768444536221,-0.00833534680177117,0.005777130171089162,0.0012078633406473749,-0.001677517664448347
2016-12-20,-0.007367118973593101,-0.004982827207977825,0.003857557603509365,0.012876253062246823,0.00011065558924649999,0.0026575970926718817,-0.003102759978225955,-0.00024022382832133982
2016-12-21,0.0005566152526592649,0.004413982265747407,-0.002782499453525822,0.0025423987366441914,-0.001658562313545331,0.0009408686857959037,-0.003026001435183834,-0.0021600111446336
2016-12-22,-0.0024107755207141146,-0.0017881121749024897,-0.0017272274076017835,0.00161357043393906,0.006535212878205909,-0.006577906898919461,0.001127585254593555,-0.00048080172346176564
2016-12-23,0.0031601819765598727,0.0020376189758424257,0.0014640953474112095,0.0018417899486518063,-0.0017606387233278786,0.001977897707833076,0.004504317998935914,0.0012032303059801297
2016-12-27,0.005837091185366905,-0.003218859261576501,0.0024808408387759773,0.000918636195284428,0.000440760573229948,0.006351102854851298,-0.0004313869461541886,0.00024019664328589485
2016-12-28,0.0027634769574849116,0.0073083201043187,-0.008264353437052785,-0.007230644746810455,-0.004958651546739357,-0.004264216695259115,-0.006987984167626915,-0.005286938337883407
2016-12-29,0.01313614088883086,0.0035435191445027936,-0.00022259089964071777,-0.007051903646152158,0.0005539490207970843,-0.00025704383541791387,0.003388325777593293,0.005073623308753383
2016-12-30,-0.006165566230220687,0.001513084899075201,-0.00365536299714031,0.004657166079976349,-0.000996351238278459,-0.007795757558410332,-0.0024244843183119924,-0.0033654643072594803
2017-01-03,0.00784600497730814,0.0042807785168430534,0.007650181480758356,0.010893555580467229,0.006979683552630345,0.0028494998503918456,0.005468111430217748,0.00820050805768413
2017-01-04,0.0035303646722089077,0.003845122179639615,0.005949072746577411,0.001844209626704174,-0.01100209807836705,-0.0011195872666702744,-0.0016400292194809207,-0.0035882872153101264
2017-01-05,0.015515074970534615,0.015654107465124634,-0.0007945245994118721,-0.009204975644231617,-0.014907417689860147,0.005085343357861483,0.010462414040039114,0.0024007447127702974
2017-01-06,-0.007372551230725999,-0.009182284091735604,0.00357820366819106,0.00011615535556952494,-0.0005645700069749626,0.0111485828830582,-0.004791869090611023,-0.000239088120120301
2017-01-09,0.008232645807116912,0.008025810243274867,-0.0033011567188885316,0.0006970786965219133,-0.016496992926039677,0.00915924666106771,-0.00017205033025236016,-0.01006258802131399
2017-01-10,0.0042602588509306205,-0.0006565214049900625,0.0,0.0029005009718543473,-0.012752627338951883,0.0010085580066128141,-0.0010320541008427275,-0.006776416531925178
2017-01-11,0.0030932255360247574,0.0033674052909573593,0.002826281712732026,0.007520784365908639,0.01024111318836951,0.005373208463574253,-0.012310548459366855,0.00024378651996093126
2017-01-12,0.003612367067042932,-0.0022103563747181143,-0.0025100508142704703,-0.009646224478201626,-0.005414686080263076,-0.004175481263851921,-0.0009587085148323737,-0.0024362718882924295
2017-01-13,0.0026336178800692167,-0.004757990727728312,0.002295478009223695,0.005333954317877865,0.00011588462529377175,-0.0017609719558490111,-0.00017483110667571022,-0.0017093173885516233
2017-01-17,0.01435950794847174,0.010468647377395168,-0.003523554773636084,-0.036332364275939666,0.011696356343405157,0.00806458746061911,0.0023563582555694573,0.008317546106936469
2017-01-18,-0.008459177733679102,-0.012807835722905114,0.002210057767714879,0.004667922749167497,-0.01236205947813207,-8.318365112380821e-05,-0.001480116507162843,0.001697809023505803
2017-01-19,-0.0008706024299161008,-0.006858318606612568,-0.0037044281145509617,-0.007624488180117628,-0.01796487509767164,-0.0017501803729123022,-0.004359188655652879,-0.003633042302136791
2017-01-20,0.0024397178433506195,-0.001997600653291909,0.0036741224957961283,0.004441549295940206,0.013690393257659528,0.00183658529967623,-0.00043760213785537516,0.004375435153946228
2017-01-23,0.006431967354547874,0.010004999212293253,-0.002602341020688903,0.0004782878955928993,-0.01071137991727944,0.0006664364607484874,-0.0021026235286988326,0.002662363045569771
2017-01-24,-0.004490925540628465,-0.006851205723875986,0.006411844502976827,0.012065583408991998,0.0014120831795585431,-0.0009157225902541866,-0.01887435160138784,0.01134435016737334
2017-01-25,-0.008241493674922662,-0.012551102571027095,0.008655447334351418,0.015462647949264108,0.0029383151053063994,0.015920313362861593,0.009305359611227582,0.005250039124152561
2017-01-26,-0.009272197003353577,0.003366581561084603,-0.001045439775490986,0.008369252366374536,0.0030467457912377593,0.0004925597693834494,-0.008510627098377133,-0.007359163192791063
2017-01-27,0.0020306880028342356,0.003607928650353198,-0.0015699166906504303,0.0020745803212431912,-0.0010515719124094547,8.179224972537646e-05,0.013769634249067408,-0.008610144169057254
2017-01-30,0.004229477187142061,-0.0030094686287007733,-0.006201631491844717,-0.010352891750592952,-0.007601214515991717,-0.0026241403508199257,-0.0022047951960758594,-0.0016893155921802183
2017-01-31,0.01386331327657886,0.006958874100200463,-8.791283407427741e-05,-0.016273565246621713,-0.011430643715819144,-0.00230154201610977,0.001060353275561754,0.004591469028491613
2017-02-01,-0.0030290445198761784,-0.006182885826553908,0.0003957593474781529,0.0037816257830733946,-0.011324690045502961,0.0609805371844756,-0.00017607232194649658,-0.007457144083394707
2017-02-02,0.005555550404536591,-0.00042015366049674707,0.0006587930658816799,-0.004238344581231512,0.006149112846812077,-0.0017088880984166277,0.0030024962100640984,0.0033933214850594418
2017-02-03,0.0025034610211953634,-0.00041974461255234186,0.0068927414929440545,0.03061856838953747,0.0010785261035493043,0.0042789529517717195,0.0006161285569530328,0.003381721958753525
2017-02-06,0.013519329475210506,0.006050560080030465,-0.001787644961256163,-0.004703243378208599,-0.0027530868841219025,0.009374281032145992,-0.0021115381172338576,0.00048114874401483654
2017-02-07,-0.0020390643159921007,0.0073503853398957375,4.3884946209660214e-05,-0.0005757947406908048,-0.0064819609604196415,0.009517189279334648,0.0007053644700159012,0.008181022792842496
2017-02-08,0.006214910289660258,0.013598551320237018,0.0013102990043507567,-0.008764013287961725,-0.006583608669953889,0.0038772223226548608,-0.0007048672816792889,0.0028639858475185687
2017-02-09,-0.007614870186038569,-0.01153471246655502,0.005932687131235959,0.014425089935293123,0.004418136422920549,0.0072261344641813,0.005996252484003373,-0.018324857256935778
2017-02-10,0.0026430007347089113,-0.0005791669064062477,0.003946167322350647,-0.0022933942628294846,0.008308955851047628,-0.002265339526013488,0.01016834002180933,-0.01624259018396279
2017-02-13,-0.00680268225121905,-0.0031471787975644316,0.005442700334929107,0.013218399282137083,0.005816768693783336,0.008855626988250043,0.00555384861374475,0.0009858843620242919
2017-02-14,0.0011129901542927811,-0.007227018621078107,0.003995243920355218,0.015995433749865118,-0.0021686476790067077,0.012979185405016747,0.0041420387168706885,-0.00221543974579419
2017-02-15,0.004447076385096116,-0.004602252796117812,0.005220346256507691,0.011500720346904192,0.004105144998742594,0.0036288836024349624,0.007219071718460368,-0.0022206118060652535
2017-02-16,0.0053640263872472005,0.005464409499820411,-0.00085124626193811,-0.0006623580769403725,-0.010341267766554973,-0.0011803997715590375,0.007508281882397716,0.018793221131440996
2017-02-17,-0.0033875467452244568,0.005935930621151275,0.0015764416820751581,-0.0033132279473342408,-0.006561347955386321,0.0027334912231140596,0.006605881793409374,0.0007281459616892416
2017-02-21,0.000594830851824435,-0.00174511372709385,0.0059546398217338314,0.00864413641747297,0.0015898709481805273,0.007220760063808562,0.006730708709666855,0.005578452663915767
2017-02-22,0.0013588421410561935,0.001665072551189084,-0.0008878526029814093,0.0005492921633671877,-0.011722897120247544,0.0029993144838120767,-0.0011701210834250686,0.003376828904408935
2017-02-23,0.008735465586520386,0.0029920491020252182,0.000677392358132245,0.0007685653335938181,0.010502854066468226,-0.0042305429462693445,0.01823955464596838,0.001441796064546308
2017-02-24,0.006389730042341002,0.011104605026069247,0.0012689604978060043,-0.008778823925262191,-0.00855969968406678,0.000952102537095989,0.015136702511088007,0.0028805481348246342
2017-02-27,-0.004845398633643638,-0.00590096662053774,0.0015629904693732488,0.0011075055844331771,0.005673880854159874,0.0019759670411212404,-0.0026889172856552346,-0.0026326830150010805
2017-02-28,0.0009234436519076628,0.0037103149168997707,-0.002699410819568815,0.0021008710603793723,-0.002698355767472571,0.0004382177481021543,-0.001552530882353187,0.006959478084973769
2017-03-01,-0.0014258642418292222,-0.016756848080827447,0.013997556963351476,0.03288446266650502,0.020904756501836985,0.02043933583743396,0.013501797236461499,0.004766566940382466
2017-03-02,-0.012430671576410313,-0.003599252540383513,-0.006297509261597223,-0.015597961090240253,0.0033731694503227327,-0.0059377225907816245,-0.001857347077220517,0.00735309005195961
2017-03-03,-0.0005953367386808406,0.002604029656976703,0.000629346978331391,0.007162733838237179,-0.01008411147849786,0.005901547100695126,0.001294236718408781,0.00023539691118212858
2017-03-06,-0.006722839768239508,-0.004775731527524418,-0.002977615120987487,-0.00948288457039781,0.004487187332925524,-0.003148073430557896,-0.0006464407480669676,-0.007062176382791274
2017-03-07,-0.008053482107396648,-0.003030540415407623,-0.002987029569677113,-0.005548316715737522,-0.0037429841979120804,0.0012915005636984223,0.000970208889335078,-0.004504385695697777
2017-03-08,-0.0062187012290058075,-0.00540439621583122,-0.0018562911140556082,-0.0021876620277042624,-0.018056200666393685,-0.0037266757349543322,0.002180516710851066,0.0
2017-03-09,-0.005127727710842245,-0.007980822729936832,0.00126801703602486,0.003946919157218787,0.007898328560900225,-0.0023017620909915326,0.014907201714761342,0.0009524732804444547
2017-03-10,0.002183978311645074,0.0035086552018379624,0.0035041939912456854,-0.0031671174384990675,-0.0007345844861683659,0.0033164984547888743,0.0020645118990427758,0.006186038960207307
2017-03-13,0.00017430825360542634,-0.006311014350043553,0.0005050490367202176,0.0008765041404543705,-0.0023284095263197413,0.00043131675249696855,0.003723576406184703,0.002624148653426639
2017-03-14,-0.005403478549159346,0.004806645447142488,-0.003826823513703559,0.0016419926346771252,-0.005280781740787943,-0.0015090170976868045,0.002921310175485914,-0.0014276185485943005
2017-03-15,0.018664539100545552,0.012214812083668036,0.008653583150217692,0.002403765606839414,0.012470291508039022,0.0105765892234011,0.01503306768842183,0.003573785635463178
2017-03-16,0.004129061134912737,-0.0050636717291080435,-0.0019671278753988775,-0.0009808160958072465,0.0008538693814816867,0.0016380584352897465,-0.0038769851176919667,0.003086404112679686
2017-03-17,0.0022273151662723922,0.006276558106497854,-0.0017562065522397363,-0.010475873132853253,-0.0008531409105801968,-0.004976196284979917,-0.003114011736528366,-0.005206824466758353
2017-03-20,0.004444860945005624,0.004298959560452786,-0.001097094664085696,-0.007168406120229065,0.0,0.010501035243568824,7.822590104900051e-05,0.003568985915038292
2017-03-21,0.008765200923941618,0.008308895650342762,-0.01283945020641919,-0.02932308549082774,-0.0020727836582408177,-0.011452341704282443,-0.006402891752341877,0.007586084876463062
2017-03-22,0.0024464392887426634,0.00399497731725007,0.002353486235464164,0.0016017953919096328,-0.000855642944193824,0.011298951438227567,-0.0077798315850562405,-0.0028234233410130427
2017-03-23,-0.0013464921286193698,-0.0014092441106015041,-0.0010671999352994677,-0.0015992337466635975,0.0012233337338170003,-0.003535813021602996,-0.002851374415258401,-0.004955340598424174
2017-03-24,0.001601099219161739,0.0035693900047175653,-0.0007265496452848463,-0.0011446520223100665,-0.007696282847956648,-0.001986879728343771,-0.003335764620577497,-0.0011855321334041102
2017-03-27,0.005636868294673025,0.004550641616289264,-0.0010261167921877812,-0.0005725890767691588,0.00024595249657677343,0.0017066314806479799,0.002550309900415604,0.004748541406957685
2017-03-28,-0.004099371444605038,-0.0066707665646768,0.0072771146242402995,0.015588915457330987,0.0072615780804909935,0.020726999522914902,-0.0011130395043454921,0.0025992855822358774
2017-03-29,0.002436163586163831,0.0059692808025415545,0.000934508392357758,-0.003724295747317141,0.002199526349647485,0.0022251593524547086,-0.0058888702519303004,-0.00023559352200464012
2017-03-30,-0.007206910225050711,-0.008076351379085134,0.0031840991432194876,0.008610120501289398,0.020482552733323445,-0.0013185450090665851,-0.0020813765668070694,0.004243000522692775
2017-03-31,0.0021102388572973307,0.002907831504024516,-0.002327539993160932,-0.013366381954977191,-0.020190991215165988,-0.0018758153568172453,-0.0008824554373803029,-0.00375582637127303
2017-04-03,0.005306580584065079,0.010086958956591507,-0.0017391381137142892,-0.003643430304855255,0.0007318187682217037,0.0002784591452280605,0.0011239735749393187,-0.0007067338794295441
2017-04-04,0.00226228970182607,-0.005424871489918104,0.0006374480129021087,0.00333292999985102,0.003655369921130136,0.007446335134024817,-8.010358592069888e-05,0.006366361558792555
2017-04-05,0.0,0.003057846260038577,-0.002972662562567341,-0.012827688520433145,0.001942546352944552,-0.005180590808821939,0.0009623450657956223,-0.00257730148140356
2017-04-06,-0.003678334988324816,-0.0014832757371101568,0.002811026069225564,0.0033646849234134635,0.0058162015819995805,-0.0024999816582417234,0.0020033453156995673,0.0023486648758206385
2017-04-07,0.0023493772325884343,-0.004042690192932241,-0.0010193055099821935,-0.0034691877982714336,-0.0030122109078177806,-0.002227673161824817,-0.001039527843827548,-0.001405551556462381
2017-04-10,0.0,0.004639135649723514,0.0005952703311895569,-0.0034811519357804688,0.004471269753304918,-0.0011854313117882764,-0.004643276625632908,0.001877322762775524
2017-04-11,0.014481863135711759,0.009482877444903393,-0.0011901322474112686,-0.0017467697632463919,-0.0034887317585717836,-0.01075673045211023,-0.0009648976954647059,-0.0007028331293918999
2017-04-12,0.006848701913851896,0.005473077057093656,-0.004381551894509839,-0.0038492542985839595,0.001569282000529082,0.0012004429678849071,0.009499382269492207,0.006563793908378912
2017-04-13,0.004753334264967268,0.0030874109888103796,-0.006494998017027465,-0.011709293092290407,-0.015427299368356628,-0.0052895643837472806,-0.0032697280241358317,-0.0034934685936960364
2017-04-17,-0.0029363834815019363,-0.003077908221145842,0.008859892194414298,0.017298287436306348,-0.0013463850789084963,0.005530840475423737,0.005840448076005034,0.0065437334411406756
2017-04-18,0.004744779460001958,0.013079810327598862,-0.002984195227348385,-0.008152773202135699,-0.006496736729734276,-0.004442403975778664,-0.03102136170978753,0.009518986409774888
2017-04-19,-0.008874746300268521,-0.005452638959678957,-0.0018385124916183715,-0.00821967288529346,-0.006909675909378077,-0.0036828017589333184,-0.0036937008403327143,-0.005749476140918808
2017-04-20,0.0018893922713916211,-0.003870936262811542,0.008139134251617497,0.012905453460550387,0.006460611698806185,0.012510681016068892,0.004119678603347721,-0.0032385651283806105
2017-04-21,0.002869780885113693,0.0,-0.00318702962751638,-0.012039781089920987,-0.003949750017165798,-0.0011931528281108328,-0.0009028996121315247,-0.00046397002663989273
2017-04-24,-0.0067859882121455994,-0.004937731917901478,0.0109980462022774,0.03525771266426059,0.005204896933958203,0.009629153926743461,0.009280665653979892,0.004875716543430553
2017-04-25,-0.010125150830952667,-0.01203913912517296,0.005818532973335788,0.008685695380501457,0.007644008647655909,0.006196147349873504,0.004394071267663335,-0.003928192998342905
2017-04-26,0.0049064144523129904,0.005516870718405453,-0.0006289176079476988,0.0019264586335607792,-0.004038159959097842,-0.005881322841855718,0.000648246556384402,0.0030157033006283918
2017-04-27,-0.003723907331012466,-0.0003280166156092168,0.0008391831950234074,-0.009272972763988307,-0.0017196223706456015,0.0007660869937917703,0.0018622129562615442,-0.005318908876193573
2017-04-28,0.0031563855415273068,0.002211953961194224,-0.0021793813884156688,-0.0069626223086755035,0.0047995256647104245,-0.0009737828403412196,-0.002181864174645054,0.0032548938611807188
2017-05-01,-0.00910820985920957,-0.008312864073438897,0.002519969425724522,0.0006895562623161489,0.005021287587757106,0.020396620883033068,-0.0010529894549777818,0.0016221080620997252
2017-05-02,-0.00016709821486071696,0.005120428340820382,0.00037733723645150263,-0.0064322067936974925,-0.00012187217746939538,0.006344668096591732,0.0029185601599843736,0.0039330590966557555
2017-05-03,-0.013957360197643709,0.0006573319724123561,-0.0012148557604459986,0.005780305813896325,0.00792216786150668,-0.003050930584753697,-0.0029909705828686795,-0.0016126680350549982
2017-05-04,-0.010086475737808298,-0.004926710637222609,0.001174314369889684,0.0011495963145742305,-0.012817435189954263,-0.0036037484372529738,0.005027166884133072,0.007848426889103255
2017-05-05,0.0018837333588366256,0.000907597431932361,0.003936956965242544,-0.001148276260417136,0.004654475520717849,0.016584017742740098,-0.003549803367685289,0.0006871017853471439
2017-05-08,-0.002222050521183405,-0.005441299617538697,-0.00016685275373284902,0.0011495963145742305,0.010607350854010766,0.027187868523953496,-0.0021052175790799987,0.004577610883533367
2017-05-09,-0.005995691205500697,-8.321330047267317e-05,-0.0009179537096629664,-0.004018631419759444,-0.006997528436539113,0.006405200294957281,-0.0003246365307187915,-0.008657990613003208
2017-05-10,-8.61881599950598e-05,-0.0011603230257887232,0.0017955963019116172,0.007838840605225883,0.004537933504114244,-0.004740786675964226,-0.0032462227005317645,0.001379058056744098
2017-05-11,0.003964142371969848,0.0,-0.0020427371442116593,-0.003088020046394968,0.008545783888069591,0.008648350746305544,0.00317538511390536,0.0022951092722554023
2017-05-12,0.0028326337429585013,0.007552504436994623,-0.0016708320162696078,-0.002753831471146384,-0.0007263087000394242,0.013965833077723033,0.0035716534241789777,-0.0018316968506800757
2017-05-15,0.0026534071191921527,-0.002718735782152759,0.005523468225127504,0.004831896658956003,0.0030284629270664887,-0.002562573118756517,0.027094792455074623,0.0032117014684545087
2017-05-16,0.0043537829852127174,0.0037174812386215894,-0.0009156557830246603,0.0030914259101639807,-0.0030193190313150264,-0.001477457864308307,0.006142270476350742,0.002743891207520166
2017-05-17,0.018189539837597968,0.014566530122759325,-0.017743716053513436,-0.03812348406618482,-0.006783556013351455,-0.03357536491662716,-0.008609374604472086,0.0018245256673663501
2017-05-18,-0.008181011348556977,0.0011357690483020377,0.004028008280750894,-0.0036784134553368153,-0.0029272725647651043,0.015241444244453062,0.002368415824187231,-0.0029594112273225726
2017-05-19,0.0049659454541624015,0.0023497318602625494,0.006504556453121202,0.009766080894394458,0.0022019173573935014,0.003408909016535233,0.00023630519636830272,0.002283173632233293
2017-05-22,0.004187604636601616,-0.002748251034775273,0.00507727174671202,-0.0009432539134984763,0.0043940898025678354,0.006076109983359279,0.0020472107054092525,0.006378161283193906
2017-05-23,-0.006338633249028169,-0.006727794342807902,0.002212920942213481,0.012514686851655243,0.0035240271440108994,-0.001234084917171696,0.0020431826960218835,0.004753332382429143
2017-05-24,0.003944948993712671,0.005630898186506972,0.0023326059939721144,-0.0005833362768947747,-0.003511651987088138,-0.0029905647649594025,-7.871132978276574e-05,0.014417611936983654
2017-05-25,-0.0010868426783263718,0.0003247058668534031,0.004779516437731113,-0.004199836102293908,-0.006562333887903282,0.0034557809299309294,0.0067895215177171675,0.008438800470118801
2017-05-26,0.00887175702052101,0.0017031486165011156,-0.00020644219319410073,0.00011743311077339058,-0.002446729262909897,-0.0016892951432310177,-0.004783324505105546,-0.0004406015010667286
2017-05-30,-0.003318413164433487,0.004940337624611546,-0.000869148547544607,-0.017104081217199085,-0.005518121017621724,0.00039057934187436416,0.001497226691109077,0.0008814794703062567
2017-05-31,0.003995366733579031,0.002497873564566433,-0.0002484502541008071,-0.020858591434704254,-0.007397969279672512,-0.0059218840294233965,0.008968393496792793,0.0008803675573705316
2017-06-01,0.0008290372396291268,0.0001051218199554782,0.007952383903028215,0.01107754817281581,0.0024841573398446393,0.0027493764284238775,0.004132814162181697,0.00703763965916937
2017-06-02,0.0073724269437449585,0.011840358302803944,0.0033282616688878885,-0.005056446136206927,-0.014869769408302425,0.014819171141402743,0.010094879705262017,0.0021839484340453463
2017-06-05,0.0009867835373715828,-0.00620909841544437,-0.0007371281294438203,0.0018148997874287698,0.007798956237653698,-0.00977794663437992,0.0021523914789352006,0.002178967712385127
2017-06-06,0.011254375087548674,0.005447024429275693,-0.003196674590746462,0.002053387607176882,0.013604507410391653,0.003377912867707389,0.0036053355820138133,-0.00021768821743184397
2017-06-07,-0.0052802724121523426,-0.004780433512962312,0.0018502389453718404,0.011451243890795215,-0.003694218255682058,0.005956597340875502,-0.0006114330592024153,-0.010221416121498739
2017-06-08,-0.0065332416684456,-0.002641780718519615,0.0004922782760254929,0.012394311654973622,-0.0035839233812016147,-0.002445825059590012,-0.001529629884691186,-0.00834979492339083
2017-06-09,-0.00912454251071615,-0.0015246312507781745,-0.0015175755438902039,0.023660849575336096,0.018729645710465315,-0.03877648661321431,0.007506586572272322,0.004209712698143964
2017-06-12,-0.0014932827593217013,-0.00032144839820147375,-0.00020547762022560256,0.0002300698363884024,0.009740666664268982,-0.023896099022893358,0.0022050667530537638,0.0002212429074435196
2017-06-13,0.0009970317877492363,0.00016045814135612346,0.004890067540999743,0.0033339014698909875,0.00036175301359220313,0.008045869404123218,0.0015172134717651442,0.0015565418536995779
2017-06-14,-0.00547811789275976,0.015437250163271798,-0.0012677337907649466,-0.0020623805952733054,-0.010727874059335507,-0.009754951307122672,0.005680912840049457,0.005995864851314536
2017-06-15,-0.004172926066378535,-0.0015840795198065472,-0.0019245646362334723,-0.005970761220887244,0.002314879386844604,-0.005994039374741411,0.0020332406378027468,-0.001103455550558352
2017-06-16,0.00016758836001962152,0.0019826730559675543,0.00021878012026199656,-0.00450510965396389,0.014952401919944736,-0.01399879325659481,0.009846808500642457,0.0013262332069590155
2017-06-19,-0.007625239321596311,-0.001424662358070261,0.008324850192275246,0.02193091812217629,-0.008743388841739974,0.028607499321609664,-0.00208412869594643,0.0015447406897002303
2017-06-20,-0.0021109516115493943,0.008956343151210522,-0.006743949293044671,-0.006245186875054154,-0.005437510364876608,-0.009088833590326306,0.001118941165955567,0.0050683670297009265
2017-06-21,0.0028769363429739236,0.002042514186669786,-0.0002470086237001956,-0.004570285232987192,-0.01056972302711201,0.005930736490300292,0.005140750716082998,-0.008550704585219004
2017-06-22,0.0033749707830617037,0.002195015987900506,-0.00045258766618760937,-0.0011480128186566185,-0.00442052838891871,-0.0016451031720339238,0.008450163853492398,-0.003317336121466563
2017-06-23,0.004288615406013552,-0.00046942973135333244,0.001194192571685626,-0.0018386182133793838,0.006536886934325414,0.004463379973036696,0.0027925686362593183,0.003993806920779441
2017-06-26,-0.008959220397639522,0.0037561965801888864,0.0006579071836010364,0.0043750140875364885,-0.004533901062891865,-0.0031446413634145243,-0.0006592790665295167,0.003978031268849547
2017-06-27,0.0038019343183650633,-0.010681123922171576,-0.008055886281352675,0.009284795317262784,-0.0015999735959953965,-0.014332805825401418,-0.009755243239990996,-0.00836467966275889
2017-06-28,0.0007575454013519778,-0.0033103763974726697,0.008950210294913497,0.02010226082262223,0.005178183468530051,0.014610774579709496,-0.008813904915697335,0.005993090335173923
2017-06-29,-0.00487806411784153,-0.008380834963803707,-0.008788905125783342,0.014807272733582177,-0.010180663011219226,-0.01474346550419181,-0.00881769602305671,-0.010811583338801611
2017-06-30,-0.00253552275635216,-0.0023123614688236316,0.0018645427716597052,0.00274271229946077,0.0003721014836048919,0.0023667439178960414,-0.0026389855669387563,0.00044569467823230013
2017-07-03,-0.016353163532217163,-0.003219749798889171,0.0016956730785289142,0.02035198596353016,0.0169700588723396,-0.0036106890186053953,0.004611287318694091,-0.0020065307214194306
2017-07-05,0.003704025486608087,0.00024047315231334743,0.0023121100697185426,0.010026706271743846,-0.015225586657746426,0.00411107557905388,0.005567976028845845,0.001340639414618705
2017-07-06,-0.00042907160833882685,-0.008273344321486298,-0.009144736813558985,-0.003202306057443982,-0.009028747263161496,-0.00943844159477869,-0.008380731923929186,-0.009370674480735253
2017-07-07,-0.010217244173899132,-0.005993930372960143,0.006485347846195921,0.005033526934778987,0.0012481114895459555,0.01015907618748435,0.0001509273335000838,-0.00022523258897599874
2017-07-10,0.0016481821948142183,0.001467072248990453,0.0010739386063887135,-0.007032556695420911,-0.0007477351075974026,0.006103662014747879,-0.00746933351174639,-0.0002255104302548716
2017-07-11,0.0012990519121258703,0.0017083684063019522,-0.0007427652104248228,-0.003863324889770814,0.005488793226611888,0.0032401169688347498,-0.002432643149037572,-0.0011264435752623703
2017-07-12,0.0035460648934031447,0.006904377617078072,0.0075146524995151065,-0.003447013901070717,0.004466598060374638,0.0014426444059483234,0.007620250236765269,0.004060133824776102
2017-07-13,-0.0018098688846157618,-0.006292076106771627,0.0016803155430267225,0.006377859955569498,0.00012328461076860364,0.013929233667077545,-0.002798279141047688,-0.001797068611805508
2017-07-14,0.008202356680584888,0.0012175809274359572,0.004664078999368826,-0.009129860149071911,0.003828648358948694,0.008594531220183832,0.005612040768895321,0.005626559411559651
2017-07-17,0.004453235312239068,0.0027572878487016617,-0.00012232903909070725,-0.009322877714582845,-0.005167143978600963,0.003488742176283033,-0.0033938163752376127,0.0011193315508111201
2017-07-18,0.006991215691223296,0.00873265849750049,0.0005296329908655029,-0.0035012211503818724,-0.0032155463551883923,0.003476833041105243,0.017480474343118724,-0.0013416509834586199
2017-07-19,-0.0002539901713815018,0.00040033101195091625,0.005414018861304992,0.0014273852459487646,0.0031014498453396655,0.006263588244090679,0.005577533504458554,0.00358216634968489
2017-07-20,0.001354979930841882,0.0028851636158313543,0.0004456111636366167,0.0,0.00012408476071223973,-0.0045029900899378195,0.010058805111057278,-0.0002231846458857767
2017-07-21,0.008626558617128577,0.0042342860838022744,-0.0008905411653965523,-0.0033992155738075125,-0.009151696437811108,-0.00046545973773270966,-0.00922630395502122,0.004685224779678254
2017-07-24,0.00041921366315400554,-0.0038983118112972948,-0.00024292326000185938,0.004290956707486915,-0.0031204559822139988,0.012111308936086695,-0.016997824487485547,-0.004219100867651426
2017-07-25,-0.0032687905257637873,-0.01301958437580586,0.0024308898201945706,0.016651980630350893,0.005008215681446382,0.004274232379777754,-0.008495758948910304,0.008920561175769004
2017-07-26,0.008072646310579357,0.0016185309023883931,4.0446147976380686e-05,-0.009374832653788134,0.0012459915392037946,0.004713756290758431,-0.007051735386269797,0.011052082588234757
2017-07-27,-0.0007507202198242524,-0.004928430745978041,-0.0009296561372099665,-0.00413366529387138,0.005723184473990672,-0.018897491677209444,-0.0009163464512997876,0.008307658875104984
2017-07-28,0.00751316068954333,0.005927367891502833,-0.0011732720391018914,-0.002949213573027465,-0.015217144405724525,-0.007040492386723662,0.007796499312464622,-0.0023848332430955743
2017-07-31,0.0004971211979458712,0.0012113195155007972,-0.0005667758432471581,0.005696936881598669,0.005527481543184498,-0.005150474673799255,0.006598032922687125,-0.0036949699745346676
2017-08-01,-0.0008281447132181263,0.007020220925713305,0.002228903533703974,0.013398563008311992,0.0016243873149168753,0.008875348797205751,-0.0015822755702552538,-0.0030540916746505387
2017-08-02,-0.002072109381170417,0.0005619200365691857,0.0004851240342327312,0.0008594841325004765,0.005363752875374939,0.04725097367273112,-0.0026412069557408824,-0.0024068607111257245
2017-08-03,0.0015780299800982611,0.010344012704880834,-0.0019399809265716605,-0.006550981830560687,-0.0013650072528564872,-0.009991392899990181,0.009004269030423728,0.0017548282099248969
2017-08-04,-0.007794965092940864,-0.00849192952855471,0.0018221162154836712,0.012540525052407547,-0.003478408529818511,0.0052710200326875345,-0.001274970646893081,-0.0037225880048985527
2017-08-07,-0.0011700742821816323,0.0011203646771669185,0.0018590370503146492,0.003843731618728974,-0.0006231784565954301,0.015474248363237075,-0.0024025771607191215,0.0030771350927334407
2017-08-08,0.0029286123995053703,-0.003597922947852328,-0.002460824283702645,-0.0036165599519948355,-0.0024951894838772803,0.007996857578699501,-0.004440447656869684,-0.0008765632799834222
2017-08-09,0.012097421498903138,0.005456470583034889,-4.0259315434276743e-05,-0.001600842807907843,0.003126557888388337,0.006121897273571486,0.007257537553944982,-0.00021919490804589437
2017-08-10,0.0074190218777654415,0.008539843062523866,-0.014115541076450966,-0.014327010217450975,-0.005916477089108585,-0.03185173154129739,-0.0010510077410844643,0.003290081771102793
2017-08-11,0.004745944156777204,0.00047498509152399393,0.0014770598729980655,-0.008352455814092274,-0.009623886783234004,0.013907018083478384,7.528724173999635e-05,-0.003279292630198105
2017-08-14,-0.007085289845225495,-0.005141439377394308,0.009913233852914427,0.011704382873201968,0.0002555943730966348,0.015049319235843628,0.0028549032774853877,0.0046060923672932574
2017-08-15,-0.007709931316675189,-0.004213662294976106,-0.00012177154959414072,0.0025948682252074917,-0.002428496992157525,0.01094739106936582,-0.000748989847774606,0.008515233885816986
2017-08-16,0.007356582616572016,0.003672623432598776,0.0017444652541676042,-0.006901669851843817,-0.0073040919727442866,-0.004021962336554941,0.0059229705572139135,0.0002166133372270007
2017-08-17,0.005087348020141658,0.007477685374599918,-0.01559108605874826,-0.015636939325086252,-0.015618902922820532,-0.019198588760453106,-0.008422379377857614,-0.007359221731180754
2017-08-18,-0.0015511047050799087,-0.00023727814396468094,-0.0015629584974969912,0.0009926532545381228,0.0049829788860278335,-0.0022803864871226986,-0.0030814770183387186,-0.0041429599247158055
2017-08-21,0.0037612352656934966,0.002448623498985558,0.0007825940776602369,-0.0012121227649551924,-0.0033924825224236344,-0.001841684970692259,0.006182666443801388,0.00021874853762970936
2017-08-22,-0.004480311519932001,-0.00386069087899088,0.010457266907860419,0.010261462443579727,0.004713284521995265,0.01634770027709065,0.009366633308146799,-0.0017512607289684734
2017-08-23,0.003764005301683415,0.0068017848685124616,-0.0035857564018973997,0.001201372834288783,-0.0016940308689580297,0.0012517491893151433,-0.014105538834512599,-0.001315943207406245
2017-08-24,-0.003097719565420043,-0.0036918349765142633,-0.0023305972057530155,-0.0016362603061468306,-0.003655110607671541,-0.004437887995282663,0.0006777410455596211,-0.002854616762359208
2017-08-25,0.003679752595251218,0.0038632692296358684,0.0023360415777264887,0.004042843663939477,0.005109760377203676,0.003704134065344311,-0.0028020926956279224,0.003523569141108851
2017-08-28,0.015887278895027057,-0.0006282789660594368,4.120630821202731e-05,-0.0031559961554976645,-0.0032586287109572787,0.010071682413958172,0.0004562538354320189,-0.0032918579801258785
2017-08-29,-0.0021654043401577727,0.003222843036458034,0.0011448277446288735,-0.005458545301642914,-0.00026177800533566664,0.008918019218715045,0.0035672634720234075,0.0006606347997952788
2017-08-30,-0.0004822179671816196,-0.0003140977730267114,0.004737413766449761,0.0023050336759071754,-0.00457811979899192,0.0027007969386743103,-0.008622912562182283,-0.0013201754955066702
2017-08-31,0.011740101940391323,0.0029775433552190478,0.006016272045141324,-0.004599571520021772,0.003022201179470274,0.003979174104808747,0.009918525682231394,0.0035248996705081748
2017-09-01,0.0019074699121892635,-0.007648829849389305,0.0014140087527660938,0.008911782044126015,0.003144445244601446,0.000305184430361205,-0.010123014111488082,0.0050496739948704406
2017-09-05,0.011105834943620163,0.015858031518260818,-0.0071821853411701,-0.02388217877237797,0.00796667548652441,-0.012008478264190159,-0.00862413480919888,0.003057874006298311
2017-09-06,-0.005099651110526904,-0.006135566609032361,0.003413829627454623,0.006703198873254879,0.020730634210299304,-0.001049271714083977,0.005927634095856504,0.000871328453176945
2017-09-07,0.010409331674411604,0.010237141170186481,-0.00012123848705458684,-0.017533856145406923,0.0031734915613161885,-0.004014463275555991,0.011632272258891074,0.006962475454217021
2017-09-08,-0.0012487602904230899,-0.002166198973819422,-0.0011748402693710913,-0.0012428186136981267,-0.0026573540977195,-0.01630894069325639,-0.009153372674813198,0.0004320574188736437
2017-09-11,-0.013909500369754801,-0.011937447473891805,0.010666027956208524,0.015494307013078856,0.005455284441421737,0.018092382053853884,0.01702584338674984,0.004751776609018155
2017-09-12,0.0029320477853174154,-0.005256845370605112,0.003370678073684852,0.012250766562976523,0.003154600559131193,-0.0039628953413517465,-0.004354306870707481,0.004299042231423522
2017-09-13,-0.007506297144185492,-0.003943571506160981,0.00047961694677445266,0.0028607443861314863,0.003396410471407041,-0.007522683506867467,-0.0013572742362715218,0.003210614544788326
2017-09-14,0.004378656548724491,0.004117443405848853,-0.00031966152791762514,-0.001974947509736036,0.004011509497253707,-0.008580728347855948,0.013061682458822776,-0.008386977923045436
2017-09-15,-0.004993697404288455,0.00039433370183727945,0.0013462369528671747,0.007145412080209246,-0.0002493839163529854,0.010108892858110785,0.0020123208364382084,0.0015182123117811752
2017-09-18,-0.009320466663927607,-0.005754352655832018,0.0021266722700232776,0.014188588946235425,0.00024944612420441103,-0.007568383633861031,0.006917030353358111,-0.0015159108372844177
2017-09-19,0.0020907215740946228,-0.0024579874591428297,0.0010014408435639055,0.010977602762947347,0.00162317317500138,0.0003782962219409658,-0.0011821100323587963,-0.002819630108864657
2017-09-20,-0.008024393981386213,0.0007151360822199582,0.0003599204093669428,0.007025922687935893,0.0041137070311749735,-0.01675832452867565,-0.014790382680850866,-0.004349346809482069
2017-09-21,-0.00760396716163525,-0.0005558108035303988,-0.0026792197134123397,0.0045450789190975005,-0.008193567854359096,-0.017171767308842845,-0.011034755648679617,-0.008300851920915564
2017-09-22,0.004564701313993336,0.002860635837960812,0.00020034297877380425,-0.0021045083880637527,0.0003752940061270138,-0.00977846595650722,-0.002732164767515144,0.0019827660936313496
2017-09-25,0.01046738833080263,0.006260263324499471,-0.0020447699280150555,-0.007487297031119944,0.013263415493694142,-0.00882253899823826,-0.0016747516363633252,0.004396304079311131
2017-09-26,-0.01116196421162674,-0.0018114874929753277,0.0006029819393857938,-0.004461940528318831,-0.0011116307985093998,0.017203489977948072,-0.0017530976249584551,-0.002626324271150171
2017-09-27,-0.009420139990778287,-0.015067417874348288,0.0038942962699297645,0.01579492587308473,0.006676094512531927,0.007117785962705847,-0.009088375781426294,-0.020408049049637
2017-09-28,0.001885519931214219,-0.0029637534230118057,0.0011997234180602945,0.002101394979409532,0.00933321688864397,-0.006159768293233281,-0.0021576894077562914,0.006048334473165218
2017-09-29,-0.005155038524978006,0.0022491770524479815,0.0035149577428406076,0.0013627834582992104,-0.0025550483717032835,0.005480032840876836,0.004170379400413982,0.0022265408434287703
2017-10-02,-0.006662322551317601,-0.0018311203754708405,0.004338758467689052,0.013925228838992165,-0.004269848436714407,-0.002011082258737029,0.009307379777625302,-0.004665614827575881
2017-10-03,0.0004968550936175209,0.0009654823505835797,0.0021400327364284877,0.0052665179381514715,0.0015927582673487262,0.004355992180531398,0.006706132310905666,0.008705233286477876
2017-10-04,0.002813840376879595,8.04842600901079e-05,0.0011865294159671969,-0.010169775546486126,0.00036677924197392464,-0.00647357919667868,0.005980320120900773,0.006860108908780083
2017-10-05,-0.0053643767904710815,-0.003777809818399702,0.005925133114167425,0.013465818373155969,0.0028122272520656466,0.012444512643364991,0.0022574303034004206,0.00043940198247427453
2017-10-06,0.004729503075844965,-0.002823688727266793,-0.0011388345745536599,-0.0017510928583126528,-0.003779707032061874,-0.0005788425257431395,0.0002255770247177047,-0.0006587036325813589
2017-10-09,0.008175782666649978,0.0031555728570795694,-0.0016514449765814287,-0.005262096213238365,0.0039166115185600425,0.003477175839723179,0.0017263385843921952,-0.001758873406405681
2017-10-10,0.002621229439913275,0.0016129251470613504,0.002638524061028047,0.007468439467460453,0.0028037240874316804,0.0003847455382759435,0.0033721174347969285,0.010130020355187286
2017-10-11,0.0031862694835504968,0.001932835161506219,0.001571058061428987,-0.0029856361067726045,0.004133365871514805,0.00416922250886409,0.020537515340119716,0.005013998028937872
2017-10-12,0.000814386133850542,0.004259939622903053,-0.0014902256773269285,-0.008777568012974801,-0.0020582779138360596,-0.0035131243403934143,0.0013172747347642844,0.0002170585218412846
2017-10-13,0.0075677460313676725,0.007202522258798805,0.0012172720496348433,-0.0013542803657339286,-0.00024244100414527736,0.006346463734365537,-0.002923355310330611,0.0015182123117811752
2017-10-16,-0.006864791440930884,-0.000715156181095411,0.0013338561132010263,0.020655013116598342,0.004853546030413991,0.01840886713588441,-0.002272191369385834,0.00952774704831083
2017-10-17,-0.006830966568647567,0.0012724977366131984,0.0007049769373590475,-0.0022483496664585934,0.001811458442818381,0.00369041036224127,0.03430777990965961,-0.0021448726538175755
2017-10-18,-0.003766470931118926,-0.006591695995726399,0.0009785588256092659,0.003790091835512488,-0.0024108202343150475,-0.004425252937206858,-0.0007809507568846685,-0.0025796806132240002
2017-10-19,0.005917656213846101,0.0017586936921978324,0.00027367395880939505,0.001224423644684114,-0.00024161024732005654,-0.023660021169228274,0.009666938385046286,0.004094752887903397
2017-10-20,-0.006373059753138954,-0.010613380132818095,0.005160682432329811,0.014269698139037557,0.004471821770128281,0.0017307984688670341,0.002534576458664173,-0.0045072835890996865
2017-10-23,0.0015623915833617996,0.0017743598950255013,-0.003889539365041106,-0.0017085079981847828,0.0015641913504402805,-0.000511822759855618,0.008567818849065212,-0.001293733870781022
2017-10-24,-0.003858794818776823,-0.006200009260337813,0.0017572771957778954,0.015905081206977867,0.0027628334954157285,0.005955096985180264,-0.013786466729542313,-0.0030222269820503467
2017-10-25,0.00016481202311591225,-0.004779460408388836,-0.004950176161665376,0.0009909521223352424,-0.0035935969078110253,-0.004391745307753658,0.005083192468499975,-0.0028152475139452404
2017-10-26,-0.008405411255806072,-0.0033384098004101137,0.0012924577184916242,0.007127048357857824,0.003606557421408363,0.006393068533631974,-0.003863598437709448,0.003908580503205972
2017-10-27,0.004736970715121691,0.006616364637909822,0.008176389344791923,0.0002949653690209608,0.002875470684758241,0.03582991667466051,-0.00021145459823423973,-0.003460466621603042
2017-10-30,0.0019023633137822404,0.009575007537920621,-0.003725248138036763,-0.0035370265432189685,-0.0020307165538013816,0.022508309885921562,-0.012554914532371675,-0.004558373448177444
2017-10-31,-0.003797565383496626,0.00032141276737829294,0.0015578205209767493,-0.00788883473514701,-0.0022742704574899575,0.0139156414887045,-0.004214244168858294,0.0026162610333473335
2017-11-01,0.003646328400454646,0.004452364096395156,0.0013225804040977174,0.0030809950582126877,0.006238681281978353,-0.012718875131971563,0.004088612973410344,-0.003914531762488793
2017-11-02,0.0006605716344769696,0.004408727146659741,0.0003880813434775643,0.0066390165830836345,-0.004054019968696476,0.0073102489804541815,-0.00035703173658552245,0.0017469688180260512
2017-11-03,-0.004703355749990812,0.0027137215677355275,0.003338917637816463,-0.001771646451872222,-0.004190213463793668,0.026113614707057087,0.0010720325718140966,0.0019615855348624756
2017-11-06,0.008539203746005919,0.0037409350719237455,0.001547235288590576,-0.006212622363503173,0.006852679895529734,0.010145059906305987,-0.0022844105313299945,-0.010877087712252265
2017-11-07,-0.003616953850285376,0.0042024210180739985,-0.0006952140173934751,-0.02014291482209707,-0.0020294780170446725,0.0032138824986363,7.179647629285135e-05,0.010336721828696493
2017-11-08,0.0034650455582678763,-0.002210950678685708,0.0017009845327651263,-0.011240558584225013,-0.0013166264018227292,0.008180322742091795,0.011089537456289156,0.005224390824273728
2017-11-09,0.004110828013571766,-0.00284855187588251,-0.0036275852629853444,-0.00010248328136674978,0.005990563926579817,-0.002042472727380895,-0.006863964177766357,0.0010823293677160173
2017-11-10,-0.008187996581421442,-0.015079958437998697,-0.000309918033446821,-0.0012285443712267696,-0.003125287484705863,-0.003309620069732566,-0.005628717730861932,0.006706107613794643
2017-11-13,0.0014860093226884974,0.002095344104279695,0.0009297038938786972,0.0035889295395656884,-0.000602699423977282,-0.004007958177990378,0.001432980653300886,0.003867320145490849
2017-11-14,0.0020608359165059653,0.006754614087298716,-0.002322540436170195,-0.006028983327859838,-0.007841700665595308,-0.015117222778999517,-0.0019322556501708554,0.015197006859369866
2017-11-15,-0.0012339083538734918,0.010862148166072672,-0.005005181349960086,0.009458087479165433,-0.012524320459106009,-0.013190089565135121,-0.002795674103918122,-0.013071927812821404
2017-11-16,-8.23831309511025e-05,-0.00869065884523601,0.008501014812177354,0.0028518892000439777,-0.008004128576775016,0.011946923581036772,-0.001653433616523925,-0.005554182793944817
2017-11-17,0.012026351450757033,0.007412108659706762,-0.002938760963527298,-0.003351582773913009,-0.003971869327865751,-0.005552571840219067,-0.00626480247388761,-0.018045265602014138
2017-11-20,-0.012616010451388493,-0.00039563500501171855,0.0017063277551696565,0.008865027077605836,0.003863417771013067,-0.000998707712693836,-0.0005073676248684711,-0.005469260421822164
2017-11-21,0.0016487064682373376,0.0031665648880006003,0.006542744231373687,-0.000808035336055446,0.003972707128996555,0.018589944893755872,0.002973002009464043,0.0070392578990623456
2017-11-22,0.009217308019892734,0.003234706512631469,-0.0008846092570377051,-0.0029313143144632514,0.0028437807960213224,0.010511989270191036,-0.007590334087919204,0.0013105803419721784
2017-11-24,-0.002527909692056185,-0.0027525834157483553,0.002310023624813695,-0.003244265101410626,0.003945835021423649,5.689648868467678e-05,0.005244465461418546,0.0008727220998654417
2017-11-27,0.004169409233999888,-0.0014199115749045088,-0.0004994813284968647,-0.003966462415679772,-0.0038073584006795835,-0.005029176911338307,0.006780020940140741,0.0004356535746428136
2017-11-28,-0.00016286145211019676,0.0013427156920930994,0.010144994473690216,0.03502494799550604,0.0069044276503158475,-0.005858878475937912,0.013902935008959227,-0.0015251585243167831
2017-11-29,-0.0062698205225437675,-0.009858282894483206,-0.0006088201768097434,0.023382017840660962,0.007346358274246789,-0.020743469606549825,-0.0015001750020475768,-0.00720032987372532
2017-11-30,-0.007702412605330111,-0.003345989294360585,0.008754902172666057,0.007615837287158644,0.012398394945398072,0.013984320514043969,-0.003432723740522281,0.014181319810566695
2017-12-01,0.004046225185331043,0.013494600026956016,-0.0020754624815856326,0.0025833419410945524,0.002041048261504752,-0.004655078271521895,0.004664656389419042,0.004369640222623872
2017-12-04,-0.00337195530112111,0.00047404333291067857,-0.001209791396529547,0.02061256478820872,0.0013180510744958962,-0.007308119758865694,-0.00692932179962269,0.0056557536595482905
2017-12-05,-0.007096885692240984,0.004976213899448023,-0.00359679898580878,-0.011500575015243264,-0.008137105532089794,-0.0009422367724527536,0.004747764680283373,0.0006488920875720172
2017-12-06,-0.002077792558461522,0.003457874473743461,0.00019010384688122883,-0.007472754916777569,-0.0073593579596230585,-0.003713820885437369,0.009951948395800603,0.0041071993395198625
2017-12-07,-0.013159005872162122,-0.007832071822161502,0.003153239307330802,-0.002954058583704011,0.003281645408172773,0.0018343826140927444,-0.007443319026806061,-0.014423927073731857
2017-12-08,-8.434894941444782e-05,7.901598756809847e-05,0.005452893483572252,0.012521500746341063,0.001332783634367729,0.00029511500811119085,0.00414241286266348,-0.010266444111656892
2017-12-11,-0.00396692443776514,-0.002052174154110631,0.0030133068583606537,-0.002926443601864004,0.004475904482655446,0.019484080727815378,0.003912509458141145,0.0004412688268586873
2017-12-12,0.0011863349471581408,-0.00039562960087247134,0.0017648853159102362,0.011645390991816384,-0.0032518678903996623,-0.005617576657253154,0.010343949086372595,-0.0008821483891326976
2017-12-13,0.008633065001213858,0.007516772472117239,-0.00011276309260066508,-0.012540942432859525,0.004349924473461497,0.0033197870485250913,0.0020337570665414084,0.013468419087086847
2017-12-14,-0.002013911785324507,0.004241251623588793,-0.004086256597581439,-0.00805584092965983,-0.002646147948341837,-0.00029053500975284585,-0.008677968005460612,0.002832405983594022
2017-12-15,0.0021020768465358497,0.0037535792789786804,0.008327569478940866,0.014140690061331673,0.0015675583276815175,0.010161352067406204,0.005718383697962626,0.003475902032514133
2017-12-18,0.004614893860962033,-0.009115614933451366,0.0063410287844754,0.0077254694047692585,-0.001084045483718099,0.01408303656957477,-0.004632988552160211,-0.0056289233818255235
2017-12-19,0.0007516606979649509,-0.012974031914634976,-0.0038404599038385223,-0.0042066602076722415,-0.006028338500784547,-0.010656305069917549,-0.00014114187792413357,0.004354310720096732
2017-12-20,0.002670670135530351,-0.011072809363981695,-0.000523698393182892,-0.003474198636235548,0.0052159219949348135,-0.0010885899819239597,-0.00437302254425409,-0.001083831343800301
2017-12-21,0.0014150005810635857,0.00582842581812737,0.0020593758162668063,0.015922500859509636,0.011825630176916846,0.003785341680391463,-0.000708567441305541,-0.010416608361875745
2017-12-22,0.005236513137701904,0.0013643759730124216,-0.0002613830227828906,-0.0035242899036806996,0.0014315914938747287,0.0,-0.006663547306276385,-0.00021906812942684706
2017-12-26,0.006862859144246336,0.0029656709233554235,-0.0011960880015136066,-0.0040015814515204085,0.00011890191985775012,-0.025369614350083558,-0.00021407910876991565,0.004825341922888748
2017-12-27,0.0037776687734956127,0.013024900040804477,0.0004865800506472784,0.0018686678796284717,-0.000952429884419348,0.0001758478944415831,0.0034260680256370524,0.002619581899830248
2017-12-28,0.005072364396301321,-0.0008675707106224895,0.002057141579051791,0.005316286532627945,0.00143007325180311,0.0028134542650586347,-7.094830784515338e-05,-0.004572560812240223
2017-12-29,0.006512031434223742,0.0015790015772338961,-0.0037704427241661564,-0.00788579847741433,-0.004522684448925562,-0.010813791050955035,-0.005976069235639647,0.003500014157580056
2018-01-02,0.012131014811884722,-0.01079883655958258,0.007157470272949995,0.009444351283865782,0.016618638308740552,0.017904650669197997,-0.0035068661401581602,-0.007410643464783928
2018-01-03,-0.002636850395774437,0.004780779936488511,0.006324893287432465,0.0010189356445029496,0.019640101708676472,-0.00017412274535677508,0.009552362344257714,-0.0021956368049241837
2018-01-04,0.00512737855482448,-0.0001583591673937068,0.004215070109470975,0.014325800237001696,0.001384403556819569,0.004644808277178836,-7.102196211794531e-05,0.014084131915881981
2018-01-05,-0.0010361649479245783,-0.0028557043040977614,0.0066638301047443615,-0.006419695289851091,-0.0008062115013300897,0.011385693893824822,0.008253338166372304,-0.00021678618251808057
2018-01-08,-0.00015961279955833962,-0.0006365130330672208,0.0018289961104909214,0.0014769383256874047,0.004495318934440995,-0.003714490841154605,0.0012698584261336965,-0.001519447267008256
2018-01-09,-0.0046284750854692636,-0.013372187502155186,0.002263162376491268,0.005069074249553163,-0.004246240357995701,-0.00011456550657240605,0.015857551632312727,0.004999820468393201
2018-01-10,0.002405158456580736,-0.001210201698712221,-0.001529995334739298,0.011004082074455024,-0.007951828128312743,-0.00022943809664666137,-0.0011795940665374482,-0.003460757800384573
2018-01-11,0.003279242310744168,0.004119419764501586,0.0072963519951991795,0.005351776964799271,0.009874797693903314,0.005680153563113022,0.005696045475106715,-0.0006511455445947778
2018-01-12,0.012117319941670202,0.001689360373750226,0.006518729031958825,0.01651019683130217,0.006786795964988324,0.01032601378999054,0.00669925586473008,0.0023886583759580304
2018-01-16,0.0016540570729914883,0.004175739616611551,-0.003417899431505056,-0.003550232559365596,-0.006284602303963549,-0.005081855967114635,0.00754654354753459,0.008234195329721361
2018-01-17,-0.008099385028916495,-0.0013590301499925017,0.009531175028800964,0.006412845557914437,0.011843554649629162,0.016515944792604653,0.0008168852908632118,0.006232715032879366
2018-01-18,-0.002219746160232239,-0.009290157234418284,-0.0016807184459068925,0.0023899388028123525,-0.006477109159111039,0.0008934922764305409,-0.0004081748899472659,0.0012812183078829698
2018-01-19,0.004449368789751107,-0.005254068491603592,0.004549776371673531,-0.0022073576218805124,-0.003202665221410994,-0.004462836054340391,0.0029950081228460324,0.005973202058879856
2018-01-22,0.0018193589642852004,0.0009750528090972654,0.008130749014454652,0.011680265326469597,0.012621798726574651,-0.008180915051040238,0.005293178077947269,0.004664912284945588
2018-01-23,0.004974316982453653,0.004302571489676499,0.002122553126080895,-0.0010496057504820744,0.0005665612863097191,0.0002260692930042829,-0.04259482945191939,0.0014772270341236737
2018-01-24,0.012177899643490031,-0.00541594643311738,-0.00038812442338898023,0.012783411337435213,0.002604807204240611,-0.015928844457078872,0.0016919842044298417,0.00800859836671175
2018-01-25,-0.006675468432262743,0.008208709346933407,0.00042356728106329733,0.0002594237413475753,-0.0018070856421196213,-0.01785089880672097,0.016400750357666416,0.00020906179165569583
2018-01-26,0.0007814808358339587,-0.0037078085215318524,0.01157798240335639,0.005358625722132082,0.00712907755372294,0.002337557627090092,0.0064402818125928185,0.014422974240386077
2018-01-29,-0.005621994291566623,-0.00695868531191135,-0.006629837470911726,-0.0010315668177144355,-0.011123553503973538,-0.02069837018032572,-0.011353441333540215,-0.01710266001063565
2018-01-30,-0.004318770545372774,-0.005866523501790177,-0.010257482306627597,-0.009380263288191193,-0.013976018941009416,-0.005894419670205098,-0.008700001624549869,-0.006080042858005896
2018-01-31,0.006703457836465088,0.005901142694092476,0.0004972590300074131,0.004864719319586985,0.00599233141918587,0.0027552848476437575,-0.029768938299913117,0.003797078214538452
2018-02-01,0.003290292152912322,-0.014492667400894166,-0.0011355251099210983,0.010374796072397219,0.02027460990545582,0.002090391421821991,0.013242674340253169,-0.002942042144951751
2018-02-02,-0.013117887393550687,-0.00927916812187779,-0.02176956023177279,-0.022161938114303226,-0.050970973136153286,-0.04339035494523624,-0.016712161688252736,-0.015173625208384167
2018-02-05,0.002531843471552664,0.009449516068662067,-0.04182250027495871,-0.04795222199241422,-0.05690277910774477,-0.024984491833924927,-0.05294870250952721,-0.03937552208769268
2018-02-06,-0.010496423649786646,-0.006213072757081384,0.019702026409287088,0.030422781531834087,-0.01718505241547974,0.04179191327103893,0.01104385868488622,-0.004900920307864598
2018-02-07,-0.004705665583148111,-0.009503405284309263,-0.005424815584750831,0.00677913695711152,-0.017996119019855095,-0.021407032409342164,-0.003110218277913579,-0.0024620291437272845
2018-02-08,0.0015225774502147793,-0.001094174026162853,-0.037508894356922284,-0.04421031508657358,-0.011307537650794952,-0.02751680975909654,-0.038502522615764256,-0.032765040857373195
2018-02-09,-0.0016803225174144565,-0.006318732949775585,0.015021620071392405,0.02002248699803899,0.006374094467687108,0.012231756180670628,0.025086997053828552,0.0006960157929298827
2018-02-12,0.004808897328354433,0.004408857485465267,0.0146841908942823,0.015448891582189095,0.008445691817519752,0.04027882309652964,0.0057132904557311015,0.019476152394121815
2018-02-13,0.005663229392343538,0.004474716388471522,0.002487528785080295,0.006174971972673582,-0.0015701153555317537,0.010017560297346462,-0.0023797368821457665,0.005003462547241266
2018-02-14,0.0170526163171012,-0.011093723770662756,0.013496160840243965,0.023125604295348046,0.002096851648812681,0.01843760594364352,-0.002231709813303673,-0.0020369918071354576
2018-02-15,0.001169844500285011,0.0033992293340836532,0.012760242509079367,0.004172623700505973,-0.003269723186050566,0.03357788062466871,0.01203050839994102,0.015419519904695367
2018-02-16,-0.003271582663696204,0.0054207039986886585,0.0002927696216281639,-0.007185590299838784,0.0043303669179517446,-0.0032370252401344723,0.01463091669109895,0.00446646737919254
2018-02-20,-0.013441710167313214,-0.0043801772203615474,-0.006260915984246718,0.0002618303848731518,-0.010321394179106269,-0.003363473958478913,-0.017123800698660374,-0.022009622772837134
2018-02-21,-0.004594377467322497,-0.012268985024813106,-0.004974313820008125,0.004184514539935291,-0.01135347492371197,-0.004539141644012257,-0.007335103879885008,-0.014776363321063468
2018-02-22,0.00509310338211777,0.002998302116137941,0.0012958623541108327,-0.0018232003070828284,0.012952459801675476,0.008359246370037487,0.0,0.004153198432016003
2018-02-23,-0.0012668539845069882,0.00888238973223232,0.01593974215797922,0.02026440527977247,0.022014184434308026,0.01739159355904185,0.016241919281539063,0.01194864359263259
2018-02-26,0.0024575674654649937,0.0003384264805272874,0.011611895966006536,0.012445518595671334,0.01689680611452893,0.019771974177459573,0.006784560186779975,-0.00022727853773174544
2018-02-27,-0.010438906498072442,-0.0014385864264625514,-0.012486063669874592,-0.011871686052561614,-0.01699617812068588,-0.003240836262348723,-0.003028791662485042,-0.009311413654794931
2018-02-28,-0.0010388975966704184,0.006355925749337299,-0.010130438315579915,-0.015848820132867925,-0.02270986039686751,-0.0015133960284353654,-0.01359454241402469,-0.009170146383486233
2018-03-01,-0.0022399902343750444,0.006826540295372219,-0.014540541363670778,-0.01792177726959543,-0.007129681398874155,-0.01751643297614125,-0.020018367898710032,0.004858697035560189
2018-03-02,0.005372018620811936,-0.008129869897704367,0.005154739912326622,-0.0009698359235604803,0.004654237949804685,0.006914391658448205,0.012099362552206783,0.006677371719245873
2018-03-05,-0.0016747674096407872,-0.0027038230701550425,0.011558177092491073,0.015354719295507469,0.009530490308747197,0.0034614950755162965,0.007529849782431652,0.0038883847297683793
2018-03-06,0.010784458146907872,0.0009319487644225966,0.002535013764130456,0.0008691637874957969,-0.0011804807123516614,-0.0008482104120677292,-0.012096497585566524,0.0009112041037295793
2018-03-07,-0.006401624645603676,-0.001100144680720505,-0.0003664338445508175,-0.0037338758213403267,-0.025203307861720203,-0.009282854290484144,0.0063950169142019675,-0.0025037276468211633
2018-03-08,-0.0023862794212922145,0.005762135295360737,0.004838980169509677,8.709956122854301e-05,-0.0018853054223021415,0.010912467191284136,0.023403894237000067,0.01437673769519665
2018-03-09,0.0009568071147663115,-0.006571586185308176,0.01740235989996286,0.028760809780019825,0.005936182354423725,0.017180959515874283,0.01317571027008424,0.008323930284126924
2018-03-12,0.0,0.005767350711612496,-0.0012549395129748397,-0.003219488518118263,0.009120312111097872,0.00966776914820433,-0.008744478517324517,-0.006470066935008734
2018-03-13,0.0019117242474055995,0.00505911939812842,-0.006462931082308665,-0.01198376465673745,-0.009436568658103495,-0.00963020302990869,0.012968425178318643,0.0008979965276427748
2018-03-14,-0.0006360457292979849,0.008809361445349051,-0.005131682898791068,-0.011182560075467474,-0.012478229383134254,-0.00850125316180328,-0.015109523536751324,-0.009053704028288978
2018-03-15,-0.00636432332367276,0.0,-0.0010896385719554313,0.002522803415703212,0.011141334704891426,0.001176786162379262,0.0055925103688472255,-0.002512333693077795
2018-03-16,-0.0024019459414951205,-0.003576061418459786,0.001084443637688448,0.001735362859027978,0.00940626175041226,-0.0035267547460761106,0.004659127953802633,-0.004808773241550268
2018-03-19,0.0021669685053569143,-0.00317172324523618,-0.013530507044088758,-0.007882791008809398,-0.012912797717254954,-0.01527871877547482,-0.025732987296034127,-0.004602015954273786
2018-03-20,-0.004484705499084418,-0.004019139113342396,0.0017008234033299985,0.0009603539456408683,-0.002157948236777618,-0.00034267093076878474,0.007447606844890098,-0.0023119303425003235
2018-03-21,0.017456406089276788,0.0010929790219593727,-0.001918810889277367,0.0008724317419734895,0.014191280269301831,-0.022654361898847397,-0.00015229344060829764,-0.0037068402023793245
2018-03-22,-0.003953194075975608,0.009909121804985821,-0.024997554625317275,-0.041746532290623306,-0.0205222822815756,-0.014129761539752872,-0.029041778590782497,-0.005581176666446419
2018-03-23,0.012938539529958382,-0.0007484229141732079,-0.021314658233072326,-0.02673935235552438,-0.008299478862249354,-0.02315708699999164,-0.017898888191594242,-0.010056440060921878
2018-03-26,0.005250357853935794,-0.0038276177791232158,0.027359299587761843,0.030838200285306705,0.015228519779670657,0.04747191238204329,0.018304924618218754,0.008504622713861876
2018-03-27,-0.0061584106879088996,0.010692580652372108,-0.017011866776161177,-0.01939997238017732,-0.004054326438117539,-0.02564084714596271,-0.0014127197895351662,0.004684793131780163
2018-03-28,-0.013804961458361409,0.0026446643923931923,-0.0029548617809443956,-0.001571375440219347,-0.012075772607303858,-0.011048966847596264,0.0018864920913115313,0.010025963348679223
2018-03-29,0.0004771936450476133,0.004863363223194472,0.012777853843173537,0.018240444243835974,0.024721873991291332,0.007808708605014036,0.005492409473563775,0.002539351204506435
2018-04-02,0.011686153191860615,0.0019735040458341846,-0.021584656279229675,-0.01927778064800767,-0.018630376133237814,-0.006556419470191588,-0.028013984780792756,-0.01749971641357473
2018-04-03,-0.007543604183229635,-0.00771256038858259,0.012816844076802836,0.013722658421274181,0.02458352193414215,0.010259391026184783,0.030427165687695545,0.01663957737478383
2018-04-04,0.0011876001018220617,-0.0020674844392676306,0.010699105741332371,0.015183351279179469,-0.001999344021559768,0.019121879541501796,0.016049864014767268,0.01982474218858732
2018-04-05,-0.005140323544257974,-0.007456728679947067,0.007892092727771027,0.013130281706250413,0.015360142242893504,0.006934491594841274,0.002300398604945242,0.003616679736191175
2018-04-06,0.004689954877408864,0.010935638455667807,-0.022285839112987538,-0.02493739642399173,-0.015127777429753575,-0.025578645213008677,-0.019967871854614128,-0.010811271707504733
2018-04-09,0.0034021703240154633,0.0016514669022338335,0.004928458039185513,0.012008698804801377,0.0,0.009917973606381247,0.010772863474724392,-0.002048820864523404
2018-04-10,0.0023655815524346036,-0.0018136902466870941,0.015900265072956943,0.019112280774769896,0.02938425142274581,0.018817947073789254,0.005946927828956339,0.0036503993823193692
2018-04-11,0.007787899955785216,0.003551028819507529,-0.005242379928450336,-0.016798696427460902,0.004671048641756492,-0.004675357326458629,-0.004760232376805895,0.0
2018-04-12,-0.011630613197024076,-0.007324078281580659,0.008226879544490195,0.024859938576603735,-0.002712216877576057,0.009858922087917499,0.006171308369570916,0.0009090011906540685
2018-04-13,0.006555000660688037,0.0023212222146555828,-0.002932744896502193,-0.027079447772726084,0.008029148674562059,0.003387937300573629,0.001456651929920616,0.010902016187926744
2018-04-16,0.0014123209845886553,0.0003310638746012451,0.008221619205545538,-0.0008159328586040404,0.008992843113867499,0.00623833573439847,0.00872771269447803,0.0038190878616652935
2018-04-17,0.0009402393572395251,0.0027283530723272165,0.010698828817120143,0.0,-0.0026738148260980754,0.013763916696578615,-0.00925926599421345,0.004476688417006214
2018-04-18,0.0007827669207129961,-0.007998758608364853,0.0007396460603945609,-0.008075604228013233,0.01136198402907218,-0.0022441476948449335,-0.02160237795678044,-0.008244339000786916
2018-04-19,-0.001955416527053,-0.008146252459272918,-0.005547407008984928,0.021954222353873565,0.002524576184587568,-0.028340261901332764,-0.0013311043956835134,-0.004493122515795145
2018-04-20,-0.007601890535287592,-0.0072077886800774316,-0.008479005513906346,-0.002238098529237398,-0.005288238529504219,-0.04097212640329462,-0.006977719760979051,-0.012864127143979553
2018-04-23,-0.00797594984397465,0.00025343277677203346,-0.00014999352300693047,-0.004844042095037082,0.007215319477800186,-0.002896606023136017,0.001342093068937178,0.005486640792344177
2018-04-24,0.004855919415812426,-0.004556959792784809,-0.013467542474504657,-0.004688019898089646,-0.015332429649789536,-0.013918821317963737,-0.00504607152926162,-0.0206913312883511
2018-04-25,-0.006496075996334616,-0.006698043469487547,0.00247166459405479,-0.003803548539664914,0.01467748233324051,0.004357345414683023,0.004516938443213991,-0.014859144800378088
2018-04-26,-0.0035085115107064135,0.0069989590830021875,0.010165791510720501,0.0009998017036842999,0.017107183941375448,0.0034829488450454082,0.009861294383631147,0.00754157670321054
2018-04-27,0.004241008034887361,0.0077131314718414945,0.000938548171677045,-0.006357845799208728,-0.03796701255753576,-0.011569731329504895,0.0020311023924468596,0.013099633627510876
2018-04-30,-0.007251025196090666,0.0017663920835424562,-0.007690723047464321,-0.005667199238227449,-0.0005142253647815176,0.018112444081046952,-0.013877105465777362,-0.002308920876066267
2018-05-01,-0.007063145351023148,-0.0036016156255005427,0.001777104159914833,0.0,-0.010289159805795478,0.02323596851530496,-0.0037944611323450506,-0.01434846159850478
2018-05-02,-0.0004849855228984401,-0.0010977771744691278,-0.006717405442980051,-0.007905810993665718,-0.0019494845071020839,0.04417533344847713,-0.0199192202982863,-0.01244442094579401
2018-05-03,0.005095004008440096,0.004480980197074214,-0.002203610506268605,-0.006301045557526641,-0.003385227849746597,0.001812316239380829,-0.0038058528480648945,-0.004041550798707161
2018-05-04,0.002092067418605348,0.0015146502044505183,0.012946186143317107,0.01109663974530406,0.004703392754058511,0.0392333039345949,0.009428719525390372,0.011219517977742566
2018-05-07,0.0002408766587147504,-0.0015965732940238508,0.003383056396811357,0.008669375558973957,0.010922919926740438,0.007234748720016171,-0.004831226559244506,-0.00519345368326074
2018-05-08,0.00016052535213439967,-0.0009255576952361677,0.0,0.014811847525652677,0.0045023842853735285,0.004806662617226065,-0.00792960635553408,-0.00783090801687425
2018-05-09,-0.0020868008225222168,-0.0059820878973581015,0.009665945544604648,0.021803822114699223,0.02356250288842765,0.0070412359966733895,0.007340304200490477,-0.0007176799147580182
2018-05-10,0.0068366320405603975,0.00805234791209597,0.009350574870280237,0.007759483986539806,0.02239474404024433,0.014303753776820916,0.01489767480189319,0.009573898217962284
2018-05-11,-0.0014379318160805399,0.002522248147560413,0.0030512630650794126,-0.0037621662991604854,0.00469717309333717,-0.003803203260132837,0.015077639091457762,-0.0009482408529435382
2018-05-14,-0.004080017089843846,-0.005283775623575071,0.0004766161774141242,0.00035121463752108006,0.00676679606209718,-0.002332871606641529,-0.009273720967367782,-0.002373143852069881
2018-05-15,-0.01614583132241254,-0.0113830422827782,-0.006886714641266778,-0.007638307805074351,-0.0004890728990994964,-0.00908878834598803,-0.007377454114619542,-0.007611774140411032
2018-05-16,-0.0015512935679184991,-0.003837706613994518,0.004204973324441141,0.002742723572326744,0.0028121091880890514,0.009332805002366884,0.0017582343515916143,-0.004074605526331765
2018-05-17,0.0005724073456552237,-0.005051606242009621,-0.0008451038473017425,-0.0033526461067648894,-0.0017069243864066275,-0.006323850998293801,-0.011966524650216526,0.018050365942882562
2018-05-18,0.0004086552101045804,0.00860538943769229,-0.002499970087677439,-0.01620071003424428,-0.0070834254316524126,-0.0036362679216959126,0.003148871952141974,-0.0028368848732909235
2018-05-21,0.0005718461950008358,0.0005116380778320551,0.007518579199654596,0.009178774004696466,0.012053950383209111,0.007084781883647473,-0.004185162628828953,0.005452822016066117
2018-05-22,-0.0005715193738216051,-0.0015348702011844795,-0.002780101864664819,0.007668076512467481,-0.007778189121941614,-0.0025049594400211594,-0.0065472109302843196,-0.0037728569467682105
2018-05-23,0.001061982268841355,0.007259401093020257,0.0027514015624443555,-0.004601397508952498,0.006247081299513457,0.006411862304259941,0.004393416985830623,0.003550332352722174
2018-05-24,0.00856859323093273,0.007970361981339158,-0.002048500580156265,-0.011201009038227405,-0.022885050936833795,-0.0011148261477186283,-0.009720373890632183,-0.0018865257487167275
2018-05-25,-0.003074660285441455,0.006224346567043071,-0.002383072664202901,-0.005124539288534513,-0.019434393905726877,0.002285405783653882,0.000988728402140815,0.0018900914549138115
2018-05-29,-0.00016229724222882602,0.021902853305059145,-0.011500969996578903,-0.042743417772954095,-0.0036845608377990002,-0.0036060369051715835,-0.017041146142935948,0.006603941724455442
2018-05-30,0.001461160009810225,-0.006708189492493077,0.013344769721705063,0.022845149027917566,0.03927589152374811,-0.0021287837481073213,0.013148801168243907,0.010543455972647386
2018-05-31,-0.002188573125150861,-0.0016470693558834348,-0.006125769158253691,-0.012367144998194246,-0.0031904383638717837,-0.003359818709673834,-0.011159633307459726,-0.0030139308377027385
2018-06-01,-0.004955325896935814,-0.005283920433391653,0.009817719662971403,0.012989327948773166,0.007262754469918864,0.01803376378175403,0.013710117269657651,0.0027905883332230985
2018-06-04,-0.0009796319640802409,-0.007231778964144064,0.004751197100460125,0.0004610653079706317,-0.010509860166274088,0.008358056986001783,0.005690350058793703,0.008580730817611126
2018-06-05,0.003922495029546447,0.0023447395335101096,0.0007276034904817319,-0.005624812885666519,-0.00358124727473097,0.007714947501896496,-0.00385424679770352,-0.008737563008119231
2018-06-06,0.0005697980927446,-0.008103033081927502,0.008360915889805254,0.023368074689584573,0.017104243052099566,0.0034657924169489984,0.010784028117129862,0.00811888507548697
2018-06-07,-0.00048810250152542256,0.009685070940333995,-0.00010821304565067358,0.003987009180797418,0.009992570628953423,-0.0026804451199832213,0.004397563954107175,-0.000460326038445924
2018-06-08,0.0012209142530825723,-0.0030029255628736262,0.002956333370198738,0.0027978388501606055,0.008687437148038102,-0.009097669582589618,0.0059189722603667505,0.011740154683736348
2018-06-11,0.0017884823744613865,-0.0018402187634791733,0.0013298419330090017,-0.002520123712044242,-0.005980710778315745,-0.0024515229432799934,-0.011284646404214116,0.004095739075512306
2018-06-12,-0.0033271415316106223,0.000250975912043927,0.0012925900144236113,-0.005774356866865893,-0.008182770789069593,0.005490727238368853,-0.0009784014866428548,0.006344715897151909
2018-06-13,0.003012561044629436,-0.0005023101099916882,-0.0031912117791316197,-0.0019966662248854794,-0.011041092994038437,-0.008217428759535572,0.0007342674579697839,-0.0051791254926872865
2018-06-14,0.0015422908372948463,0.00829962998993583,0.002517818436131858,-0.017641182685303014,0.004661819378928289,0.0005247639602199428,-0.0017936711128184735,-0.0047954417095814605
2018-06-15,-0.01653429211330948,0.0009147683068777557,-0.0012754049201001427,-0.0012033344992833372,-0.015020137632617003,-0.010272970035155371,0.0016334553541632602,0.012391065193261941
2018-06-18,-0.0018954650937899054,-0.0009139322706019914,-0.002056810864817127,0.002595096633203564,0.0019836527615468835,-0.0005291610884842202,-0.010521002900323095,-0.012919139731358276
2018-06-19,-0.0025596363391254817,0.005820146284449379,-0.0038331393218486998,-0.005823986137973636,-0.0014848111531374775,-0.016159967430613542,0.01030329211488512,0.001147754510114618
2018-06-20,-0.004470206141434896,-0.008762345647804093,0.0017060927585734742,-9.262279389343764e-05,-0.003097984654872654,0.004362122616014652,-0.004324039622114917,-0.007797951387736202
2018-06-21,-0.001746208886931444,0.00525360045969725,-0.0062690619488434685,-0.000279401042878602,-0.009446488571606682,-0.005576333877554185,-0.00483446528325715,-0.003930125593241907
2018-06-22,0.0024156041546103957,-8.261857743452339e-05,0.0018237193618917402,-0.016370454551701608,0.021206877664672552,-0.0029117461729754046,0.011445065315775382,0.003713563009673404
2018-06-25,-0.0037393797734436296,0.002240395016553487,-0.013613225710213062,-0.009078022751170867,-0.020152669829006986,-0.01487117248084091,-0.0020351756478405036,0.007629956356144829
2018-06-26,-0.0052547940330738285,0.001406833871935298,0.0022141188231896702,0.000668165346225269,0.011287086115626899,0.012406042602167489,-0.0019577654096033514,-0.005736388894045152
2018-06-27,-0.005701830395735241,0.00942397022036534,-0.00828409485768311,-0.015449085933779139,0.013268615539383743,-0.0014642670127767987,-0.00604818079492464,-0.006000943604716258
2018-06-28,-0.003035930214138949,0.00024537877854546863,0.005717456051019809,0.016369425063694543,0.0031825071085263,0.00727633336659439,0.0032069668195691126,0.009287652813202207
2018-06-29,0.003637288959023266,-0.003438087496014819,0.0014393541330948167,-0.006957090522576759,0.009271247862044918,-0.0021023000665680858,-0.005409891468424188,0.008971472830709537
2018-07-02,-0.010029518972628937,-0.0007825686434952406,0.0021381398704067855,0.008445511552347629,-0.01172475868005951,0.011182535603694532,0.001977855265401729,-0.0025079470544511206
2018-07-03,0.01013112932642235,0.005356676630520196,-0.003531408815057202,-0.013989570372047622,0.005870760027063104,-0.017416504039626246,0.00929424461062145,0.005485753570713348
2018-07-05,0.003371272825408722,0.002868468920351308,0.00815822647305886,0.006502068911202752,0.0008511126738868224,0.00804692873909918,0.018661989411052238,0.015230755033833976
2018-07-06,-0.0015959885471286128,0.003269154039730049,0.008458272028246228,0.0032776116799835275,0.00024304410686393219,0.013861951080726964,0.006000023745289518,-0.00044804035811363274
2018-07-09,0.0024398528860691826,-0.006434959181246702,0.009004311992796499,0.030944112124345002,0.0069238795914188245,0.013885430427240664,0.0023857104004036955,-0.005376165075024697
2018-07-10,-0.001846422307055895,-8.265397257134488e-05,0.0035983461114941218,-0.0061522787531803624,0.009166909112115817,-0.0012066717632776003,0.010551162204467612,0.012837888266929998
2018-07-11,-0.010846724226159843,0.0038536167766289875,-0.0073143116039980915,-0.0021572991184152235,-0.012789707950291218,-0.012976080582345006,-0.008949394460082138,-0.004002723893867799
2018-07-12,0.004165231777556677,-8.116602770025239e-05,0.009066041257017599,0.004323837122724772,0.0012107699458392407,0.016765541033070264,0.012040505231732501,-0.0026792429879178847
2018-07-13,-0.004401901762097538,0.0025323658143645567,0.000787405169311084,-0.004585794852473901,0.007497959936536125,0.0015703857238216212,-0.014323693384902358,0.0015673540027256738
2018-07-16,-0.0005101399394813466,-0.004155970176368373,-0.0008940409801656557,0.039676608943690406,-0.009842901890516287,-0.0021950420988596786,-0.00984679093156049,-0.00022372848642016052
2018-07-17,-0.010803949293831439,-0.0018819780978449607,0.004045108278599718,-0.0007232995216243099,-0.0021819619008313085,0.002828708332312191,0.03544792033363908,0.01162548099042593
2018-07-18,0.00025798744076199753,-0.004016847630163856,0.002103719723773212,0.009320895062644663,-0.0010931675270772212,-0.005484840704692684,-0.010146356257718092,-0.002872889810955348
2018-07-19,-0.004298856594405098,0.006337488297454064,-0.003771338793999379,-0.014704488449995168,-0.0025542243633923656,0.007773574675993267,-0.014553842360879754,-0.00022141222549743045
2018-07-20,0.006476124823511453,-0.012268493956064441,-0.0011429969157549236,0.012648958969633695,-0.007438428862713509,-0.0022932087338024543,-0.000714746553908685,0.0037681903417394746
2018-07-23,-0.004804371742649138,-0.012338358990535259,0.0018592334956826218,0.018601953285183326,0.0,0.0008880835442965918,0.0061977668868906655,-0.0072883198862109255
2018-07-24,0.0003448354786839136,0.0034373680410579865,0.005031809779150631,0.007057492698474999,0.019779281993352882,0.0072541755743360525,0.02155890719000375,0.006896896407458053
2018-07-25,0.005515334234738045,-0.0015875776465342772,0.008522675462329765,0.009023440179923847,0.006986998536264499,0.009430158033624236,-0.005720430847687141,0.018338461207163537
2018-07-26,-0.0077991400388178755,-0.0019250593232237323,-0.0023589399540130396,-0.002865234696866281,0.0077761474403614805,-0.0031311951487169587,0.012906318484357193,0.0032544590476866198
2018-07-27,0.0005183138095206097,0.0016776137274248093,-0.006776714810600715,0.010274083991313354,-0.027540505597637654,-0.016631504655899243,0.00974810251736824,-0.0006486749904331957
2018-07-30,-0.0015540041641224356,-0.0034323830040370318,-0.005223113586629635,0.0060330729376480985,-0.002197276923710967,-0.005602697541735813,0.0047131336484678155,0.00043269554242386654
2018-07-31,0.002939873181190933,0.005459600233633566,0.004929493359336901,-0.015248855271841166,-0.0028136287095456014,0.0020008804897189147,0.002648215722190317,0.008652487039242374
2018-08-01,-0.007328204929526794,-0.008146818875918949,-0.0016708594876700955,0.006176771567913297,-0.01374056483895214,0.05891023342708834,0.0009053174749029669,-0.005146937332440316
2018-08-02,-0.005384772884042377,0.001435394228345599,0.0054476810246812946,0.004236405527951792,-0.005970671995011556,0.02923074772194334,-0.010479589394493671,-0.0045267777624405925
2018-08-03,0.003492853105171223,0.004973518750573724,0.004284658121436635,0.008092924641618371,0.003628545202760014,0.0028932448770613295,0.005333412967524431,0.009527807483583839
2018-08-06,-0.005133974480431958,0.0005872577612002772,0.0036673739417310003,0.0002566833834756199,-0.00024937029063254457,0.005192287363599446,0.0005306416344166287,0.0006434921680227301
2018-08-07,0.0022740706959853974,-0.005197741566138614,0.003302435403066628,0.0036710066327936275,0.013594581789397653,-0.009374629498971498,-0.004241944848159651,-0.0032153917606996263
2018-08-08,0.002792628802213759,0.0010115783709032655,-0.00042026401559969173,0.0020415598414080804,-0.006644417332970387,0.0006759587873861328,-0.0022060291085264083,-0.007526887129495674
2018-08-09,-0.0014794690881723138,0.008417803286696612,-0.0013662511926775256,-0.007725330870294034,-0.005078629709212468,0.007864792071962112,0.00022903957859021773,0.004333848463137446
2018-08-10,-0.0004357279352805721,0.007262731972477177,-0.0066999207179373466,-0.00983906322169803,-0.0010064646890588502,-0.0029785630735224,-0.003430093810763535,-0.005825585494578123
2018-08-13,-0.015084168803792819,-0.0020725915619093094,-0.0037437342967511222,-0.015899030058399766,-0.010828591643114782,0.006456844173194476,-0.004053518286670776,-0.005425065137690477
2018-08-14,0.0009738014451408095,-0.002241968033063313,0.006380688792798406,0.006673223815353291,-0.003181890137723742,0.004213298934432563,-0.00552901516581672,0.0013090623887161978
2018-08-15,-0.016626844065553148,0.005826412880183263,-0.007467165161622602,-0.008286378593798993,-0.017494944026977932,0.002335721102931343,0.007181283044150222,0.004140174871335667
2018-08-16,-0.0008094609704911715,-8.22025653707259e-05,0.00809147620082995,0.009410543921833714,0.013776738215479645,0.014650225745223455,0.015717393405286773,0.003038472191332575
2018-08-17,0.00927091623261167,0.001241233815932219,0.0035203737139037905,0.0,0.0033335345968943386,0.01996986833278247,0.015021132848197283,0.008221545326201785
2018-08-20,0.0049942495470025605,0.006695320250199366,0.0021396746686062063,-0.0013067168866266465,0.0070279599080174115,-0.009743503842611467,0.017922171896018524,0.0027896625204824055
2018-08-21,0.002928336094692563,-0.0033662155653341186,0.0023454737147434734,0.006107121412611161,0.00025371626055714636,-0.0019494391824246282,-0.011177545078189688,-0.010913719638386277
2018-08-22,0.002211997942183075,0.003954313574009438,-0.0005940546147452652,-0.0030349843297302614,0.014334556436691459,4.6516597121959435e-05,-0.005467479399077657,-0.0062744676297145086
2018-08-23,-0.009446452957846962,0.0015596331502378824,-0.001327871928803015,-0.0020876206937926467,-0.01100539565170966,0.002046259954463947,0.0037143075826335803,-0.005007554408719028
2018-08-24,0.017468866017628537,0.001966263292938475,0.006018917891310371,-0.0004357516323125754,0.00682872816510538,0.003109204519666786,0.006217291518581858,-0.0015317084115147317
2018-08-27,0.00376657902932398,-0.005724366387674706,0.007894907995042777,0.017701642829323072,0.00979644136562885,0.008234737142464477,-0.0009624600012986262,0.0013145865817971725
2018-08-28,-0.007941321771505638,-0.006003829278524941,0.00048316212123156177,-0.004884006768607341,-0.0014925958329042865,0.008075388752775359,-0.004447173053175546,-0.007003417021582026
2018-08-29,0.00457421394854407,0.0013239081565690203,0.005380815861939947,-0.0032718488505264487,0.0072247951348143324,0.014929561143515402,0.00402027155143414,-0.0008818430239933006
2018-08-30,-0.004903656511020427,0.00214787250495041,-0.004047922310543073,-0.004924415847568753,-0.004328471398286182,0.00919351856977002,0.0006671170173699892,-0.008383075300072429
2018-08-31,-0.0011439392301668683,-0.0023083426529828532,3.419531652393282e-05,-0.005295138996060933,-0.004223176212400204,0.011554315182578101,-0.0019261366342012698,-0.008453294873653205
2018-09-04,-0.005109698001402596,-0.005781514368324525,-0.0017222927080741135,0.004974385011905502,0.0014967431739925097,0.0032068335713266727,-0.0072019575684754145,0.00426279047620004
2018-09-05,0.0034534613352918964,-0.00266571173092478,-0.0026913692074727047,-0.004863226939831877,0.013326575550181685,-0.0065248578900166665,0.016003556251603435,0.013851795898343067
2018-09-06,0.0019414156485668688,0.0036753702881022754,-0.0030100082775227355,-0.004275964174899838,-0.011061785460935614,-0.016617474376012575,0.007434313547636018,0.008593764178459917
2018-09-07,-0.0027302937827557994,-0.00848949399042398,-0.0019437522360628012,0.0019281260358254837,0.017027192380467016,-0.008068178596822073,0.003287773648277037,-0.0010925107805717094
2018-09-10,-0.000706542689065337,0.003693345665900072,0.0017385220213790298,-0.005336015108038494,-0.0014664462779334642,-0.013420542607401331,-0.0008009954117738083,0.007436900079365705
2018-09-11,0.0006186451072049959,-0.007610817097323586,0.0032976505600670336,0.0063317604335138,0.014074021723075925,0.025282911509329598,0.009474461484378471,-0.0008683151005148826
2018-09-12,0.008390716640166218,0.0023602146259456003,0.00024237002467697444,-0.01179738387175533,0.0032586039189645977,-0.012419132141869627,0.0061363518979276055,0.004780254125857475
2018-09-13,-0.003591101333891067,0.001513334718914905,0.005914601154116905,0.0038911200731119866,-0.009743669463760485,0.024155161932313707,0.00380340349922359,-0.0004363142908841988
2018-09-14,-0.006504970809317556,-0.004784757778162785,0.00017185018172294342,-0.00017622530246219625,0.0072885866506642305,-0.011351062386413147,-0.002859697231894831,0.003491299901638767
2018-09-17,0.005220350246058381,0.0,-0.0052944460928694426,0.00299560637159213,0.005908987494533058,-0.026626242907696773,0.003369650382767153,0.007175589169729157
2018-09-18,-0.0014963310274803687,-0.010460097586798667,0.005426267566573051,0.0040406227669389505,0.0026379369469995417,0.0016521770424107185,0.004144085673876585,-0.008419815060547675
2018-09-19,0.0038786565809445506,-0.005967173045653418,0.0010655336993252718,0.029046476087081885,0.011957059146765259,0.0005957750316811783,-0.0005692807857446969,0.0006529106548684993
2018-09-20,0.0034246522572405347,0.004630801351124703,0.008103544901433946,0.008586906650046355,0.0022455707686703796,0.007601859980995718,0.01082148674588379,0.014795609659422171
2018-09-21,-0.006825928084458588,-0.0004270887969870518,-0.0009135458741269531,-0.006574903444817037,0.004126323154678646,-0.010771185056197896,0.006339088413832794,-0.0012864609952216721
2018-09-24,-0.0001761974045536574,-0.0025614218803908795,-0.0033217855640348404,-0.009588328503087218,0.016789812016270833,0.01437998685343067,-0.0168674448571553,-0.010948952056735739
2018-09-25,0.0015863250483771907,-0.0010276748992594786,-0.0009278044566920496,-0.0028275927892730257,-0.0011550918760080409,0.00634097022631841,-0.013027594816922283,-0.008465088471905857
2018-09-26,-0.005279352979018492,0.00702804321904682,-0.0029920537623190357,-0.011770839315526915,-0.00832340368289064,-0.007966091159960276,-0.0034623589288458323,0.003721520939624412
2018-09-27,-0.008845643281780058,0.0006807365241889851,0.0027942407343859443,-0.004346942294763512,-0.00011680248869350152,0.020551468115195926,0.000434623470994433,0.003489354670153766
2018-09-28,0.006336448595585686,-0.0026363951902933502,0.00010304901131386046,-0.014669775037729371,-0.008744314827358934,0.003511987822259144,-0.0003618237640680144,0.003912333565400106
2018-10-01,-0.001685016298392017,-0.007341590470999693,0.0034740344429140535,0.005848883359094836,0.009291948500072644,0.006733452055395661,0.011000564750602404,0.000865996054999929
2018-10-02,0.011548397044346848,0.00611287672637828,-0.0005830390105674432,0.0041409385977124735,0.007575205263941509,0.008888686323636596,0.0056556028881609155,0.006056518235770358
2018-10-03,-0.003951915050342092,-0.017371184347547364,0.0005492496393157964,0.009388332911424602,-0.003585644688408496,0.012168288087101908,-0.010321999676287441,-0.01376039892128511
2018-10-04,0.0005290529796948551,-0.007053804492483051,-0.007815953347760196,0.009016266036220522,-0.006616658348404969,-0.01758090584288452,0.0023017876562652084,-0.00043580806368170855
2018-10-05,0.002819877382429281,-0.008594985142449718,-0.005596682499008465,-0.005638965399567097,-0.002804315100767729,-0.016228651381103076,-0.0017939066311339902,0.0006542605875234919
2018-10-08,-0.011072074713894264,-0.0033619769309306546,0.0,0.006107037398098258,0.009257360241003543,-0.0023184582321091884,0.002085057293216508,0.013077498777749996
2018-10-09,0.0005331220730910857,0.010119021847940335,-0.0014594562470409134,-0.006937187789197163,0.00441185758056406,0.013853527983342051,-0.001363077646950317,-0.0019360741037225404
2018-10-10,0.00248666770063255,-0.002723859496023273,-0.03166319307372367,-0.02663284159993229,-0.023003119805467653,-0.046326066945511446,-0.010560636215295682,-0.015305103669906006
2018-10-11,0.02569101343410174,0.012159807158873548,-0.0220266457196151,-0.02996320512633177,-0.03454785985018949,-0.008828151594341693,-0.02824355424583047,-0.022767275199497394
2018-10-12,-0.004750349180877911,-0.003482172200707234,0.013888435378952346,-0.010913152606682575,-0.0026964490668781593,0.035719288721356435,0.0002239728950430564,0.0008960653982690303
2018-10-15,0.006682258271583086,-0.00043761596030766903,-0.005616801487020595,-0.005703060213005373,-0.006881038116927418,-0.021385599995118576,0.0005977155927034961,0.005147925532012598
2018-10-16,-0.0017241116227776354,0.0022726283018892346,0.02186589750680601,0.021440415945485958,0.004701589716032739,0.022037241240891348,0.019484950931867306,0.012914616383849387
2018-10-17,-8.637423114732368e-05,-0.005929045556258061,0.00017792873574751233,0.011139650907619592,0.0036945939918682225,-0.004321507240398259,0.021235967714879456,0.008133674779627675
2018-10-18,0.001122698440194414,-0.0003510002628315245,-0.014440924159439095,-0.015842462455954553,0.004294614879886582,-0.023373557214616203,0.0002868447236257232,-0.005451369311857968
2018-10-19,0.0007764317521294917,-0.0021935167959242774,-0.0005421939557198607,-0.0016656176347462637,0.001466220253961703,0.015230123710539445,-0.0032258575877837092,0.015785833654874848
2018-10-22,-0.002586010225269497,-0.0013196077340095203,-0.004488894862019754,-0.01436346160960389,-0.010003656391062155,0.006110021885141315,-0.0026607124992388265,-0.007770100398345581
2018-10-23,0.005876763551604158,0.00317023469369504,-0.005090877376569991,-0.01043642911014564,-0.01614314506349368,0.009426821414219244,0.001802641152430784,0.008484131028544173
2018-10-24,0.0023198236435848507,0.007549125749803487,-0.030298623896269805,-0.018622062884662838,-0.027805623606833807,-0.03430180757713386,-0.010508922094720874,0.00798082492392993
2018-10-25,-0.002228717024418514,-0.004182050596924336,0.017940523083120663,0.015199609210462484,0.008889916464725367,0.021897846902370066,0.007274307154828463,-0.004708350696796204
2018-10-26,0.0031786521678458524,0.006036944540598332,-0.017587425920774558,-0.013732608086656106,-0.009960732921030058,-0.015923604982555628,-0.010832728879915154,-0.012685299574853648
2018-10-29,-0.003939360261169922,-0.0022613616780795542,-0.0055399736544595735,0.01382722703029704,-0.006191116154215748,-0.018769979787678914,0.004234618640422072,0.011759687064975655
2018-10-30,-0.0043847864976442885,-0.004967934558244735,0.014818175215557172,0.01764410240781067,0.022452535951636765,0.004994058926961253,0.023264573027314217,0.02518322771157666
2018-10-31,-0.005613139108367471,-0.00508061609880428,0.010680856636725355,0.021743191371514925,0.0114247411920958,0.026066718867523653,-0.005400163909087818,0.0052483812427055465
2018-11-01,0.012852763420992508,0.0009263798231229359,0.01064196330745304,-0.0003666056376951943,0.012424608477102028,0.015352203618204108,0.005929038666475206,-0.0029238010281291693
2018-11-02,0.00017151910256396619,-0.012432294461055093,-0.005923086935317179,-0.005505939331945542,0.015867199407265664,-0.06633070044760225,-0.0009940257789029516,0.00544611347746593
2018-11-05,-0.0024003324100664303,0.003928256521170237,0.005517176450514638,0.006551171274227663,-0.003782909528129985,-0.028388271409769072,0.010804697770621319,0.014374875673377252
2018-11-06,-0.002835798085983887,-0.0006219425287502522,0.006327693202768936,0.004674954835898859,0.004286918266277473,0.010814234039574933,0.0026020381003559745,0.008626177949158764
2018-11-07,-8.619558903444346e-05,0.0013341444633385713,0.02140869856412486,0.017153541727318977,0.012684446786918935,0.03032800202437924,0.015290460078625445,0.005294185654652006
2018-11-08,-0.0021546152083956605,-8.860442945979319e-05,-0.0018143774300678484,0.008073149712461314,-0.01589758444240441,-0.0034889489719887035,0.0037998602717956853,-0.0008101179295628702
2018-11-09,-0.011228151978489587,0.007465775093398408,-0.009768827754125575,-0.009699169090272242,-0.00024722611766603286,-0.019281466253886936,0.00027538066303511854,0.007094891306030027
2018-11-12,-0.007162820324765118,0.006528625901293106,-0.018685168426742504,-0.02102627817355629,-0.012860062420174567,-0.050374165038352015,0.00192615860979517,0.003824559505986924
2018-11-13,0.0003518677181439944,-0.000613532007199491,-0.0018705588154409591,0.005874297330736189,-0.022924037292822996,-0.009991298342164057,-0.006455084704734437,-0.00020047468607398145
2018-11-14,0.008267391966898074,0.0006139086598118126,-0.006836948517715324,-0.020622448450966613,-0.007820328709642999,-0.028247430819989927,-0.002971755002393439,-0.0020059241536217742
2018-11-15,0.0011339606953078007,-0.00043801060723480667,0.010436599027652038,0.025528998430923933,0.010337111913906849,0.02467885998047281,0.0017331657230070796,-0.0004015444945287827
2018-11-16,0.00740616997802257,0.005787229451887033,0.00260050248019561,-0.0007269009640633595,0.009847841436677163,0.011075784299182656,0.010311350935758412,0.008644786475639377
2018-11-19,0.0004324115306661991,0.0027898371392616195,-0.016914359436625115,0.007636984999779051,0.003293039873875303,-0.039632130487456285,0.011918491443864587,0.006776826088367827
2018-11-20,0.0,0.00034795607060811307,-0.01850617597217208,-0.02147433896178419,-0.02840222037113216,-0.047777869183798116,-0.00866479949673149,-0.022371866315250677
2018-11-21,0.0016426250921930396,-0.00034783503929469717,0.0034072740956292424,-0.007468836872619122,0.007665440092399223,-0.0011301052778458498,-0.030453519199234225,-0.013162805562682678
2018-11-23,-0.0007768338236752159,0.0010430403363292928,-0.0066783775534215994,-0.009197358787960463,-0.02668899445449302,-0.025398749147824362,0.001690068701595715,0.005951260666526181
2018-11-26,-0.0011228924348919422,-0.0022577451824433714,0.016144092255456544,0.024472433409725713,0.01973756237743607,0.013523744379376312,0.0002830522279198,-0.0030604453481765104
2018-11-27,-0.005966814640678719,0.0011315928420869703,0.0033645426373154486,0.004210280135851896,0.0009096590746313638,-0.002176311525317498,0.013086132598615574,0.010231417142636756
2018-11-28,0.0037407596049729985,-0.004868993055342941,0.023025308394298838,0.011119186857223795,0.01816956079957799,0.038453042242604374,0.022483047723006244,0.006886932221307651
2018-11-29,0.0031201301691909933,0.003931442001309016,-0.002184963137299434,-0.007932358877880352,0.007775948850942127,-0.00768233460228962,-0.0040292051161214815,-0.006893581902901569
2018-11-30,-0.0017279847238080848,0.0037427567066425915,0.006095211973885073,0.010267364491353792,0.005565412383855106,-0.0054025579008267766,0.007199342139403875,0.02899110632842361
2018-12-03,0.007529883500850154,0.0071006729130396185,0.013241004391863376,0.00944309931461329,0.021635140598956548,0.03494275271511915,-0.004696876473267331,-0.014087293754723507
2018-12-04,0.006099124320393612,0.01674147603599696,-0.03240210677270938,-0.04463627073847087,-0.022039079120456218,-0.0439891922550294,-0.0012315429129281519,-0.0022138882751525646
2018-12-06,0.0001707363609755319,0.0031400891977884093,-0.0015170130384019043,-0.019024357007113135,-0.013093074061888865,-0.011149627690589692,-0.0008214408009914465,-0.0040337958525664686
2018-12-07,0.00810992789134457,0.001861694004092973,-0.023235975381913465,-0.01806261386303798,-0.009567536271152588,-0.035656668309522965,-0.0032899447295207107,-0.005872770902419666
2018-12-10,-0.003471894702593792,0.004138003740538521,0.00189706816915014,-0.0186857413866921,-0.014167934203103916,0.006588031293077057,-0.0011689931162163214,0.0030556421218821406
2018-12-11,-0.001189661703648759,-0.0001684303782883978,0.00022700403338227204,-0.00976664876708877,0.0018290071029367638,-0.005719321898418284,0.008536577797476408,0.006092861961693563
2018-12-12,0.0021269354947484054,-0.004458243286882824,0.005035500790468994,0.006475603849847911,-0.00860715909230525,0.0027868695065276228,0.004095885474429517,-0.006459707634116407
2018-12-13,-0.002207336227265433,-0.0023660139732492036,-0.00033898164871615233,0.0009898871392588493,0.012628126621925695,0.01094022353364088,0.005030170746578522,0.005079415791209074
2018-12-14,-0.003998989411934772,0.003472992760166438,-0.018465021879003896,-0.008208003499399985,-0.018186297510946914,-0.03199769166389144,-0.10037861404532544,-0.0026277578252961176
2018-12-17,0.0069195729103175285,0.005823427762305489,-0.019618020334660313,-0.012762801103870736,-0.020375828870233592,-0.009306154951210566,-0.02902275021155243,-0.0204702529293882
2018-12-18,0.0023754880187696337,0.005988612062763243,-0.0010966049722792581,-0.004747136821591225,-0.027552617049298345,0.012992951976211309,0.009911787361227775,-0.00020722362305669595
2018-12-19,-0.006093958623821227,0.013210534256970385,-0.014975586835387356,-0.012685142950068728,-0.016944339040228185,-0.031192115202998916,-0.02154579293726666,-0.00869200008572446
2018-12-20,0.015413416962360094,-0.0036304334785126624,-0.016278160187431556,-0.00863389932662606,-0.030376055324425333,-0.02523429972497404,0.005171981654230606,-0.007515711571469463
2018-12-21,-0.004360924625816276,-0.00016554961884751584,-0.020489426204997607,-0.023639314685955037,-0.007431157262137611,-0.03889555758333074,-0.0014033492526978053,0.0006309932763970405
2018-12-24,0.010950096100037499,0.004970294271757325,-0.026423013979600674,-0.021556581377024542,-0.03831467993503057,-0.02587432167571102,-0.040986720522780296,-0.033844740101884985
2018-12-26,-0.002999441684935489,-0.010716153374901283,0.050524897129945234,0.041458668600516946,0.04777889166548244,0.07042140475551739,0.03150454181470019,0.021322793009246555
2018-12-27,0.007604847107346435,0.00016709560593031192,0.00767742283257089,0.011254427212978646,0.004370765228993934,-0.0064897807077709535,0.005524501971082785,0.012569450537082139
2018-12-28,0.00406401148718416,0.008414021526940152,-0.0012901167485867004,-0.002164011586931469,-0.0111690926192477,0.0005124464142394203,-0.0010990657572546025,-0.006943192010351429
2018-12-31,0.0015694898830167503,0.003800003648579686,0.008758900760777344,0.008158895734154736,0.00029327808973955705,0.009665220847296485,0.01398608054689121,0.0031782007727019224
2019-01-02,0.0006598089159148834,0.005266825093655614,0.0010403284060773732,0.017312041695962455,0.021997257574482676,0.0011411528395655068,-0.01007376517624703,-0.008870262825339759
2019-01-03,0.009066170423806641,0.011379522167299205,-0.023862734003634034,-0.014211849803486776,-0.01535349829902699,-0.09960704830942813,-0.015890148910375435,-0.00617936114422124
2019-01-04,-0.008086235900529481,-0.01157508063791024,0.03349566791159053,0.03686522665020697,0.036869527882733566,0.04268882447828193,0.01678326682311626,0.01993979063538487
2019-01-07,0.003458482876331992,-0.002948168078800162,0.007884820300017914,0.0006952774835184972,0.005200319859958613,-0.002225670206079444,-0.00641471353291434,-0.01303317786306879
2019-01-08,-0.00270804061547536,-0.0026283772417281526,0.009395058893958419,-0.0018857513664861658,0.0072709092528435715,0.019063102925692244,0.0232264890438576,0.011288619101160302
2019-01-09,0.006418158373500793,-0.0015647604214269473,0.004673668888534932,-0.0016902141420804817,0.0052747226291982585,0.016981737169631028,-0.007925540312881396,-0.019166062761628244
2019-01-10,-0.005886691481276629,-0.0064336396647409755,0.0035275594757862017,-9.981156729554908e-05,-0.005109123314115949,0.003196025334132102,0.006049709572279349,0.010736493474326148
2019-01-11,0.001727170986037141,0.0039017809591106456,0.0003863638085694898,-0.004781107105432336,-0.004580094031264359,-0.009817720338655245,0.00030833694893828145,0.00573625510003084
2019-01-14,0.002380897199235621,-0.003721091572443491,-0.006100991821985091,0.010309324607295167,-0.0012546875390667678,-0.015037341563211681,-0.011329174709254652,-0.0040133083569559025
2019-01-15,-0.0017200351443330542,-0.0036519970305104454,0.011460683300557939,0.007330905642982888,0.0005581484745187382,0.020466644379459664,0.008418704568943003,0.008907276714610779
2019-01-16,0.003199863787636481,0.0009997216854413793,0.0024198115973410594,0.008064433908427926,-0.000418545884661059,0.012216793679853177,-0.010204029780905843,-0.013663974802791579
2019-01-17,-0.001308546962521917,0.0002496413722243851,0.007586866328726183,0.004097452864030293,0.006839634959449281,0.0059376503648396195,0.008200603565595932,0.0029838179832204492
2019-01-18,-0.008926410300850951,-0.005241712397857756,0.013309936047519733,0.016226559496250514,0.011923060140044406,0.006159663749389033,0.012394459883607656,0.011687152964264591
2019-01-22,0.0035531343340227117,0.006774697817180764,-0.013510353514387674,-0.01577619371332839,-0.015070681887467852,-0.02244638073896721,-0.014461703459704656,0.002310710217886758
2019-01-23,-0.0013997379433263735,-0.00041557935998859374,0.002092306917623299,-0.0025255340959804418,-0.008206808598340998,0.004044480051381472,0.0,0.011525509209677542
2019-01-24,-0.0015666428373899421,0.006565858982672257,0.0005314387082548944,0.0005842982045562994,0.0014023927162065686,-0.007926121333447056,-0.013742148257807174,-0.01201593384278965
2019-01-25,0.01461726258147622,-0.004788542681887553,0.008461677260887202,0.006326625039428935,0.00448189683428124,0.03313660404980001,0.009446591400769089,-0.006709894042664422
2019-01-28,0.0034999210730881636,-0.0009960503971461199,-0.007600403929293842,0.004739211057081194,-0.006692736642122998,-0.009254335393249047,0.0059268233722125085,-0.00422208894269549
2019-01-29,0.005596580714432919,0.005066448183451477,-0.0013270599823868023,0.0027919045735755876,0.0037899502001748075,-0.010364789956187281,0.010388363134647971,0.004875933243601249
2019-01-30,0.005726722578225596,-0.0007439935443288581,0.015830618238636962,0.0023037626120379073,0.010907514617882308,0.06833461441116429,0.010051636178396883,0.009704750047816013
2019-01-31,0.0004811737703025454,0.008599993667427697,0.008782557937848212,-0.008715767964626364,0.013694888256154059,0.007201233596533241,0.010938670341852141,0.005641168398518248
2019-02-01,-0.002004008016032066,-0.006039788614003561,0.0004815094981538426,0.0036715687088393345,0.03602610637598036,0.00048076481887271427,0.008416008770165684,0.011843103457893411
2019-02-04,-0.004337356751223598,-0.0044644727814679985,0.0070354344854968165,0.0035620293425988603,-0.014488987171147438,0.028404790005669422,-0.009836154360896021,0.01129348278821829
2019-02-05,0.002581475453272253,0.004567654744165761,0.004192296605596502,-0.004412544760386439,0.010291546111423466,0.0171096323525477,0.0,0.0002030606872076568
2019-02-06,-0.006758902044908699,0.0004958377535697611,-0.0013186487588259244,-0.0004819477455625387,-0.00436581341210851,0.00034438932922919996,0.0009032971051032845,0.0
2019-02-07,0.002430293392984062,0.0066099771276040276,-0.009532723442827185,-0.013109429862506627,-0.007706534747152327,-0.018939598058574925,-0.007143177390081967,0.0032482140662122294
2019-02-08,0.0037982966608791635,0.0042685048101305245,0.001221653910271181,-0.009963087916875613,0.0016246960101089503,0.0011752098165713765,0.002650761858470352,0.0016186061419529718
2019-02-11,-0.004911042708701019,-0.003922965287820657,0.0005544591519623943,-0.0047353526374070976,0.0016221322150820061,-0.00575068821028113,-0.0030211493219153285,0.0022221927358976323
2019-02-12,0.002103577179937588,-0.002543981961052544,0.01285938723355562,0.017049797841126813,0.017543853382056662,0.008617059222321366,0.016363614892114686,0.001008129103919897
2019-02-13,-0.003956062177901898,-0.003784164835715198,0.0032468540656211964,0.0047758842558756065,0.01127328930666116,-0.004154807153376572,0.0021618720414775527,0.002617511171944642
2019-02-14,0.005592889654295163,0.005697613483552688,-0.0022180408804554075,-0.006499288023521066,0.00026237614894575323,0.0036432746029453345,-0.001041447093915071,-0.08435388206511707
2019-02-15,0.005964900110646321,0.001560267233906787,0.010897527471810387,0.030560673393489113,0.018880227448702103,-0.002224763124494822,0.015411810958054106,-0.007677055537298694
2019-02-19,0.01522430969570121,0.002541378411338613,0.0017301681740682362,-0.00350558190854644,0.006691297253284434,0.002992316302130371,-0.005059389192263897,-0.009062912002929968
2019-02-20,-0.0017363346220006237,-0.002862184361511644,0.002015708220479917,0.004848930538619456,0.0038349493144340663,0.006435537526555679,0.0048642112985815,0.006022661041509503
2019-02-21,-0.01130613747012843,-0.008938767049446072,-0.003555973250249256,-0.002081882672303137,-0.009041195977498973,-0.005638372161411054,-0.006820499169932548,0.01685140701764931
2019-02-22,0.0035985360836492397,0.005957917498089493,0.00619981624845467,-0.004455898812728454,0.007710375757940202,0.011165492445983638,0.008713620091767016,-0.012647073797386943
2019-02-25,-0.0010358346885892544,-0.0029610432281043098,0.0013615485895093205,0.010476216821095896,0.0010199230642626844,0.007284246663141536,0.0036843838358702197,-0.007508857071675923
2019-02-26,0.001675034536747333,0.004949494358464257,-0.0007152415403206547,-0.007634468694866947,0.002038307282375751,0.0005740931111399838,-0.0006607477675705242,-0.005563062299000832
2019-02-27,-0.0070871108191714605,-0.01132896581925591,-0.00043014823748566133,-0.0012345384437915108,0.01029753643338327,0.003097662886266672,-0.0017633418178623073,0.005594183088031501
2019-02-28,-0.005613959130088775,-0.0034044514555311434,-0.001862273047117724,-0.0076075066534599944,-0.005536859536438898,-0.009836008243713779,0.005667313204826829,0.008900451620763139
2019-03-01,-0.017017506627186707,-0.009242809738522428,0.006243885886488165,0.0006705582851893599,0.01227389791414879,0.01051129778672677,0.012514872201983218,0.0008823941483890874
2019-03-04,-0.0026255308667166855,0.007837631030771286,-0.0036374779755303788,-0.0022977591013367826,0.003875106145535323,0.005029608456176282,0.000939274076669161,0.0059496681129611595
2019-03-05,0.0013162525939689473,0.002090146555657313,-0.0013602812525868035,-0.0007681019599103944,-0.001494408066085695,-0.0018197542890177054,0.0020941717798850235,-0.0010953711170907932
2019-03-06,-0.0009037184460104486,0.0036718795460986,-0.006057101553146094,-0.0037461307474984107,-0.011347959915538275,-0.005754136021825396,0.0023058536253179884,-0.0032891911302337373
2019-03-07,-0.0008222882461902392,0.006485284662840041,-0.008364992071195121,-0.007230764049804161,0.011100058856815531,-0.011574600256665013,-0.006111032118213955,-0.003740332981300387
2019-03-08,0.010945553273622899,0.00421239001239293,-0.002000426221715701,0.0003883745581467757,-0.014346414796421514,0.0023767560129559495,-0.0013020618059285116,-0.009717182512586686
2019-03-11,-0.004884390198699795,-0.002961166178947594,0.014501506480935067,0.013008307281752618,0.00974569973880235,0.03464224551493911,0.0036216063910226026,0.029883768061305105
2019-03-12,0.006053709964792153,0.007012872217262656,0.0037710381525486447,-0.002970411607275625,0.00275744015802748,0.011235202973790104,0.004474619049427142,-0.0028150713246218872
2019-03-13,0.006992949727453013,-0.001885036069878665,0.006619303855658121,0.0033637312713363787,0.008875129968722861,0.004422186664363448,0.0016523264410435168,0.0036917034119210435
2019-03-14,-0.011547098821608426,-0.00722295271314044,-0.0006401048418737121,0.009100350150418546,-0.00334558989200906,0.01111678781120573,-0.009970475545665769,-0.0026188746929450835
2019-03-15,0.004574769560006908,0.006614214510826999,0.004940785137240722,0.011486806556599172,-0.003605200797818231,0.0130082135308911,-0.0030428744525006213,-0.008752920014634458
2019-03-18,0.0005692420438265788,-0.0005749419555095558,0.0036257647649509117,0.006006523231309124,0.01160336570328302,0.010208444668196703,-0.003125042160442293,0.0024282972961913174
2019-03-19,0.002763299214570303,-0.0022188092925230496,0.0002477576399757542,-0.00363848957375823,-0.0025899539872794586,-0.0079245470659568,0.009258706377660575,0.003303569045629118
2019-03-20,0.006484057947534705,0.01046039982611724,-0.00300987952724463,-0.021348289060498238,0.005564471698251472,0.008738475270510637,-0.008307071977979974,-0.0006588720998439435
2019-03-21,-0.004026413261163153,0.002200876750901859,0.011294946042281317,-0.015786227300764177,0.005779697688869545,0.03683038904854019,0.00590033218798891,-0.00043967684795542805
2019-03-22,0.002344768069306058,0.015534860895881186,-0.01924623739580822,-0.030232331593027517,-0.01601682131623494,-0.020708462652325066,-0.00861738027721659,0.00922902504513834
2019-03-25,0.007663119616744485,0.001601904509985319,-0.0007522612687916874,-0.00831990698135976,-0.006958166145835887,-0.012090919032019198,-0.0021910254491053216,0.0021775833502002406
2019-03-26,-0.004963137418150021,-0.0007197644961355332,0.007454210341976575,0.01000683573716965,0.013013128587985312,-0.010331882537719994,0.014347438899700027,0.013251876516267247
2019-03-27,-0.005229296137734041,0.009201710707826383,-0.005229110199501341,-0.003402418575436994,-0.007658377398576333,0.008994229767461226,0.0009382542909464053,-0.0006431060176217418
2019-03-28,-0.014152850613865509,0.003489342414282781,0.003790601814285699,0.011347195927993381,0.0049791282660764935,0.0013261974234242135,0.0012978104358729592,-0.0006437238050653882
2019-03-29,0.0009023839948698598,-0.0009481874498811216,0.006304883317189702,0.005163747732983781,0.0007429623642452032,0.00651761015305774,0.006552044125860634,0.006011312675191727
2019-04-01,-0.003934131206699387,-0.014204368204998707,0.01185930337030694,0.03368554487306641,0.011510217239183218,0.006791456226366899,-0.005794410634984648,-0.002987645648612869
2019-04-02,0.0037028271386223555,0.0018496674315824357,0.0004903984335768996,0.004778185995816697,-0.004282906577837031,0.014536676705354745,-0.009137858854625591,-0.003210532173174241
2019-04-03,-0.0014756542074284562,-0.008667532714646486,0.001573565337523064,0.0019973728409168334,-0.005897933605750971,0.0068548569421877925,-0.003921286503880794,-0.008374473623030898
2019-04-04,0.002545135885276162,0.002833459350404466,0.0026529168448361506,0.00966049228946031,0.014215319333113152,0.0017403792153305453,-0.011664496977919048,0.006496250512528778
2019-04-05,-0.0010645913747292512,0.0012913731197976563,0.004840483319799471,-0.0023684621116742965,0.005362240104887173,0.006694345025053616,0.00449974849631074,-0.00021514064564076563
2019-04-08,0.004344964459018996,-0.003547322264374153,0.0007623334536213111,0.0032285796361855024,0.006182650418597779,0.015736194474376575,-0.0002938077130245631,0.0017214955287856437
2019-04-09,0.0052240582686200465,0.0031554107203055626,-0.005125042353899656,-0.007383044552501161,-0.01289143776793511,-0.0029986663971032224,-0.004187013925329719,0.002577805612342665
2019-04-10,0.003085645543724258,0.0024199079502376097,0.003411322749646617,0.00448183029708793,-0.0045163150864786505,0.005613902133425608,7.397167332179322e-05,-0.0006428962409460448
2019-04-11,-0.012790430232882621,-0.0058738689841822955,-0.00027768486926127434,0.00844924837499561,0.004781774266215955,-0.008324089443244809,-0.0027291120305852345,0.0015010222848310661
2019-04-12,-0.0009839698252592788,-0.007122663883303737,0.006766103184163708,0.04687922336426409,-0.012568489046759113,-0.00040193488799655785,0.005695045833099988,0.000642447396948409
2019-04-15,-0.0018879040751598186,0.002526881068417808,-0.0006549147223777751,-0.011419848208736094,-0.0033366461436421524,0.001810038019250948,0.0039711742391632665,0.005562540139893324
2019-04-16,-0.008963785785923162,-0.006260893399437362,0.0006553439167571451,0.010551162422700378,0.00681950003242715,0.00010060365406605598,0.010987102949202354,-0.0010639029392075505
2019-04-17,-0.0019085831288393473,0.0004089538393738934,-0.002447238981367228,0.028803008464936664,0.0028327036444197873,0.019472883454195733,0.0036227914405604356,0.007028670940105508
2019-04-18,0.0007482870651696061,0.005235056952884953,0.0019697988427860302,-0.007349193228349815,-0.0036842442306298517,0.0035936506235176857,-0.007219024325230916,0.004230409977028726
2019-04-22,0.0,-0.004800982843147672,0.0008614615076256715,0.0012339884162255732,0.021817088876209256,0.0032867685538220393,0.002254228790349977,-0.0016851757387548183
2019-04-23,-0.002076929420084306,0.00212585328586945,0.008991809703647213,0.0012323043896274033,0.0057897258325787515,0.014422967793686015,0.0150183507685826,0.01708876199574849
2019-04-24,0.002913740144174559,0.008158588468786254,-0.0022193668692988,-0.0016704944076735284,-0.019428969801482898,-0.0015420276015611911,-0.0050034834209433665,-0.004770767448525226
2019-04-25,0.0008300695036758121,-0.001456731722790594,-0.0006157571057882061,0.0005285146509976801,0.0056264082532138104,-0.009075036104475465,0.0032326040785122245,-0.002917805567723031
2019-04-26,0.006635175033447238,0.003403948528403422,0.004656842906359371,0.007569553111160143,-0.0210412029203374,-0.004773999669806628,0.005298814585377398,0.008778833519674123
2019-04-29,-0.004449212353194731,-0.006380676699122789,0.0015674654323576398,0.01441463018286493,-0.006460518944925164,0.001517132485606254,-0.003917663807724958,0.003315584299964147
2019-04-30,0.003062112981714993,0.005121049066139083,0.0005103828703674207,-0.0006030200007886011,0.0038765596635221833,-0.019255944948006976,0.009725744959229399,0.01321772486499806
2019-05-01,-0.0066006224629273635,0.004125446719699832,-0.0075166829468447105,-0.007669404109926559,-0.020055103394701512,0.04908579910995181,0.005311338600957338,-0.00958014511026628
2019-05-02,-0.0038205903541770336,-0.004762040903273368,-0.0021586014553158783,0.0021710223128779127,-0.017541537405535657,-0.0065077027118177755,-0.004719941547669637,-0.004115965367985641
2019-05-03,0.005919618726200504,0.0028381309101692676,0.009787792740292733,0.006152346487073412,0.0023288578849407493,0.01243067872618786,0.0051668965493560925,0.006819705969361767
2019-05-06,0.001326117121354109,0.002749405916332437,-0.004115609954441712,-0.008870739490091761,-0.00438864952450313,-0.015442506588639993,0.000563689044922544,-0.0051315198899927195
2019-05-07,0.003310996887363471,0.00766124051977668,-0.016699470655093696,-0.01633465051007177,-0.005315868190519546,-0.026956901945498712,-0.014919988578941612,-0.009696955077857616
2019-05-08,-0.0024750055657883907,-0.004321148307714462,-0.0013890989235191276,-0.0052999545708825035,0.001564268030347149,0.00019681769307400288,-0.0012863680905534913,-0.0031249186219111103
2019-05-09,0.002398422606480377,0.004098905108303574,-0.0030258708651491606,-0.0007995953216388685,-0.0009111621392529079,-0.010743942044413535,-0.007582804035887181,-0.009404341698564078
2019-05-10,0.0018977175142322888,-0.0013607242232979155,0.005023432336743516,-8.85489269064621e-05,0.008695759511312184,-0.013853541755513565,0.0023067203807594083,0.01666663157268844
2019-05-13,0.010211626950944686,0.007855443628792091,-0.025130080434365487,-0.027197389989015774,-0.01110231857474775,-0.05811923630815086,-0.01330443240455248,-0.0029051897436949137
2019-05-14,-0.001711902564663359,-0.002942681640362821,0.009043653682282882,0.00794896821513591,0.0013211283473077984,0.01583045622259216,-0.0027695046882425522,0.013319506737102582
2019-05-15,-0.0005716127335255727,0.006142503103930386,0.005857217777811785,-0.00380724807888011,0.007386900513379535,0.011978858173311568,0.0006574124825597938,0.010063600062627742
2019-05-16,-0.007190107507201948,-0.0033301032754395887,0.009261239539865462,0.012829848030437407,-0.00013124519824192493,-0.0043997023318037565,0.009495488385882211,0.008133465252612604
2019-05-17,-0.007077611679961904,0.002227112896469041,-0.006464898981969114,-0.004851437628917266,-0.005893031747342681,-0.005681746200010829,0.0028942483630927107,-0.00766427608380249
2019-05-20,-8.290208125960596e-05,-0.0020635391060425112,-0.006612242725202222,0.005236051559603272,-0.0001318336928997077,-0.03127000303594718,-0.0013708005352637276,-0.007113924021286078
2019-05-21,-0.002320944800343727,-0.0015902751684212513,0.009015752627670404,0.0034126161670391397,0.004611408607378964,0.019171072235357745,-0.0021674603552760408,-0.0051175733284531955
2019-05-22,-0.0009970317877493473,0.005735756118314672,-0.0030713770044440425,-0.008144621764886728,-0.009049305055985446,-0.020471619413763076,0.004633342478310487,0.021604956683199283
2019-05-23,0.007734533613594108,0.011246973025036855,-0.012218657432273905,-0.019671539946503946,-0.02342506006927425,-0.017069445362994706,0.007423085199995905,0.004027995617727598
2019-05-24,0.0010729131367255285,0.0008618758410114946,0.002268638289156355,0.00984903201434495,0.004201139743932547,-0.0038408757232154533,7.200554048925056e-05,-0.0048145082419065455
2019-05-28,-0.0038747008151563955,0.007199742049624591,-0.009300655515720901,-0.01084700148787654,-0.020107920242176003,-0.0041345916511547065,-0.012819466547426828,-0.010280013366268714
2019-05-29,0.0003310511869667465,0.0030300579057616073,-0.0067108365762448274,-0.0027645472459236764,-0.006197525732858367,-0.00476924191950745,-0.04187651633197509,-0.009979274819035822
2019-05-30,0.0067841455794737104,0.00859906723462922,0.002731531783998653,-0.010718348605231576,-0.002633125637346301,0.005186515598880614,0.0059394376032404494,0.013165469539146768
2019-05-31,0.013476862164072179,0.012519093136112325,-0.013475665188122599,-0.010274615666107323,-0.016673460430657983,-0.01811557875016201,-0.007266775391739144,-0.002436388235623199
2019-06-03,0.014432812396575123,0.006688760356684309,-0.0025429709340643036,0.004718516819644192,0.015684239634840003,-0.010110187452210484,0.0022113065507687324,0.017301164926015522
2019-06-04,0.0003197259638094696,-0.011401405468650427,0.021706418544538808,0.03080952608966281,0.023789868564089156,0.03658392266388133,0.017422395622926024,0.0003999593384180766
2019-06-05,0.00255692921232642,-0.005652149221093694,0.008662507445917234,0.0035538133985304476,-0.008289125352323734,0.016143422438226196,0.00486037978472198,0.015600352652378469
2019-06-06,0.003267681746440987,0.003226778066206526,0.006503096196622371,0.0021797095633788732,0.01822406323083814,0.0146816668658587,0.017115553167794673,0.012209301509350734
2019-06-07,0.0056402851919619135,0.008651369349655713,0.010006634835911798,-0.01096343810328615,0.0036334048415955778,0.026617105915484274,0.013681828876948021,0.0017509267817454877
2019-06-10,-0.00995334973762707,-0.009412411483281646,0.00458886588394769,0.010809955320504105,0.004424938374674614,0.012779368901768784,0.0033921459099548468,-0.0021363734541406387
2019-06-11,-0.0011968524989020013,0.0006131846189385559,-0.0002418883084849277,0.0030813160679508123,-0.0009343866079963847,0.011579512133802039,0.005467001448776321,-0.0009732083268003677
2019-06-12,0.00519253494403471,0.0007656161238669412,-0.0017655770320271769,-0.012739350078686762,-0.01082301945143238,-0.003182476763605502,0.013592692498516357,0.0060394732870412415
2019-06-13,0.006119340633088832,0.00344407187899054,0.004126024042210519,0.0024710056344898756,0.008779947023229706,-0.00020621237147755433,-0.006846361503268561,-0.0021468263168178403
2019-06-14,-0.00031596300165448454,0.0025161783949601,-0.0011046189563075348,0.002556126479270837,-0.004418732729852937,-0.007261963277263139,-0.004406329738300685,0.0035203788225712795
2019-06-17,-0.0006320654488251032,0.0017495146894184188,0.00038019871547323447,-0.005463557127875718,0.009953135749902309,0.005966482944885776,-0.004639788262744027,-0.00857522341306205
2019-06-18,0.005060083591572395,0.0050116715426258285,0.01047109234601562,0.013642068146356268,0.008656214468576673,0.023518260510380085,0.005665222431410433,-0.004521046534017303
2019-06-19,0.006057242183996836,0.0014354434444068254,0.0022570437222508843,-0.0072260145901633654,-0.00554543468078339,-0.0029227192684345704,0.0015692787924765916,0.009478386104078806
2019-06-20,0.025177896911959374,0.002641091872034762,0.00955452176976701,0.002547690563029281,0.017126978298581896,0.00803585180311206,0.012530997816505574,0.010563201949834289
2019-06-21,0.006635612181659978,-0.010986639872794912,-0.0014534628427923524,-0.006806324778919959,0.014097559175943575,-0.0034094690541293105,-0.0008436554458778334,-0.002129190291498384
2019-06-24,0.014850786310930397,0.007456611718831052,-0.0012251875662488976,-0.007127784878499743,-0.00952530194963297,-0.0010058900486281663,0.006826605104131467,0.007177519136955857
2019-06-25,0.0019411266395166216,0.003096477956378463,-0.009807653503503988,-0.008282445014002437,-0.008836730260162406,-0.015157831504785002,0.00824815379110344,-0.0030816929292095674
2019-06-26,-0.009165393111099984,-0.006400101772468969,-0.0009971638140897632,0.006681654697142658,0.0043267515798555145,0.02162933481439211,-0.01656947875676551,-0.012364694246923102
2019-06-27,-0.000977700846950591,0.007047113051799503,0.003546036570465816,0.0033185250954008705,-0.010182951757064296,-0.0003004339050995952,-0.008177948416148384,-0.000782295400462818
2019-06-28,0.0027100317696175935,-0.0006771812974070146,0.005145580612163636,0.027195799555093325,0.010683198393143689,-0.009111695516935914,-0.010021912293268764,-0.003132554703148216
2019-07-01,-0.019369383559800002,-0.0023386987967050077,0.009078554255894655,0.01681599860592753,-0.0009135504635031655,0.01834068454054827,0.0005741579814544373,0.013354313527640826
2019-07-02,0.021359735486276676,0.007713328974984668,0.0026042113229463038,0.001055412714066728,-0.010971535768208862,0.0058544358884278225,0.004807966236996641,0.007364318343128007
2019-07-03,0.001649060899963084,0.0071293491610686655,0.007995188223690608,-0.0015928115065545478,0.009508516072743278,0.008287032921736381,0.01506822159625787,0.0023086017962201666
2019-07-05,-0.011150231525253074,-0.013263001011975972,-0.0011380875400963664,0.0059384608457058174,-0.004055359012526183,-0.0008806629188562454,-0.011045732751855053,0.00019198562741862268
2019-07-08,-0.006432617734537516,0.0013588399609612,-0.005494547806801364,-0.005462663594866357,0.004597407810010612,-0.02061418225316547,0.0028457637568537475,-0.002110893541009795
2019-07-09,0.0035037454291328984,-0.000376845324753905,0.0012462293704287308,0.004252632893860575,-0.0006541188718358626,0.006099501233302718,0.003121358614863734,-0.007884642975494072
2019-07-10,0.015787490178783115,-0.005507051570321941,0.004778431582617815,-0.002911502313759029,0.014130901871704626,0.009888706877074771,-0.0014145275233026222,0.004458406820458283
2019-07-11,-0.008443584154164463,-0.013350537942175111,0.002343726389129941,0.009555910066257223,0.000773863614033754,-0.007282387434091597,-0.007789642387045048,0.004245139684998511
2019-07-12,0.006254723814186791,0.0011536202082833569,0.004477177933577936,0.010516934678968637,0.0007734001625205877,0.007682822748471763,-0.041467313484544244,0.0015373841252788178
2019-07-15,0.0,0.005759011085176624,0.0003325462995960038,-0.012142126391490704,-0.007084809307179363,0.009395111222431307,0.0030525780648873457,0.00019200243794226246
2019-07-16,-0.008462554430785363,-0.002977343734648641,-0.0032252336490613542,0.010711063485196792,-0.014919411763148038,-0.0034599591444741673,-0.01640529525404677,0.0001917846511667598
2019-07-17,0.01646531748539748,0.010797544992219521,-0.00680507577744327,-0.009815693037206197,-0.005926198081745659,-0.005623453006489809,-0.004830327044405114,0.0007670819545804175
2019-07-18,0.014117951186161548,7.58649006356027e-05,0.0036610675604893395,0.00596543058529142,-0.00847924990338722,0.011359603750218827,0.0015925814723294351,-0.0028747365713526207
2019-07-19,-0.014727392803034478,-0.0023484431753673096,-0.005554929694714161,-0.009854452124196111,0.002004309485694078,-0.014927500370851554,-0.013326316959205609,-0.01230071120284515
2019-07-22,-0.00014876383044060137,0.0018981003646683092,0.002456539116501233,0.006429539193796963,0.0010665615809315465,0.022854031001869446,-0.012815408979276133,-0.0033078385845247693
2019-07-23,-0.005652618252780628,-0.005456825230514606,0.00715016561825399,0.018290090933794634,0.003996407911240896,0.00781787154476099,0.0015545143469726241,0.060718711732697495
2019-07-24,0.005086339018351538,0.004343968722854585,0.004699627483802704,0.004039109475543201,-0.00013284769272448038,-0.000814178900350071,0.007295805118807008,-0.010123542476883962
2019-07-25,-0.007070008058076338,-0.004780350289185442,-0.004777438229238595,-0.009586709907614233,-0.005705708750832428,-0.007906997005672212,0.010325109774568242,-0.013202012672283603
2019-07-26,0.001648937368628589,0.0023634120637903155,0.00670003766433358,0.004407468182580088,-0.0016017871057218969,0.0034777774978875797,-0.002974192572786083,0.020727357841034078
2019-07-29,0.006659678193005059,0.00030444631131643085,-0.0018211040577650328,-0.0031832811813909956,0.007084609661515584,0.009338632817522896,0.017517160241395047,-0.003322729421072701
2019-07-30,0.003344956160896251,0.002433121362673152,-0.0024547685847475798,-0.0022443657696564756,0.00013297009478963062,-0.004292263642568628,-0.007066820061920609,-0.005001103203798207
2019-07-31,-0.013112972808538625,0.008040861726865467,-0.010940339592582893,0.0035469756715797995,-0.013138741194854586,0.020404244266130522,-0.014082498407264943,-0.02029019018947842
2019-08-01,0.02402219643390402,0.01986036247110423,-0.008707874872609822,-0.02637940830019192,-0.025551522874564303,-0.021639052834528716,0.0005379732177421825,-0.011400536321887755
2019-08-02,-0.0038120684590625675,0.009241404025558175,-0.0075295402132428135,-8.865876723573862e-05,-0.009798272475433523,-0.021158262860497157,0.005986418591050535,0.005766139653025526
2019-08-05,0.013981852270352535,0.017288117016012183,-0.030073134884864183,-0.029752950976970838,-0.02048798963316012,-0.05234789118967553,-0.006942782256280311,-0.012994486987984777
2019-08-06,0.008128386897085838,0.007992744507182126,0.0140228641602691,0.007848916051472754,0.009675688670417903,0.01893064244169107,0.004686388530972474,0.012003799756068911
2019-08-07,0.015189695160357397,0.000357429356326433,0.0005910868611127551,-0.021733240470341197,-0.00648244337331072,0.010355079761783514,-0.004282070680912797,0.01740935897964513
2019-08-08,0.005034686098196239,0.002142409217568808,0.019619932543460727,0.016939987959034175,0.026666611232797788,0.022056044574396028,0.011289264070255989,0.00959011811244248
2019-08-09,-0.0033161732510501585,-0.001995333794119314,-0.006811660852433232,-0.0010924757564793053,-0.02127627571926749,-0.008240407031391617,0.0027338516538943924,-0.005029048674041303
2019-08-12,0.009698502260031328,0.02084964563364977,-0.012173264183558352,-0.018771533133077223,-0.004859519392933609,-0.002537496887610291,-0.0008329218428103635,-0.004117905978688219
2019-08-13,-0.005959518154781018,-0.0034269643213290513,0.015551555572086428,0.015416188720344337,0.012350936746284402,0.042348379595509966,0.011293778631853879,0.0056391497316361505
2019-08-14,0.0068415942238304606,0.022529084726066184,-0.029567703512137444,-0.04152195603490261,-0.0402894130316831,-0.029764987448055003,-0.02368440625025825,-0.009532665448521604
2019-08-15,0.0066549698650941735,0.011119662259210683,0.00264208184429493,0.0038165324528203204,-0.005912867620817774,-0.004981495210209297,0.0021493106941454787,0.01660643547989049
2019-08-16,-0.006402214255277094,-0.008010448631787237,0.014754865121700433,0.02395440023235551,0.015613540991137764,0.02359449618994991,0.006281574400941237,0.010024578430370079
2019-08-19,-0.011696303286335752,-0.014302390327632697,0.012047664087375898,0.009005024273837536,0.01683739004786,0.018644289866944996,0.006775384769473147,0.005145813208800698
2019-08-20,0.007795380191040424,0.010344125511921876,-0.007662177397750214,-0.01269680711486565,-0.006047472821693489,4.7431296936961687e-05,-0.012476579309757319,-0.014810417089732186
2019-08-21,-0.003164420123660472,-0.0066651435231208644,0.008135201334610542,0.0027955335956311167,0.00999592964235152,0.010838670171079201,0.007121291675277641,0.0040830973772774115
2019-08-22,-0.0025395077899371676,-0.006640541337663786,-0.00030800706254996424,0.010315477518134442,-0.0021518441163193014,-0.0008468849874150308,-0.0019768250146027233,0.007208633344374826
2019-08-23,0.019589847185487175,0.01643493702477361,-0.025687148298433216,-0.024834763776471425,-0.029897926646383244,-0.04622018873987144,-0.026967518832845983,-0.013763906275098492
2019-08-26,0.00013875475282665306,-0.004042907210026092,0.011058259301312656,0.008017458545503064,0.005334227822704873,0.018999199210091966,0.00804570828702067,0.014886628983241668
2019-08-27,0.00957073902105865,0.015409374596241365,-0.003923719779770352,-0.010573516519666315,-0.009727312936949062,-0.011283858056314933,0.014397368137760935,0.003300273815161736
2019-08-28,-0.002816539407023644,0.0012870999017178253,0.007041808780829051,0.01002442417113869,0.007292609212170564,0.006710514233598808,-0.007405127938838518,0.007127043249622211
2019-08-29,-0.007164566813753437,-0.003788847487798397,0.012772558187749361,0.022659092552246296,0.01108177061452098,0.016931757695519245,-0.0034192691151465615,-0.0010886562565730618
2019-08-30,-0.0025672712303844714,0.0002715525058283319,-0.0004439570890000244,0.005860006810159746,0.0007306269589186787,-0.0012918960733612206,0.0009358447917549029,-0.00018178323009443442
2019-09-03,0.013913043478260834,0.0012923303343204129,-0.005847395618255646,-0.01183343669450232,0.0011680288637203606,-0.014563667276790593,0.0029603078450770592,0.004724053094466774
2019-09-04,0.006243592878966586,0.0014944678343615792,0.01135052468638853,0.012067294853698618,0.01064763846620198,0.016966735923221066,0.000932138742305133,0.008498790364222852
2019-09-05,-0.024001119491110168,-0.01811041737124841,0.012855195276937348,0.022754027954311917,0.014143628040623302,0.019551327132262486,-0.002172988683016963,-0.011654911129083123
2019-09-06,-0.008523132778435305,0.007115512223686338,0.0007726465857997855,0.0021358190232860785,0.00939231746467084,-9.370839734490488e-05,-0.002877641241089024,0.00199596409540459
2019-09-09,-0.0037344897557421985,-0.01776557814277213,0.0005032841045573555,0.024775672663276183,0.007895026274116201,0.004267186039626614,-0.009827738420853604,-0.012855662616344854
2019-09-10,-0.008557937047107611,-0.01752776807148837,-0.0002349669068439919,0.01273826832570557,0.008112823406885461,0.011813083735008112,0.020480799377355252,-0.0022009613993149157
2019-09-11,0.006063676329913781,-0.0017768438407871345,0.007111205034303403,0.0027382129939435007,-0.0019423031869496565,0.031795188437681254,0.012504660302626425,0.006801577611619036
2019-09-12,0.002056360685188219,-0.006551165282641325,0.0034634032670770587,0.0061439196328758605,0.0006949321271456643,-0.0022363184569209604,-0.005641642540514247,0.00620766323304256
2019-09-13,-0.008279177519783909,-0.021358801727580423,-0.0006636798828261181,0.019675847240500977,0.009169333786675393,-0.01945385107530906,0.0026834703612570454,-0.008225079552687364
2019-09-16,0.008348294532203537,0.012743498429339528,-0.0030885651356866717,-0.008899498632948588,0.015005915980620399,0.005256835116684178,-0.009481595742803162,-0.005529063021361469
2019-09-17,0.0019813102518067005,0.0054237717814054065,0.0025319500339338052,-0.004951257451176305,-0.007595690072734307,0.0036380944234188917,0.0010035512623656206,0.00518915574121892
2019-09-18,-0.006285306153149484,0.004243843744201392,0.000597776567697661,0.01003631540558847,-0.004783217427503872,0.00937921925574381,0.005706975539841341,-0.0001842808678653718
2019-09-19,0.004050828215713009,0.003008118474246757,-6.645477471944883e-05,-0.0031731794255754897,-0.006729072548168347,-0.008124612527448893,-0.002300328717114941,0.005347461086908201
2019-09-20,0.011820485442912032,0.013210459663119511,-0.004724552472562538,-0.004020884515959722,-0.0034562314911749104,-0.014618381111699552,0.011835838971012258,-0.011188554296582609
2019-09-23,0.005596383832365381,-0.00021111837544651735,-0.0002345009162906253,-0.00016811969193231135,0.0006934141790577719,0.004546898970975377,0.0006840178926004192,0.004266489322530598
2019-09-24,0.005286918308423871,0.012053770382597806,-0.007846848861371436,-0.013038357011719848,-0.01372514714985884,-0.004754835081094755,-0.0014424224375955141,0.0029553233046388794
2019-09-25,-0.018545379403875573,-0.014626787047383849,0.0059150510114445165,0.005710430554274559,0.002951941082392384,0.015389467155573877,-0.004256968974334363,-0.002394297209967089
2019-09-26,-0.0002820880237280887,0.00643282045279836,-0.002083761020770458,-0.008220205673607817,-0.005325837667013,-0.005157758463487094,-0.016337174811231647,0.004061492626628915
2019-09-27,-0.005148429100112373,0.0024577129381073703,-0.005386747075164622,0.005895716646373561,0.00718609913407664,-0.004865945189695409,-0.0019403396586483712,-0.0014710417807717313
2019-09-30,-0.015525325955691782,0.0024519486776708455,0.004637450927040376,-0.0002549418535562342,-0.012171227471682311,0.02353540544359145,0.0060654632090089144,0.002393684355891823
2019-10-01,0.005472814807717441,0.0030107675420947277,-0.011895012173559705,-0.01818329543159225,-0.023509441944166265,0.0027683641668254655,0.0047147612115252535,0.0038576592699102186
2019-10-02,0.011673634369571584,0.0024430918631386245,-0.017664404538269562,-0.01990479767015929,-0.026105784597754478,-0.025067905670149937,0.01546277864784562,-0.028728484926052067
2019-10-03,0.004530648552570016,0.009122772999474504,0.008192833507341124,-0.0014241653679875066,0.012360552967122684,0.008494683956761673,-0.006136422982140344,0.014317944017539164
2019-10-04,0.0,0.007382685070942641,0.013531944264719487,0.021659957642980787,0.014563330880267955,0.02803178076704138,0.018827586782197425,0.013001499547613982
2019-10-07,-0.008527071931805796,-0.008288091109331486,-0.004314292647460083,-0.002181441513375071,-0.01377441958396941,0.0002200317954341724,-0.0037406821806552637,-0.012284570855065846
2019-10-08,0.00874259511120079,0.002693153488920963,-0.015524822289584739,-0.022296059184950368,-0.019406154879101467,-0.011714745352430889,-0.009912903058942213,-0.005383024249767998
2019-10-09,0.0009160434363713055,-0.005648413566655575,0.009495974973425358,0.007243903645850702,0.011094303126732097,0.011720081070129895,-0.019872589978933042,0.004665954773616976
2019-10-10,-0.008729359144837523,-0.014894353956027118,0.006763440711170299,0.014028558896268972,0.012011046314413631,0.013478490216515038,-0.0012382587288198854,-0.003158287573937879
2019-10-11,-0.005539370732339566,-0.012376484842423818,0.010367224796528296,0.016898551055988476,0.010695922361867005,0.02659826602906068,0.01758877007085169,-0.006708958862869152
2019-10-14,0.003999125640758994,0.007262457839884551,-0.0011136482148015325,0.002669142237853306,0.0028995054697362743,-0.0014396089945566404,-0.004644896044786684,0.0
2019-10-15,-0.006970593591764218,-0.012088121465975377,0.00990020332216024,0.030141473778822814,0.0034690034183371132,-0.002331589849797866,0.01621790579887583,0.003940080421312997
2019-10-16,0.0057302703836425994,0.0012163973965300112,-0.0016060163870631472,-0.002334050970095758,-0.017141922214608085,-0.0040370901624680045,0.017539926956489316,-0.0003739397094398855
2019-10-17,0.0014243781997433924,-0.0024300386918459926,0.0029489681373886523,0.0055983647602602105,-0.0013190743884761158,0.003882631290210936,0.007398332963219456,0.005608568155656357
2019-10-18,-0.0010667370445437419,0.0,-0.004376889117122751,0.0017447704112307783,-0.007778243618101421,0.004802899998689991,-0.06220193831018728,0.01840496190594232
2019-10-21,-0.004770136663166058,-0.007522645282670548,0.006779146213059972,0.024801214357701662,0.01671369107156684,0.017342747703473105,0.0025058514396512077,-0.010040066083698007
2019-10-22,0.002932997222985456,0.005847198480251059,-0.0032666536869323526,0.010036455355860285,0.005091624574268927,-0.0022867397827127656,0.009217427721819993,-0.007007330550568014
2019-10-23,0.0023537934253772264,0.001005169989547472,0.0029094204484425568,0.0026442818958731795,0.009552654796833648,0.013418926752015059,0.0054178202475221315,0.01467040598587821
2019-10-24,0.007115918371069618,-0.002007787466254851,0.0016339821617255001,-0.0007194184232850453,-0.009462265045260043,0.001644775954807498,-0.018475662123437653,-0.0005489668207949716
2019-10-25,0.0023316740895991117,-0.004885081833010174,0.004094869058950845,0.007998311117952683,0.0023158064396167077,0.012316346004583867,0.0066668340047051355,-0.01574797884335244
2019-10-28,-0.008600036764796815,-0.009095916469065046,0.005636682151767047,0.0038085897670039337,-0.008808832303411673,0.01001691166066987,0.006466697935067378,-0.003348862294413113
2019-10-29,-0.0027730332148816483,0.00065574490784015,-0.0002968437061313667,-0.0006324888841739984,-0.0029135669911026785,-0.02312766021645274,-0.00046437507096785957,-0.002986856154958195
2019-10-30,0.005490226541611021,0.014633836624794005,0.003067408079009626,-0.005536552671992601,-0.01052036663939282,-0.00012322405051368168,0.028810114760982275,0.009923311024115922
2019-10-31,0.009998499224238566,0.013489943432328566,-0.0026635506730061653,-0.006442407917310988,-0.002215090679320242,0.022609403721942423,-0.006022299351012728,0.009084149394822605
2019-11-01,0.000912763389017579,-0.0030778066733078147,0.009264136534625322,0.023054738193071023,0.030043024517869776,0.028380488533880976,-0.006361827530411257,-0.009737350939605038
2019-11-04,-0.002876007780098777,-0.013161514476073055,0.00401769023364329,0.007981191141948063,0.029741308906088504,0.006567405992008002,-0.00739313307933942,-0.014100380163141635
2019-11-05,-0.016180006273117664,-0.011246415166652368,-0.0011061956589319966,0.002173589792547892,0.01981289440930145,-0.00143694489597046,0.0014590769244675617,-0.01354895747939644
2019-11-06,0.004290245395359271,0.006051752455035642,0.00022803705136387187,0.0015492170251780735,-0.021890629678227302,0.00042774945337287207,0.004140556084015534,0.007249107916832864
2019-11-07,-0.015521486102876958,-0.01811856585880023,0.0035167325807525796,0.005413660489740346,0.02126192050925635,0.01154120915922574,0.0035885955370602574,-0.009658810747621538
2019-11-08,-0.006364394703267995,-0.00420723652087851,0.002466077380178344,0.0029232467753195213,-0.018990903733886122,0.002736880332523617,0.011945707841720887,-0.001529940610047742
2019-11-11,-0.002401934875323586,0.0006667628498362443,-0.0019096148317230277,-0.00352830130411641,-0.00607630887712185,0.007918918747771508,-0.0076692263252897686,-0.007086817731714379
2019-11-12,0.0026995120660886496,0.004592588035156275,0.0021078140676240587,-0.005849671866015926,-0.013789934667217008,-0.0009154624163532077,-0.004773295466383165,-0.002507915467083177
2019-11-13,0.004002059820052306,0.006488725327663092,0.00032381476880627424,-0.005264933286528106,-0.008216799321542956,0.009581799840841398,-0.0006090543323513664,0.013537228169667959
2019-11-14,0.004203521155341949,0.010329948779059572,0.0014556062938182457,0.0009343285955785152,-0.00436049932580429,-0.006919573005316315,-0.0023615501055441745,0.004197614369381597
2019-11-15,-0.0025259154943226836,-0.0010879958953924351,0.007236259334978845,0.007231518567071937,0.010072997501624048,0.011878963119651198,0.03039095137141601,0.0007599395926749519
2019-11-18,0.0029664162029099383,0.0018154588965375584,0.000737656341923687,0.008414872536352203,-0.009683507310341843,0.005042278852563253,-0.0008152976361142095,0.006834796029875134
2019-11-19,0.0005050304911609071,0.0083318438932114,-0.0002884400557945366,-0.0003059442942332513,-0.010215877259776462,-0.0030323681909594224,-7.386841164347402e-05,0.0009430465063535731
2019-11-20,0.0005046655432805469,0.010348208790279312,-0.003718768433806141,-0.007275270310776238,0.0030965311499944193,-0.011641489795673143,0.008306888011785363,0.002637813099735986
2019-11-21,-0.005477043362080103,-0.006258763762659103,-0.0016086616344430649,0.0023141129406285543,0.02410679638477653,-0.004483361160123822,0.003678416777596283,-0.00488550550383593
2019-11-22,-0.0018840181654777854,0.001288415748674776,0.0022237012920824917,0.006619022633269855,-0.004305974738828988,-0.0008776773072294297,0.011946393289906876,0.0013214085961039679
2019-11-25,-0.004791662812458131,0.002930070394474793,0.007750159886065644,0.0053519865902957875,-0.006631111541802626,0.01753332709299027,0.000437605658953899,0.003583347186517871
2019-11-26,0.004814733391401704,0.005844543292958582,0.0022656925215935875,0.0013691328926850321,-0.0024669064708204846,-0.007808515850966757,-7.276921897991784e-05,0.012776893987776816
2019-11-27,-0.005299919828770094,-0.002905126966490479,0.004457833119252408,0.00296175150299538,-0.0005823036753794808,0.013432221016705492,0.004228245913141748,0.0009277377339884652
2019-11-29,0.006203971517371398,-0.0021321440757371413,-0.003708914319792034,-0.0022716011417670545,-0.008296788028308244,-0.002202792190496128,-0.0018872868406810683,-0.0028011131558944857
2019-12-02,-0.0005078146228696401,-0.013332705216540952,-0.008494994160835545,-0.0022008967951112623,0.004256577481376533,-0.011561799883832546,-0.0009456602094602973,0.006554319012363585
2019-12-03,0.00957984896245434,0.020967376793568304,-0.00670633892020378,-0.012854568187455784,-0.007892417700493537,-0.017830589165627853,-0.0014560036947307564,0.0009300860264733757
2019-12-04,-0.0013658431498282386,-0.009984809978924925,0.006170460436862424,0.01972559480874736,0.011343613122138718,0.008826195542255721,0.016185419811386437,0.00910789354804975
2019-12-05,0.0005758841931267078,-0.004864690471579669,0.0017977004729847756,0.005440527876082513,-0.0034958731032738166,0.01467133170563284,0.0012914644350914273,-0.0018420977848262465
2019-12-06,-0.009928092682104261,-0.0055345474710597475,0.009134222641649314,0.014880356684475071,0.01607939730709318,0.019316124651088007,0.005875393364391801,0.004244360968343797
2019-12-09,-0.00029060665275248976,0.002168499816716185,-0.0031441215078749085,-0.004665180140953962,0.002158126986522735,-0.013999945467220165,0.0008548866367619201,-0.006431386278536566
2019-12-10,0.0028347098739491816,7.204441789210314e-05,-0.0011150878253588514,0.0006696265273180568,-0.008613258047957761,0.005844391286880635,-0.003629839805366797,-0.005548435125404261
2019-12-11,0.00688553265084435,0.007861172046799592,0.002838852238787215,-0.0023792558217266002,-0.0014481260865291112,0.008529511991134386,0.007072201487510421,0.003347687065929028
2019-12-12,-0.003527249493396556,-0.01645790462972685,0.008618927763311968,0.02861841368869622,0.020011388179360212,0.002548198448266481,0.0025534200215597824,0.0035216211257644847
2019-12-13,0.004478873140076667,0.011567416439610234,0.0005989873231324605,-0.008766731785252113,-0.015780113980158328,0.013592842567885732,0.0002830266403670567,0.005171838863165412
2019-12-16,-7.198680622300113e-05,-0.008990166669590627,0.006869810969665213,0.0038738006030094585,0.011122259260838874,0.017118240666713413,0.00289987923091517,0.0
2019-12-17,-0.00021575647831872935,-0.0013788011941533451,0.00021934747968366253,0.006116114841121512,-0.004571658751448493,0.0019653272889124107,0.01248321641858574,0.0
2019-12-18,7.200752478642158e-05,-0.008211837502275054,6.264192475580188e-05,-0.0010131118464113964,0.0027269437703285604,-0.002389534716885744,-0.0025770032976761836,-0.009371394903017305
2019-12-19,0.002589559770448613,0.0015999652033735767,0.004098736017776883,-0.004998602772298133,-0.006869808767439367,0.0010009781024857833,0.015084508122074292,0.007605225123852533
2019-12-20,0.0010044438566789715,0.0013185311161671986,0.00438427085037052,-0.000801002416301877,0.007925931880580661,-0.0020713408291834767,0.004884874833761543,0.011966209874097133
2019-12-23,0.003081942822633188,-0.0014635722438722798,0.0015279061297561736,-0.00029098698741325535,0.005004305128079922,0.016318529201068355,0.0026016146693899067,-0.0010916199045938324
2019-12-24,0.009431992518777577,0.0028581421967139864,3.116396686664302e-05,0.0027695064944124326,-0.00384111455474645,0.0009506028943973011,-0.0034827904883515393,-0.0036424273731802126
2019-12-26,0.007857298625196796,0.0024119675491804937,0.005323244165823304,0.010612094730027,0.0015709677800592736,0.019840285003642544,-0.0006850610074177199,0.005666401885765504
2019-12-27,-0.0003511943393945671,0.0010933488060145269,-0.00024736185369200747,0.000718771776236915,-0.003422242888925453,-0.0003793957925312119,-0.000548624921111851,0.005997820264379117
2019-12-30,0.0021077991140190377,-0.0036409427461028265,-0.005513718084136698,-0.0036649666771698675,-0.005866310423077725,0.005934900399773957,-0.003087521187073783,-0.0014453888016956462
2019-12-31,0.0018929327941459295,-0.009794314986090402,0.002429347113745317,0.005553993588845563,0.004317823258326525,0.0073068293463756095,0.0039230227162827536,0.001447480974486881
2020-01-02,0.0073478173310379535,0.01129324496112405,0.009351612711627544,0.012123579889679048,0.016050521170871468,0.0228161276416341,0.0006853426397011031,-0.006504165651497029
2020-01-03,0.013268521727000326,0.015400393121860922,-0.007571857830493189,-0.013196288038433424,-0.00803984279542802,-0.009721815705080017,-0.011577586737109624,-0.005455523724108624
2020-01-06,0.010489502076611812,-0.005678729140408234,0.0038150737521389644,-0.000795377694236099,0.00767829654482477,0.007967920834809794,-0.0012473508432990776,-0.0003657929469170762
2020-01-07,0.003935150508558971,-0.004915497358899179,-0.0028120256588159975,-0.017000465307670742,-0.008184087587936872,-0.004702870435317252,0.006106627835674061,-0.007682422797520294
2020-01-08,-0.007501524641443713,-0.006611284814744489,0.005329521799543047,0.00780094257049746,-0.015080090018196657,0.016086503601839608,-0.00013789737310843098,0.0018431992346927828
2020-01-09,-0.005651653463197515,0.003510519334605444,0.006780699560246628,0.0036512670325885566,0.007655379816838392,0.02124057895662923,0.0029663679948284116,0.018215622123696873
2020-01-10,0.006026192495848015,0.00889085338695983,-0.002877744591122333,-0.009968020118612864,-0.008887734215038079,0.002260821468974328,-0.00227005222747112,0.0034331665299471847
2020-01-13,-0.007419483430124996,-0.0030335744648118945,0.006877406454957935,0.008304746681024877,0.009545999992020882,0.0213641761955774,0.004412486904138202,0.010804859295400648
2020-01-14,-0.0008915435213457945,0.005143644108080103,-0.0015245886627324179,0.011661831098573217,-0.008595910323208389,-0.01350309602118327,0.0056278573453723,-0.0023159525950813276
2020-01-15,0.005834242779070742,0.006631707040800405,0.0022598038238350604,-0.014985816728776302,-0.001589509429689162,-0.004285746561934811,0.003344128660283996,0.01250010683887437
2020-01-16,-0.0015695082440052577,-0.003150649588154475,0.008318305853030505,0.0038763745719117004,-0.003908124364991661,0.012526636017736514,0.008095043405066171,0.0021163801744279453
2020-01-17,0.0018454259925253513,-0.008547908531225779,0.0031127651192244254,0.006921779025636621,-0.0037780510081421026,0.011070983245047072,0.006544832853814908,0.002111747000588915
2020-01-21,0.0010915790702048511,0.010504799162321277,-0.0019582638461992374,-0.009840800046002518,-0.014293915318193018,-0.006776869607653557,0.0006704261553140967,0.004039455035926398
2020-01-22,0.0003406555206315609,0.003513909671175819,0.00012055998445359428,-0.001169185117220195,-0.005770908071447867,0.003569715935791473,-0.0068333981385654274,0.007696156774232188
2020-01-23,0.002248122121045526,0.007001688974610953,0.0011469500586156478,-0.0010244004297252918,-0.006251055330768862,0.00481551606681041,0.0018888427733068092,0.0038192134636874098
2020-01-24,0.005845572586286041,0.008088724529696334,-0.00889288519729392,-0.02482801738628948,-0.006739607486239252,-0.0028817345622673685,-0.001413961329341351,-0.0025940433109287175
2020-01-27,0.006825312844883635,0.015554534199510472,-0.01602935338997602,-0.008411382101080944,-0.02382374188187575,-0.029405412764764827,0.0028993537246029266,-0.003467343861368266
2020-01-28,-0.008926785569624784,-0.007831038905164123,0.010479362774598489,0.018177728028262674,-0.0013902659605609102,0.02828919521070472,0.0050417786405290155,-0.008176827471462755
2020-01-29,0.005417872354848807,0.009778997148267132,-0.0008261151530372102,-0.0014876146163063098,-0.008352734870001544,0.02093265222115326,0.006956675369689025,0.0
2020-01-30,6.732120695107646e-05,0.0001379133107544117,0.003245177745208716,0.012366731975742784,0.010606987769411491,-0.0014492749376527891,-0.0011956027155415327,0.032450310774935875
2020-01-31,0.005792420039608892,0.009130677355598804,-0.0181579005176572,-0.025977128959098983,-0.041210228339331745,-0.044338836892086175,-0.009909742296041912,-0.007814904261777889
2020-02-03,-0.006495688802043542,-0.0008106133738513543,0.007428368596682056,0.007631026719148615,-0.022376006173212892,-0.002746238213519381,0.008732367458818002,0.003081960805657591
2020-02-04,-0.01300895070524588,-0.013467022392781969,0.015241145287108404,0.014395595119440552,-0.012514283383163183,0.03301358754527883,0.009523010195904957,0.004438263640903939
2020-02-05,0.0012293105482077404,-0.010934452904556524,0.011548360846799666,0.01700063594889567,0.04602294626889947,0.008154559782436399,0.01576483740011292,0.00017035216776495332
2020-02-06,0.005388399719282511,0.004506827813867353,0.003364585999817926,0.0001457141480063484,-0.013550025382020991,0.011696762273287531,-0.0029873113995750877,0.0023787598421434186
2020-02-07,0.002645857569860688,0.012477682318045025,-0.00532943793696905,-0.0031977288253968172,-0.0066260814910286125,-0.013592665972639084,-0.010681857849108689,0.0033902652429398383
2020-02-10,0.0025712490701368385,0.0027702518983392377,0.007465150470069126,0.004155648153139069,-0.010560693865940607,0.00474968509733964,-0.00019758623698218347,0.009461249474379319
2020-02-11,-0.0034419552752806837,-0.005040466200037619,0.0017333163673001195,0.0018875442758519156,0.00950624422851365,-0.006033570464863192,0.0008558149135160509,-0.0026776669633729044
2020-02-12,-0.0008127480224853212,-0.005066450287353086,0.006442927444616053,0.0,0.012225263320083446,0.023748093268230797,-0.005920924821368412,-0.0030210382483405462
2020-02-13,0.00569345014846645,0.0038361620350788606,-0.0010673438715639305,-0.0008696493049938914,-0.005549150564486238,-0.007121210584549509,-0.006618883266478859,0.003366767657442038
2020-02-14,0.004178427664004669,0.0043776442928114,0.0016022794861738632,-0.00304606001190888,-0.004595340589122698,0.00024622325532441813,0.0002665266935002464,0.005703746475695715
2020-02-18,0.012818816524224008,0.006848569078516942,-0.0025771388829635145,-0.013240516952019332,-0.01269577598481253,-0.01831047421565446,-0.006594291302728483,-0.0070058038698925795
2020-02-19,0.005831221275388376,-6.860105551609319e-05,0.004781223813532964,0.013639559679017532,0.007681795929914692,0.014482607961218807,-0.0013411221297460196,0.004031304335336383
2020-02-20,0.004084659090851872,0.007833507536914475,-0.00410834846331265,0.0,-0.007954648164992806,-0.010258760577421144,-0.003826901743218536,-0.0008363306968351969
2020-02-21,0.015025216397275942,0.00934068365227203,-0.01029823794052731,-0.012219194091397045,-0.01219535586634446,-0.022634932359542503,0.010514240394807084,0.006865410562912455
2020-02-24,0.008985128746405113,0.01492878440788048,-0.033165364904651384,-0.026875835728381148,-0.046845643013939564,-0.04750067413466197,-0.020606711408087675,-0.024613338423646658
2020-02-25,-0.017874260693127697,0.005324410257697698,-0.03030189750946366,-0.04464299810613992,-0.03832537328475938,-0.033872109194244326,-0.008635433671194126,-0.01415191025394491
2020-02-26,0.004370503298157802,-0.00529621105721767,-0.003678451647170178,0.0030098223385723877,-0.02195544522487969,0.015863929365509843,-0.006706009610272012,-0.0038050200482057095
2020-02-27,0.00019483522153040944,0.01084817210588862,-0.044911543730933756,-0.041614137312132704,-0.060177580476692416,-0.0653680799066072,-0.03173716689510553,-0.04635419969365495
2020-02-28,-0.03649347478693177,0.022583596668428685,-0.004201895337369255,-0.043338473828917645,0.03251711608044294,-0.0005853592703183308,-0.03335259015316361,-0.02621508658022198
2020-03-02,0.005526297603759334,-0.007357486861630735,0.04330679252502767,0.04659345529256287,0.047434151214388764,0.09310097014283447,0.041196081804244056,0.0454291304106087
2020-03-03,0.031434333360162325,0.015525870534354391,-0.02863247020777271,-0.03752451985283156,-0.047884264102102225,-0.031759692513368964,-0.03163860541665919,0.002503647690366595
2020-03-04,0.0017545277375516921,-0.01061921402227528,0.042032978551630684,0.02470933558330346,0.02183219085632282,0.04638491853298299,0.05818998795434971,0.05101672196999796
2020-03-05,0.021600945458936538,0.02489212497388915,-0.03324169503387475,-0.04906145815080176,-0.04406699257291513,-0.03243697273712087,-0.010245312162003084,-0.03699926746305637
2020-03-06,0.00038096105467699815,0.052044596676795285,-0.016531408414097948,-0.051679830295649376,-0.048293951384963285,-0.01328046094057922,0.00014110356407281976,-0.026083893484263987
2020-03-09,0.0016502348575044845,0.027102475767062595,-0.0780942696063921,-0.13545561144792972,-0.12224777641559148,-0.07909163922532592,-0.03935793134554921,-0.06152730306186338
2020-03-10,-0.02110133630677158,-0.051258242499095386,0.051744906395018386,0.07769692435414699,0.03702828613964115,0.07202179162524214,0.038111851505681305,0.034708738995028465
2020-03-11,-0.0035603512879937016,-0.03679765809537572,-0.04874853738717,-0.04707015871700304,-0.032941701368233156,-0.034730739219018814,-0.06947192444156947,-0.027021978463544594
2020-03-12,-0.0398882588306293,0.006197086748835234,-0.09567693521412757,-0.08243052008415008,-0.11434015838142175,-0.09875480611014542,-0.04848233586324413,-0.09672475248265
2020-03-13,-0.03051623730778741,-0.02260333497361766,0.08548615079651589,0.18012540493669893,0.02528199081083371,0.11980830894649497,0.07080772022090587,0.03679158310788222
2020-03-16,-0.011446115323986206,0.06476604336757097,-0.1094236072483521,-0.14964895557977198,-0.09522517404916953,-0.12864699801576207,-0.05331734225525031,-0.0662265697579103
2020-03-17,0.0135554799295321,-0.06668333662790338,0.05399197375767728,0.061113688680639155,0.06726580164856277,0.04397014545608746,0.07441153948482127,0.04242127352674707
2020-03-18,-0.019921988429849713,-0.05641255463592887,-0.05063298934543148,-0.10526876975216581,-0.10024455614277672,-0.02448010071987139,-0.011933080191484313,-0.04938504008099309
2020-03-19,-0.018905499074657994,0.027225518599958143,0.002125137006050881,0.016807538736529848,0.039553130846048834,-0.007661810257703294,-0.0586100143451318,-0.06733585378361806
2020-03-20,0.014995707221804766,0.07519568705634438,-0.043094288427168226,-0.021102017154003505,-0.04908513047139307,-0.06348577896033958,-0.05635586564600259,-0.0843888273590131
2020-03-23,0.044179590424960224,0.04120938229756832,-0.025568231411191022,-0.0535328809282023,-0.03940133807274793,-0.021244134246693358,-0.07298351992603558,-0.01932131856183572
2020-03-24,0.048530353360380474,-0.01861424115289978,0.09060352161452845,0.11894248500985194,0.12686801373790413,0.10032538919614331,0.07234104646389716,0.05031925591843622
2020-03-25,-0.01368964099270864,-0.002271171612224676,0.014970008649916267,0.037317717798678984,0.052200850029616275,-0.005508610348035514,0.0018460385708829463,0.05475306083128495
2020-03-26,0.012822223412266576,0.004921263978953316,0.05838987580369803,0.06966054069963157,0.04102994726183429,0.05262289346362614,0.060049991304802486,0.06440742777363306
2020-03-27,-0.006460489804721581,0.02669325537114653,-0.02978564390453242,-0.0712390614379027,-0.04817105490856688,-0.041402227270848524,-0.02694155131659004,-0.03341590633253466
2020-03-30,0.004400644787818209,-0.008229068629809322,0.03247565038740374,0.026006455522912475,0.014884830319639608,0.028537974111091824,0.07997737823299667,0.05115608164855234
2020-03-31,-0.03184668568859872,-0.008116524520184853,-0.014905372873474376,-0.03711176803670191,0.012533396180933964,-0.002040805062496487,-0.014134124452209296,-0.016666374917068905
2020-04-01,0.009456223354449733,0.014010377742577962,-0.04500486123369851,-0.06297931298556037,-0.011588192759707128,-0.052617181560071,-0.01769251457068477,-0.04813580650860105
2020-04-02,0.0163934225377782,0.006345980191271083,0.023075274444063654,0.037340117368511505,0.07647229629836372,0.01668689137299295,0.033692991371095715,0.043447566555235184
2020-04-03,0.0049374590529023266,0.0023790477974423574,-0.014454162115638547,-0.029557916203450052,-0.029455571891646604,-0.014371560676546435,0.007660546603725837,-0.002730506998476545
2020-04-06,0.027710521817620126,-0.002611146310298018,0.06716621774123777,0.06436638244001225,0.03213462778582832,0.08723761738380698,0.041663552417098515,0.06479563974276359
2020-04-07,-0.005354484768834378,-0.010472367760139933,0.0010195370851744379,0.013190031009449488,0.019026787520808552,-0.011582351646047928,-0.016313731907243834,-0.003428328218922694
2020-04-08,-0.008907968786563414,-0.007276586673359398,0.0335682755673552,0.04037975033379859,0.0632875253685925,0.025594898769736085,0.042042532270120114,0.02816605529630034
2020-04-09,0.026123560972308058,0.0018177406258998996,0.015217345624137124,0.08971370393739808,-0.016419336900970194,0.007215647574882134,-0.014169995603649399,0.02467579394731878
2020-04-13,0.017140343933811808,-0.009130397417289715,-0.009130000224925494,-0.04447243715270999,-0.008578835168063348,0.019627847473693727,-0.01033739907795439,-0.042244807170759846
2020-04-14,0.007868093580683189,-0.00024377241353479295,0.029493133462428434,-0.02739589367463857,-0.007717381933913803,0.050502956927095166,0.04478749567486773,0.042403332908307556
2020-04-15,-0.005101958505246418,0.0264893434115665,-0.021248376342541175,-0.04931945351701861,-0.04595799710951065,-0.00912732631215496,0.01116223201635047,-0.02677829539470744
2020-04-16,-0.0008649946516461338,0.011356847596487363,0.004824324869230345,-0.038109872478556905,-0.03285572234370249,0.007945917404504677,0.013612048534727306,-0.010712191974772245
2020-04-17,-0.019417471147623044,-0.013404297174542945,0.027015162726965247,0.0898889076920324,0.10395909668545533,-0.013568616461698046,0.015701665327038317,0.020382374918333612
2020-04-20,0.007126124562213176,0.008044714144483489,-0.01761783727789612,-0.03645711634704174,-0.04720039923387742,-0.020756932471910683,-0.00230265612566094,-0.031835190914911604
2020-04-21,-0.006825274631933054,0.01259109373070677,-0.030363264396216838,-0.02900472434037804,-0.005342260600890825,-0.03091022820556044,-0.013120285046215208,-0.024715304333741805
2020-04-22,0.019670860003665247,-0.01021591506540731,0.022194677736526947,0.0032566813388730242,0.028564331079570904,0.028803780318784833,0.02211347736603675,0.006610908664193227
2020-04-23,0.00995486708021609,0.005308235283883578,-7.167249129891307e-05,0.0005598785653440075,0.0313316755499542,-0.003875506687844532,0.01647173609535857,-0.013353815503354238
2020-04-24,-0.004285520778353313,0.0023469267892530787,0.013938615326561266,0.014766557020264193,0.006444052469885886,0.02886975395329805,-0.004179590990664561,0.007987553362189814
2020-04-27,-0.006640444141094992,-0.018614262683204208,0.014418166103559393,0.04310450464111604,0.004802209562248194,0.0007067608240063361,-0.003680959735884115,0.029716093983408687
2020-04-28,-0.004456556273727319,0.011511265842298668,-0.004598100186289478,0.007080648836009118,0.02344118535606121,-0.016209865966536063,-0.01879571437713634,-0.0008551405329522144
2020-04-29,0.005533445721913166,-0.005188402302772732,0.026178863701676436,0.026970355392318623,0.05537032362793681,0.03284568104740604,-0.007596423522686635,0.008130098127685503
2020-04-30,-0.018116569301821484,-0.011677176121533628,-0.00931107638263362,-0.021458904968008063,-0.020859789482619573,0.021095796459982497,-0.0013310222413905892,-0.0261035855109214
2020-05-01,0.00617125761149806,0.008563361545075754,-0.02647334463965756,-0.026211554341412646,-0.07165915549400725,-0.01609905988417837,-0.011663403478274548,-0.0063193062575808145
2020-05-04,0.003504803873276119,-0.004703777042634472,0.0027580471289083697,-0.011903402454916057,0.04033396400325362,0.014148855276888916,-0.00013525025581273553,-0.010087887534181772
2020-05-05,0.004241037483481591,-0.006400948637880544,0.009239333673096706,-0.001519553211988045,-0.001114106423027228,0.015008600738167122,0.00829594065811512,0.005759950819682169
2020-05-06,-0.012855591040204617,-0.016135890800673236,-0.006778720358653678,-0.018804225739323388,-0.01873761674993868,0.010317395326073342,-0.009498277466326366,-0.014317308008414353
2020-05-07,0.015350754880484763,0.016706315378404613,0.012067083118074029,0.010413217567259325,0.005683006536321811,0.010344809098360663,-0.003309137822970376,-0.0033517321743642414
2020-05-08,-0.006010293229887331,-0.013001065414027568,0.01654605857635638,0.01633583684913953,0.04385164503429939,0.02380136327076765,0.007520594057262908,0.03385634105984203
2020-05-11,-0.006233636774804485,-0.007805843974739934,0.00020509537959489954,-0.029449575610554057,-0.00952790663691816,0.015735622836135832,0.0027573578213724304,-0.012361419439776644
2020-05-12,0.0038890673962401756,0.010264480163931111,-0.019931592754539817,-0.032677673523048956,-0.016715023384187844,-0.011428227803721436,-0.013211704549929482,-0.01581053296429491
2020-05-13,0.00962264814750724,0.006996290599431854,-0.0176861183355006,-0.03447093363584419,-0.04963718058404709,-0.01207400230221023,-6.778361816128786e-05,-0.019634255425492797
2020-05-14,0.008850059782004704,0.009787378220895038,0.011967770596277294,0.04153269528550374,0.008824282056562716,0.006143362123043561,0.0034663894443327514,-0.005461839878287522
2020-05-15,0.0056438144895878395,-0.002572802908822669,0.004596853484916785,-0.01851007015319661,-0.007092226742908214,-0.005912485440256354,0.018964860586647037,-0.01006868114781867
2020-05-18,-0.007564144999551381,-0.02195427978081177,0.030459768845388258,0.05296858434676599,0.07952388446516445,0.023561567840299613,0.0005320629776766062,0.039528672879043825
2020-05-19,0.00965020617044443,0.0037408992792595797,-0.010271271692539719,-0.019679372642445903,-0.030878006064291474,-0.005778517161824648,-0.009965811125839275,-0.009562144205866319
2020-05-20,0.0023742810342795018,0.0029943679962056713,0.01698796231433164,0.02999913930587561,0.03254449811126792,0.019448293646707526,-0.00899210585003607,0.030309778034365076
2020-05-21,-0.0145763375976391,0.0024976339326472363,-0.006904004840683431,-0.012701516140264824,-0.01785321330073919,-0.0074556358957786895,-0.0065681758810789415,-0.01568965131286315
2020-05-22,0.005916836449104457,0.006015838609177537,0.001899212175726639,-0.007762963647439891,0.0008977731500861008,0.006438591159657614,-0.009128554935378008,-0.00309946759770352
2020-05-26,-0.014214859559966153,-0.01340995976834125,0.01232068942324882,0.07097325680301125,0.02937220888252945,-0.006773584887011408,0.0013164857123093565,0.02354006782291007
2020-05-27,0.0018024320171106112,-0.0018365259674197887,0.014878832930413255,0.05792117570222888,0.0071880260469503465,0.004357012074704292,0.0022826159332227647,0.013885780804937742
2020-05-28,0.003350344766475555,-0.003680600532705136,-0.0018447592793651157,-0.01489588786056617,-0.025951550254466493,0.0004401226160601901,0.014355841440189865,0.007703809525874794
2020-05-29,0.0073584122707384125,0.007142084741993404,0.004456016814677,-0.0255354857179233,0.009547054806585686,-0.0009739445566661065,0.012111322269298341,-0.008706705531829062
2020-06-01,0.004603768848692402,-0.006732864217364076,0.004041524277637043,0.01325626531353219,0.017813620908911476,0.012297504275198934,-0.010487211037452537,0.006640944335475352
2020-06-02,-0.0064768271714218395,-0.0036356425771070233,0.008280031986799274,0.003347108653410036,0.022256090694255493,0.004629480013216725,0.007201446204261774,-0.00191546748572613
2020-06-03,-0.01845018380928054,-0.013297148265147829,0.013308379558965022,0.053977347498392225,0.04079466057860026,0.005505542633569505,0.0026979292004238875,0.02132214738205218
2020-06-04,0.010526269495827023,-0.014479066634641047,-0.00262676119182903,0.020811537056641294,-0.0028431547530366474,-0.008612464311855028,-0.012916282924753109,0.0004174766235691685
2020-06-05,-0.02027532426346157,-0.007123809550540594,0.02562922559760472,0.045001771839535465,0.08105896805649593,0.028480829460605817,0.0038847050212595935,0.024415795852700484
2020-06-08,0.010822142733466267,0.0038435317098728383,0.012087536981419733,0.01995866618158937,0.031273744123184066,0.005912547541170321,-0.0035981272557128463,0.015481704429797682
2020-06-09,0.00964183116931494,0.011358549548787344,-0.007456502192461856,-0.025649869152056137,-0.022287303805783365,0.031578082749066816,-0.00551843276656816,-0.017051156055609695
2020-06-10,0.014324773012967418,0.01482803323989157,-0.005579943041604807,-0.04052875201152495,-0.05362470084453974,0.025727585602469905,0.012606121830238237,-0.007755211631576442
2020-06-11,-0.007214084989501601,0.018900345017639486,-0.05764903304242541,-0.08344313149434524,-0.08825264650262354,-0.04801046798178077,-0.04688772182471779,-0.06334805188013004
2020-06-12,0.0014163170663434865,-0.009640600097930885,0.01197581784081403,0.027363775705060656,0.021437676481071755,0.008633616973081626,0.009086010026952751,0.010414047189334363
2020-06-15,-0.0017832572551969017,0.0005533342751948833,0.00933556591855944,0.013817643711280247,-0.0006360209240725556,0.012367114109943733,-0.006331374767881148,0.015350746784158043
2020-06-16,-0.0004928345355281749,-0.015332493524507829,0.019247915172329266,0.008000095061872603,0.02248606345079396,0.026502280323841054,0.022725803713051995,0.010151381864583753
2020-06-17,0.0019106166939522051,0.004126625120975502,-0.004154246874849443,-0.02527939888178865,-0.03257224996604979,-0.001391713192135824,-0.003045595400611889,-0.004062225509640083
2020-06-18,-0.001968455156468263,0.01058847417609976,0.00038521484137632456,-0.005428020847802362,0.006218800057632423,0.00039821211545576496,-0.004235468811220611,0.008801975399629791
2020-06-19,0.011032995719469696,0.0008006291710060953,-0.005714933566686287,-0.011421298146536918,-0.020033965688968647,-0.0057146052427476945,0.0029286264817214303,-0.020642813258623383
2020-06-22,0.006462217682632332,0.00012432945039697607,0.006415294491543655,-0.010837151278763058,0.009569122499702098,0.026163689341563767,-0.003059373514897601,-0.006084318627240237
2020-06-23,0.008419646377624934,-0.006835005326367827,0.004603437589014936,0.012196361192474914,0.006031965158483699,0.02134477679712421,-0.003696053338117178,-0.0021864368853611316
2020-06-24,-0.0034839130582626776,0.010725136264359891,-0.025508517954501486,-0.03339119474228569,-0.04710912163241421,-0.017652034275420725,-0.02127965215789418,-0.02169122541620272
2020-06-25,-0.0006027175913517757,0.002882863373593114,0.010720679850010573,0.03486157882995333,0.015056255862876622,0.013275604812324593,-0.0010728027831634623,0.006270799186686604
2020-06-26,0.004463149702982783,0.01070374825188991,-0.02375168117666515,-0.054818422505127695,-0.03431502073149495,-0.030725928792837087,-0.01331741533772568,-0.03026915898941518
2020-06-29,0.0005404803669293301,-0.00314735192924831,0.014697392876860782,0.0044282847402796754,0.01604778990814526,0.023046673761406344,0.008925514567922122,0.01813162467114693
2020-06-30,0.004440918278166173,-0.004855650442282755,0.012809848991133688,0.011397941168434844,0.009025345000336138,0.008347683782601312,0.011435712515629248,0.007213700566541581
2020-07-01,-0.004481089931769877,-0.0019420906133221782,0.00700455474990358,-0.00850528790803351,-0.02258507167756385,-0.0018913130066865458,-0.001777748781326527,0.0031333459551310394
2020-07-02,0.0021606086958432247,0.0010401423000081511,0.005507229672981229,0.0032483008277004455,0.008465158301285802,0.0,0.004203020563501969,0.0013388717502440528
2020-07-06,0.005988741319838731,-0.004095844696957784,0.015437249887630289,0.02525336807697065,0.007032441014630519,0.026749987880970494,0.014258206292522502,0.007798506639075331
2020-07-07,0.006310260659329048,0.014056217655773695,-0.010313808307634287,-0.028210665670023838,-0.025906767465533775,-0.003102748160415114,-0.0009093440235781181,-0.00044217771870391775
2020-07-08,0.006211565862881185,-0.0039950947613531795,0.007648497357845674,0.010615491422655943,-0.0023127210626244787,0.02329001236098982,0.002940423629207878,-0.0030967142597493336
2020-07-09,-0.0027044004055614135,0.015921924640911245,-0.005692988625132456,-0.021650611192580604,-0.04126067115938481,0.004300360240812928,-0.005444453265470495,-0.02573775931525335
2020-07-10,-0.0025938951172596036,-0.005024393555961515,0.010210509406030743,0.054666743298676934,0.031189148546970413,0.0017493824123782087,-0.00084188208400926,0.02823967654437287
2020-07-13,0.0012411575864292868,0.0033061101809996885,-0.008658920644698864,0.014335218920054293,0.00023478417288269604,-0.00461325189610573,0.019947577011497186,0.002214805944880771
2020-07-14,0.004663568910189042,0.001438334582663403,0.012959261314842596,0.005734438364235039,0.03305221430450711,0.016548404044692155,0.01866269454065006,0.013701652575896173
2020-07-15,0.0008813320073604025,-0.0046672964606399026,0.009186923881970399,0.015476958986389233,0.012706775429860873,0.0068773010259037815,0.002298703782585454,0.011554566964985469
2020-07-16,-0.009451688651900159,0.004749799680969113,-0.003293346279103493,0.0028079110819538844,-0.00784225303970465,-0.012304989775070774,0.006677317109644809,-0.005387996448274923
2020-07-17,0.008238009985450212,-0.0020945466949294778,0.002899179820840647,-0.01849847750180844,-0.01716354376907825,-0.0020199298988076153,0.0006702350538914104,0.01451770550930731
2020-07-20,0.004820170160796611,0.0024587146385639524,0.00808136138755855,-0.008761105604495056,-0.023437571832369164,0.021073741571566718,0.0016739524038464904,-0.014951138715346812
2020-07-21,0.012050997596656066,0.0005974895551927872,0.0021277539260351475,0.021685478586761953,0.05058840431667755,-0.013801770056700913,0.0009356154397632821,0.023417619090275954
2020-07-22,0.015202340363078104,0.002989616213466828,0.005692075691779985,-0.007242690045925593,-0.023292173375236258,0.0028092530045000785,0.0018029725121178064,0.02711842571419365
2020-07-23,0.008825301770064575,0.01168091361439294,-0.011931773480721275,0.0029384120087374566,0.0020634829113004294,-0.04551644214773454,-0.0026663366214686457,-0.004125162445691721
2020-07-24,0.008578870839228259,-5.885871225796979e-05,-0.006440513340762899,-0.007072114946235719,-0.006178379425117009,-0.002477353938173721,-0.009959333259677905,0.004349419127175569
2020-07-27,0.019753770786684832,-0.003711779620010014,0.007292648516648459,-0.014041493052131315,0.014736636161319927,0.02370034295190826,-0.006345986058703512,-0.00020627206409706833
2020-07-28,0.008341131032750582,0.0069188316117165805,-0.006342751137163538,0.004334462486734303,-0.011799580984451108,-0.016427381873131974,-0.0023781107262070833,-0.006187931997721607
2020-07-29,0.0075102306547618625,-0.0017034233491850514,0.012299070893928787,0.02424955092747405,0.011021539315265283,0.01916819117069224,-0.0019748510789925344,-0.0033208296881871435
2020-07-30,-0.007400261112960882,0.0065890288159400345,-0.0035679379520250354,-0.0266850166446837,-0.04905759789085573,0.012100276131211452,0.0020469664464055626,-0.006872269746545756
2020-07-31,0.009087931099623248,-0.0006432658024099203,0.007902222425896,-0.003916857803315188,0.005015829027623875,0.10468877485819927,-0.007354934158516624,-0.00943594177349838
2020-08-03,0.0011325390830079218,-0.005034622629927932,0.006952030784607155,-0.005587807850442217,0.004040112325782275,0.02519732557193599,0.010908303495893223,-0.019898574401932212
2020-08-04,0.021277725496817057,0.009532091764221873,0.003862630491276997,-0.005723115500008147,0.028875436802411114,0.006678267878925448,-0.0008821919316411853,0.00842354581851601
2020-08-05,0.009283241730160707,-0.00874234224369752,0.006211107162005014,0.017373053202009103,0.008741568081917839,0.003624620517787891,0.008015303930723361,0.011351442308209725
2020-08-06,0.01327406953286836,0.005585425467719229,0.00668424612721541,0.00030862368107742455,-0.004789118797634884,0.03488940677978247,-0.0057274720303974735,0.005506348455489141
2020-08-07,-0.015885305280057493,-0.006665861401059181,0.0007181150950668069,0.022007388223357127,-0.004582480459848659,-0.022735795990492247,0.007115890004231851,0.006739576832339278
2020-08-10,-0.003458957447482036,-0.00447340487742931,0.0029889590663059185,0.012678533881509857,0.024631367616164912,0.014534869110362836,-0.003836000850085841,-0.0016735192487182804
2020-08-11,-0.05369440853432983,-0.011885016229472911,-0.00825501114223548,0.03159782900934971,0.010334879989664758,-0.029739803927903097,-0.007160462813564417,0.004400555388355487
2020-08-12,-0.004668202325739945,-0.00909587628650943,0.013942906622803397,-0.008476264540784428,-0.00022673617126311996,0.033234080361467244,0.018302876882103192,0.01043162610272419
2020-08-13,0.023618065792215592,-0.010688898736982089,-0.0018081531088899316,-0.0055368433436732145,-0.024495147635536063,0.01769728633350276,-0.011091604014681344,-0.0010323553670319452
2020-08-14,-0.0043092158240957135,-0.003907264017043666,2.9908442779502664e-05,0.0003901773291683508,0.004417275956466238,-0.0008909207197507207,0.0016214432428183212,0.001446715629039197
2020-08-17,0.02169391289315903,0.0025127515112486343,0.003176496444838639,-0.026364467215399312,-0.012962985598913068,-0.0026108012738788045,0.005059765139396433,-0.004953298414322682
2020-08-18,0.009008003623491856,0.007151522791007059,0.0021604507859509514,-0.013940353113520265,-0.004925061221002558,0.008332839193827768,0.007382605103459783,0.004356113690940688
2020-08-19,-0.0315654554884125,-0.006250701500275291,-0.004163724427966198,0.0023392817737517557,-0.011077176583905057,0.0012546793536709622,0.001999091698626332,-0.021685629925547012
2020-08-20,0.006913929262821306,0.009039156418606753,0.003113666515762281,-0.01197353882566854,-0.01525235497325994,0.02218959427581413,0.006848829888182806,-0.0004218163777508499
2020-08-21,-0.008010905834894388,0.00599259079693959,0.0035471786019609652,-0.0005134058092114424,-0.007502305303693335,0.05153249069947674,0.008849307847631493,-0.0014785711310721927
2020-08-24,-0.005658401286623649,-0.0016248582112519117,0.010133417308298531,0.028154426128254695,0.029504955313814474,0.011960065150708354,0.0026358595128650464,0.014593930194924276
2020-08-25,0.0012154763574758753,-0.007653906249654452,0.0034991819297258697,0.004397345969811894,-0.031738642571568665,-0.008203703428259046,-0.000591503370663049,-0.001250953203501326
2020-08-26,0.011808847672626577,-0.0038260533958396348,0.010025574078206034,-0.01402993185433865,-0.021281768387920952,0.01359916490430435,0.001578197371704393,0.005218277702513374
2020-08-27,-0.011561927956646234,-0.017008900380562908,0.0021864999715877076,0.032899625667465404,-0.00674822739840264,-0.011954346287309847,0.004465179582449519,0.0014536086510141821
2020-08-28,0.017380235053033877,-0.0007446901713412668,0.006459567411906342,0.0041035708120515935,0.023905344111856186,-0.0016200515927413672,0.004314234222255076,0.03317415277812219
2020-08-31,0.002386259791001155,0.006640937016252568,-0.003622740442548067,-0.02510482841001971,-0.0184320508581709,0.0339123695854433,-0.0014970504783976546,-0.006020287803727098
2020-09-01,0.0011902895553947967,0.011437823476687425,0.009418498774020456,-0.0004988665230742928,-0.01276911265622982,0.03983266771020766,-0.012319664400702202,-0.0082777320059495
2020-09-02,-0.013131628719242117,0.009520357566150661,0.014463868195429663,0.0150790424582945,-0.006086965496117314,-0.020718485468395387,0.01524531444975219,0.04214165559159477
2020-09-03,-0.00810423703378893,0.0028416131092405816,-0.03441405273992726,-0.003148426823175954,-0.0020410848758904976,-0.0800608917112351,-0.02782285175238286,-0.013869997699169079
2020-09-04,0.0027602959130217375,-0.018988759651131004,-0.008164704868725003,0.02161262063599323,-0.0007670574437768085,0.0006617540699340729,-0.00641921886253205,0.011093153970528125
2020-09-08,-0.0019269219593246456,0.006145257750288957,-0.027322864785715106,-0.034775861036737465,-0.023029822050482762,-0.06729483275164161,-0.008951116166032946,-0.02409834571458802
2020-09-09,0.00970825655471863,-0.002687671728681562,0.019747159580539853,0.009507546333470396,-0.0060238510215847585,0.03988627903216835,0.016569318346941087,0.007628874445218203
2020-09-10,-0.0032231430104036063,0.005082688940289737,-0.017363429723795676,-0.010310280740940314,-0.02503327487372209,-0.0326456010366033,-0.018637062322719555,-0.0037856031565490778
2020-09-11,-5.486005292487661e-05,0.0021326360983242587,0.0005088511516591065,0.012421242717481462,-0.002702450568820902,-0.013128825316249704,0.005921668117825796,0.02119995453161394
2020-09-14,0.007892586821005798,-6.0831438757125156e-05,0.013171421018146834,0.013851567996546965,-0.006503981785174862,0.02999983777266224,0.003857593120709435,0.0011846369838659498
2020-09-15,-0.0023927480714920346,-0.0024319571221458336,0.005052409335330577,-0.03113097890437788,-0.010638491172417885,0.0015603636407519605,0.003640048158185971,0.006704702248441663
2020-09-16,0.0028345831622316187,-0.0029865136108691015,-0.003968867077000171,0.0042305545183549675,0.042459172459897276,-0.029513719406551786,-0.003291125158788155,-0.005092879203412726
2020-09-17,-0.005489995652194879,0.003056625713744765,-0.008795230627112294,-0.011434087751477473,-0.0002644556262935138,-0.015963536528042166,-0.008288434779209042,-0.004725574989091208
2020-09-18,0.0013117087099276947,-0.003108402638210994,-0.011512579975744175,-0.0021309546514445277,-0.016137598415307042,-0.03172018589945924,0.013657881164114594,-0.0019780024271738306
2020-09-21,-0.020087296599797022,0.0050741863931096365,-0.01112968359835309,-0.03090994767559918,-0.020435518655594564,0.030325805679789486,-0.027349699773746128,-0.0269574695371394
2020-09-22,-0.004846314367596194,-0.0007905248485301497,0.010184518756227057,-0.010911832753336181,-0.02470480144960252,0.015715847171020814,-0.006133504342285212,0.011611501893108445
2020-09-23,-0.021606497297661065,0.0013391099648678573,-0.023190800304700554,-0.016229837093240107,-0.032085425876669516,-0.041946254547710615,0.0015942603399383692,-0.02919869107429207
2020-09-24,0.003718800733685912,0.0038299198310369764,0.00266533648773426,-0.0008625363804632968,-0.0020357779361624972,0.01026893023550901,0.0015927144857057485,0.010163868366139805
2020-09-25,-0.0028499771605223767,0.0,0.01616693092056254,0.008741535724680505,0.009324198026935404,0.037516192483024735,0.006843382411642729,0.0004106283562312907
2020-09-28,0.01006056066236427,-0.002846220733595972,0.016609343615503924,0.028779271146849972,0.01934160139668384,0.02386900394840641,0.009954448027854612,0.01149445479578981
2020-09-29,0.008432402483858015,0.0011537135809762677,-0.0054459934945557675,-0.00842355009892437,-0.029170023477553486,-0.0075679411040258104,-0.000340148495602155,-0.007305512026789085
2020-09-30,-0.006004867330144381,-0.009585265136713539,0.007581989007456658,0.00964849300523185,0.001458652057958476,0.015075915253991878,0.012376084215550698,0.009198978415841053
2020-10-01,0.008920516455577454,0.001649784382003805,0.00641989807679999,0.0072713807689366305,-0.0349548958388457,0.008462022977157924,-0.01047817596424705,-0.0038486709798611907
2020-10-02,-0.0008953758525005462,-0.003734196230034015,-0.009494286045847788,0.009487670210134969,-0.0045277068799106646,-0.03228028500043567,-0.007331058212962094,0.0036601380852696597
2020-10-05,0.004872915921881216,-0.01953890132050029,0.01773293766198969,0.021136111525927648,0.02304424631608737,0.030791180873873003,0.013607907732912317,0.0004052295065062328
2020-10-06,-0.011760774579356315,0.005389419332456846,-0.014215916471776113,-0.010299096149300913,-0.010373193010094761,-0.028669492105028116,-0.013290163084363482,-0.008910796023591572
2020-10-07,-0.0004512229536247636,-0.007293049147008568,0.01740678816943486,0.017445591059548127,0.0032940184406127226,0.016966926660454407,0.011075885150458875,0.012668814978395115
2020-10-08,0.0035549310375408982,0.0053999110091722535,0.008862553131683049,0.020555328865031974,0.05253740214271918,-0.000955720080025313,0.006830332617346224,0.018159455073806008
2020-10-09,0.018161347296547614,-0.00018704087952203796,0.0089301530174275,-0.005698298673083246,-0.014747517755928863,0.01739572151903923,0.013969738197070036,0.006936523980604292
2020-10-12,-0.002871682500567463,0.0031855498755590794,0.016087453504854743,0.012252909680822377,-0.0031663618744706135,0.06352074800447394,0.005762833890496921,0.005510778155885854
2020-10-13,-0.015728823528417424,0.007161084389522232,-0.006526323459185579,-0.01620461927843908,-0.011839248492648613,-0.02652738877602323,-0.022918960876127104,-0.017028767705375092
2020-10-14,0.003094772946095059,0.0022869470631794453,-0.006283185465302377,-0.005556571566844415,-0.002045820518641217,0.0007432345714035726,-0.0017521316122768305,-0.0019911799080010173
2020-10-15,0.003646120384284801,-0.0017271898251175477,-0.0012359905184756714,0.014966894659455221,0.008784945451754789,-0.003960822341667947,-0.0061445543576426065,-0.0025937345413393764
2020-10-16,-0.0034652086045857677,-0.002780320309187956,-0.0006043702723912414,-0.002064393844252166,-0.010159825867717132,-0.014000400869715102,0.006182543331209711,0.000800063918150018
2020-10-19,0.0005047466985432791,-0.0037798906730937,-0.015203169070070799,-0.016845706451707243,-0.019941262108163937,-0.025542082874227656,-0.02552340792831953,-0.008195095017627718
2020-10-20,0.0048209014703402,-0.009516095315345807,0.004005700066705309,0.0057116842834532555,0.008378375518389047,0.013192157271250782,0.0015935417111263561,0.01269652110338848
2020-10-21,0.007531414803434222,-0.0034541003992768493,-0.001893114532419915,-0.009963368111376103,-0.016023963205318625,-0.005446459182379737,-0.004289281837176029,-0.005174048973138667
2020-10-22,-0.009800687777642647,-0.010396372066648119,0.005485566164820543,0.035322379372330515,0.05126690985145288,-0.009583180025290572,0.007990295521065338,0.013802642566190348
2020-10-23,-0.001062475196895396,0.00611268147405597,0.0033949645605197976,0.009039833860661206,-0.02008059308662713,-0.006134123872200137,0.0011027918654074043,-0.0031571318449459262
2020-10-26,-0.0005037860400700644,0.009303375280122594,-0.018479691544732613,-0.02475687620518019,-0.023712067718739793,8.710653690124914e-05,-0.008744191677613089,-0.01425186493481534
2020-10-27,0.0026323226696718383,0.006709296237869644,-0.0034476668657729137,-0.018866133178038758,-0.015891805480251264,0.01347244371076517,-0.005695896985307591,0.002008155197915862
2020-10-28,-0.01614344386479838,0.0009341816412613557,-0.034178950157385146,-0.028088028515365182,-0.03808643711985271,-0.04631220881882614,-0.03346126699671115,-0.03887781028858439
2020-10-29,-0.004144728133141373,-0.00970765179583244,0.010163669134168885,0.006525850752043816,0.04434557987041954,0.03705036375778081,-0.008456005276647693,0.0012511757804245516
2020-10-30,0.004561020978312902,-0.009865276586874971,-0.010424898927302584,0.00895350336385392,-0.010615748532816882,-0.05601830224721849,-0.0005833685851807102,0.0008329805606119844
2020-11-02,0.009704919089013941,0.007490597978009106,0.011208613843491921,0.022541744678881814,0.04199886342650405,-0.0008266580270150925,0.01152373281285568,0.011651927716042731
2020-11-03,0.005676996717700833,-0.005801936638802019,0.01765583045636765,0.03152120620330012,-0.017063887153023094,0.015353589435477488,-0.0013700557066470553,0.015014460373472538
2020-11-04,-0.0005588578456844351,0.02169198403362338,0.022349016374538566,-0.030557981759114394,-0.00538761290562062,0.04083657634936455,0.006498123907681341,-0.003647254254464549
2020-11-05,0.022983923404670703,0.0017386342814860178,0.01950301955057765,0.04089749889071115,-0.0018054287510592681,0.035493802451101786,0.002582352756053341,0.005490954168523743
2020-11-06,0.0014213621387162423,-0.012084606524989439,-0.0002283408179426516,-0.013320438219967978,-0.011757826885442024,-0.0011359908819401632,0.017816586512452215,0.00020242431048167475
2020-11-09,-0.04427097823171633,-0.02101506208502868,0.012565477992645402,0.13539244268754702,0.1266018155677071,-0.019968108978037802,0.026924511947078233,0.06309387720789017
2020-11-10,0.0033127817282887495,-0.005767200007874229,-0.0014665505639712695,-0.0032507901634321046,0.022185170925343112,-0.003009041841315452,0.015059984914212343,0.02682161055084875
2020-11-11,-0.004326595410341194,0.0036092326774155303,0.0074288255398333725,-0.014933039157273176,-0.010309368977940103,0.03035267006025011,-0.0032366772134664323,-0.007410352295629585
2020-11-12,0.006060679556170845,0.017017731133587732,-0.009701146893735024,-0.012284177765653603,-0.034265377127658536,-0.0023431872314236823,0.0033823933936079076,-0.010638289780248833
2020-11-13,0.006819714153532219,-0.001325913391286515,0.013844282472627478,0.006262617926297009,0.02412736341173982,0.00041937611167264244,0.01078889903809288,0.008300435707737197
2020-11-16,-5.650127239831271e-05,-0.002402369209160593,0.012482643153371997,0.028226177955158027,0.0576494176898672,0.008720512036684669,0.006337636448460415,0.0074834089160908945
2020-11-17,-0.0036691725592956637,0.006527909001476928,-0.005378203432986894,-0.010145122707885701,0.013364816322098294,-0.007564375812534219,-0.009943268316185971,-0.0031568754333450855
2020-11-18,-0.005722348480656891,0.002896537144073008,-0.012034707522074362,-0.007406951017242647,-0.037755222869848115,-0.011391449431670586,-0.013257696333860869,-0.019932739804782607
2020-11-19,-0.0018804594035273237,0.005148649264615557,0.004210174474054806,0.0026897547603521588,0.005106103678865992,0.005168245387077608,-0.0015605616952850676,0.009884070687760982
2020-11-20,0.0030257979459697992,0.008869375382231759,-0.0068479293800709495,-0.00856688081645074,-0.012299370650602492,-0.010957423954044199,-0.005301071921526623,-0.008657991685157351
2020-11-23,-0.0196938167555728,-0.004581442373111089,0.005994495586520765,0.028803380295466807,0.06551161200274569,-0.029742394917639192,-0.010182420427799266,0.0001897526191578791
2020-11-24,-0.015328336846880064,-0.009952353865110508,0.016113643513337994,0.046237295736749395,0.06656484810201269,0.011593816677084368,0.0,0.010250542845697819
2020-11-25,-0.0004717367343725076,-0.0030782872296805097,-0.0015418113298006908,-0.010460741570731624,-0.027870039127626534,0.007467433056506989,-0.0013206362563320528,-0.005449021160469081
2020-11-27,-0.010146901518740647,0.009705214593731304,0.0027849520123643945,-0.006637617613793112,-0.015192621859154043,0.004826188329688286,0.002227301047286856,-0.004345439094167847
2020-11-30,-0.006674981596057172,-0.00124840026602413,-0.0044269393010958336,-0.027553150943708915,-0.05125648764898527,0.021099710184320886,0.004722002338927167,-0.013195468189369008
2020-12-01,0.0210595460814611,-0.014744119739334427,0.010937381061667084,0.01577891315319735,0.0097036080723647,0.030827281901106174,0.019145786902418083,0.008526912198570713
2020-12-02,0.00752153069206285,-0.007936644175235985,0.00210362632065042,0.01920811446817794,0.03740257104203182,0.0029335033751796136,0.004679477894679929,0.001345114228077593
2020-12-03,0.007873502810363364,0.008063973983152728,-0.0002725697959549134,-0.0065551362957673165,0.006760276261847498,-0.0011374204765797202,0.0058053273390026305,0.012857259261590759
2020-12-04,-0.002835427586930339,-0.01466539862216143,0.00861758814645297,0.009072849337581346,0.036558160447782706,-0.005612465082164397,0.008523494045966196,0.02027291795835162
2020-12-07,0.014914066598165077,0.009019801896288815,-0.002054980339941448,-0.0037601963324420673,-0.018714056118334876,0.01227009311566829,-0.008650918066150703,-0.015969968489108477
2020-12-08,0.003487910186290799,0.004725407710482354,0.0029261968303320174,0.0009847457298770568,0.03276268444580355,0.005090647535696435,0.017318764925905006,0.0035854955195508964
2020-12-09,-0.017094017094017144,-0.003304465748430574,-0.008969024503005074,-0.007786808029751735,0.013257721893680019,-0.020903564684558118,0.010227641679232624,0.002820634703641689
2020-12-10,-0.001913054093070632,0.008863839400384155,-0.0003268683635510028,-0.006443751600275549,0.028270765209775783,0.011988808579788124,-0.005551683845444466,-0.005250392239695145
2020-12-11,0.0018586706605219216,0.003538817530587046,-0.001172538795796929,-0.005903473123337943,-0.004771333177624459,-0.0067349375482629315,0.004597471309020218,0.005655008964824404
2020-12-14,-0.005507636250083436,-0.0027707438171716836,-0.004477331532392825,-0.010538589914621754,-0.036073145069961066,-0.005146503636748401,-0.025367499803802485,-0.0014994776589283276
2020-12-15,0.013990959829817351,-0.003347376113796985,0.013519467758414505,0.017075548419384523,0.019422010678425305,0.05009032920140388,0.010062522378309069,0.01069986463853878
2020-12-16,0.005519095329445722,-0.0026617041412583253,0.0015693566700383244,0.0029087721906002617,0.015334721160860099,-0.0005473942407001609,-0.005977543201753699,-0.014487105297901315
2020-12-17,0.010520363984510617,-0.0026457086948552533,0.005592076079198094,-0.008287184713971163,-0.00503476991841878,0.0069633630466310326,0.02639089188028665,0.003957853576184611
2020-12-18,-0.0016974258370123785,-0.0029976874616661764,-0.003992774877456973,-0.004930140453824117,-0.017249032436627787,-0.015850531164629422,0.005793927997722825,0.008822871498382456
2020-12-21,-0.003173869592184575,0.003965898456236516,-0.003575586977506373,0.03753765107038842,-0.018254311172721582,0.012395170009323664,-0.009643273239157146,-0.01730546940222477
2020-12-22,-0.007903112071065643,0.005160858540083746,-0.0016853876869671325,-0.01521643933650918,-0.016924618124567692,0.028464514193251134,-0.001960728942123291,-0.0009469691329753172
2020-12-23,0.00664787877129025,-0.006909281583936333,0.0008985294455885473,0.027944357624519744,0.012851401937230778,-0.006976022516274161,-0.005107304987802319,0.006065410298976559
2020-12-24,0.003985267471422693,0.003957292365910803,0.0038905196625884653,-0.004397683281005316,-0.004070256977369069,0.007712021225880772,0.0034879683117108318,0.006781972099767053
2020-12-28,-0.003629142996869339,0.00044528819996703106,0.008590796557411018,0.00658547479598548,0.003365849409623145,0.035765887957564635,0.004722282902872577,0.013473162138365247
2020-12-29,0.003642361648136694,-0.0012709070825324131,-0.0019077491192015517,-0.002632715057077739,-0.011260210154021788,-0.01331494818492418,0.006201390210946123,-0.0005537700791430344
2020-12-30,0.007655178894261816,0.0021631404307655977,0.0014268886986998908,0.0027997146864788824,0.007995684773927536,-0.0085267840924651,0.012391522693621981,0.00572687253923454
2020-12-31,0.003714145601823482,0.0014604933930197905,0.005080603692767749,0.01364084646956587,-0.009134073835364909,-0.007702523146794316,0.008522622058080742,0.0073474404542202
2021-01-04,0.022258360658879317,-0.001204408064096274,-0.013614022836459405,-0.009443792520691607,0.006792605871524415,-0.02471910777254993,-0.005591210986492845,-0.03792855727755273
2021-01-05,0.0029616260665272787,-0.0074266405956788795,0.006887370640674462,0.005441482262512176,0.048192783444166665,0.012363672680704818,0.01175707677279103,-0.01099295470159356
2021-01-06,-0.01624105266038789,-0.02052837020014764,0.005978533324081159,0.046955729819672776,0.025517090487083616,-0.03366162871002987,0.009410130830344254,-0.03181310446947905
2021-01-07,-0.00233462025122122,-0.008814195458620944,0.014857551199858099,0.03283913244894454,0.007846008198056253,0.034123367193168,0.0033787587689959597,-0.01108485624035227
2021-01-08,-0.03420993723985433,-0.0032282110181348633,0.005697778462862013,0.0011040341507009277,0.01112091930997039,0.00863146667280823,-0.002057708539673353,0.022418035300675543
2021-01-11,-0.0019614419353504164,-0.0016520754838944551,-0.0067408923128724485,0.014924325970954833,0.030356436206084414,-0.023249234361130355,-0.004186571437111319,-0.017227790356659667
2021-01-12,0.006473960214956609,-0.0007943664728062849,0.000211157664736783,0.01571910586437597,0.022203402137619177,-0.0013953201255204606,-0.007780809946475453,-0.0017926302382386128
2021-01-13,-0.004307374345463466,0.011262350667376353,0.002692928336348155,0.0009271168388047535,0.011278024637495498,0.01622686198693457,-0.0015176022177346704,0.0009977240736553927
2021-01-14,-0.0005190998467168306,-0.009367919053929974,-0.003501919058913394,0.005842306523494489,0.03903365409133008,-0.01512712307210351,0.01748035944407933,-0.01854076527371451
2021-01-15,-0.012407628760563338,0.00396789169489975,-0.007292710667477054,-0.017921493629230456,-0.04810188210080013,-0.013730650063338179,-0.002178430505022866,-0.010765818262334692
2021-01-19,0.00847307255811236,0.003227097061667683,0.007852005297772191,-0.0043279653490212455,0.019837076958620914,0.005426997971653691,0.015471004167024072,-0.0039015283654038058
2021-01-20,0.016282289539807593,0.0009844548038615564,0.013838495308297505,-0.014995582694605547,0.014127993413884266,0.032856317210633534,-0.00245766570590078,0.003504631129630953
2021-01-21,-0.0006271772092728556,-0.0070175686389323255,0.0009119542112003831,-0.008384140800710593,-0.028669463445233467,0.03665810673704928,-0.004002711111252277,0.005546180341500673
2021-01-22,-0.007873145210082533,0.0032366854080043694,-0.003539712342667256,-0.007713502018276697,-0.014134799203691428,0.016073727203061106,0.011253511774526048,-0.009397376276262692
2021-01-25,0.0008626173693986328,0.011785201251495403,0.003944056832462461,-0.012482246931284413,-0.011174094221074737,0.027683811103855316,0.014857821082690181,0.005980911122243082
2021-01-26,-0.0024705999829396363,-0.0018868825266293854,-0.001560839790803903,-0.004087107771257981,-0.021961877567858057,0.0016794054175219841,0.02711180212728892,0.01045514346910692
2021-01-27,-0.006335623059913753,0.0025426897876816845,-0.02444077314656068,-0.02827185821910616,-0.01133610762459858,-0.007683857744804734,-0.015251053713053575,-0.015418941531195718
2021-01-28,0.0009273614616172043,-0.005527251149681001,0.00860026994457841,0.017597356668043407,0.015655630780374352,-0.03498511012011063,0.007624406235024805,0.012775606115877025
2021-01-29,-0.0004053281700162614,-0.006017177752457359,-0.02001942220422004,-0.01106750563967207,-0.02648675328559269,-0.03742073375879007,-0.035646784895332795,-0.02034587940131216
2021-02-01,0.009385291185094458,0.001159887788270142,0.01664532252449402,0.007383185391128366,0.0017839146598856992,0.01652018801534849,-0.0025745926577561695,0.006853382664400387
2021-02-02,-0.012167796413785958,-0.0064476013965848455,0.014140309390517913,0.030782432547062477,0.015806024033328425,0.006336641359983686,-0.008972803116808592,0.009901006616550134
2021-02-03,-0.0015106298641213156,-0.008872562219460312,0.000786272007734734,0.011451248004293646,0.03922836428762633,-0.007778382072796575,-0.004651528512185754,-0.0038807177171107377
2021-02-04,-0.021530474690833024,-0.0026727309050441628,0.011365735317483416,0.02301311601913336,0.01919016703075549,0.025757493862419878,0.009283822126701313,0.004920974019895885
2021-02-05,0.009872160109213546,-0.008373820208845362,0.003935953461301267,-0.00195322732045633,0.03351964493457671,-0.003097717729230398,0.015185986759808756,0.01305845988540999
2021-02-08,0.010070118005137685,0.004391332122990033,0.007221970455660198,0.015654560631175318,0.0430430624764544,0.0010967026914103783,0.0028578936213465855,0.005438280050834132
2021-02-09,0.0032649110578624185,0.0007398144940748974,-0.0006658061375525159,-0.003995957354483881,-0.011711734369380666,-0.00657346564254957,0.008185872364138147,-0.004407253439979941
2021-02-10,0.0036611162023989507,0.006653530665730267,-0.0004357446728235903,0.0005732845393908725,0.009678069262619493,-0.0045585719426007865,0.0032475706588595,-0.002012181577486394
2021-02-11,-0.008685078696598514,-0.005474728038854848,0.0016150813497493033,-0.002792753746636678,-0.025038888965724704,-0.0019202641023303713,-0.004496275277756423,0.014113307953928622
2021-02-12,-0.0030372306060941767,-0.012418910409447426,0.0049398040246062536,0.014217173636281943,0.013643295243712661,0.0017756583030941187,0.0031314204989498773,0.007753245362278172
2021-02-16,-0.014353488272303538,-0.015226911851531133,-0.0008661009011314835,0.024070521768144504,0.030087092033168394,-0.016103763359713308,-0.009064428743817965,-0.008285628227972408
2021-02-17,-0.011352850687983307,0.006350473353855746,0.0002293843535070561,0.003111366568531837,0.01556472783959828,-0.01764395695372034,0.0035741121681083232,-0.002784861764241975
2021-02-18,-6.0088418961767864e-05,-0.0040469599133607925,-0.004255871244546072,0.0033768507165650163,-0.015704540109866105,-0.008636441617790092,0.0004830522720524755,0.01276670767890975
2021-02-19,0.004148551901348441,-0.013292542579376954,-0.001765864963020114,0.01669062588750614,0.006728241697734116,0.0012334987729989422,-0.016652858041973473,-0.012999515809299811
2021-02-22,0.014969164015496528,-0.007607788883699507,-0.007691684126509002,0.00939070287913002,0.03685300321049789,-0.029798959262283153,-0.000617345038812056,0.01037688630106115
2021-02-23,-0.0023007456922117253,-0.002883525418791888,0.0012142541669450946,0.008031395882410974,0.013812401977089328,-0.0011111455420830252,-0.008834207936222915,-0.0017774055966265356
2021-02-24,-0.0007095264939214196,-0.006559859351410902,0.011019187715411105,0.01759503779442051,0.029972605387973417,-0.0040522159641114275,0.013400923216322802,0.0033634181688413367
2021-02-25,-0.018816524708764826,-0.016330338788621668,-0.02409554359580912,-0.01357163338565881,-0.016578390069488025,-0.034782565184472425,0.0010452015996715858,-0.010648673261968278
2021-02-26,-0.024182906697045592,0.03305855911121447,-0.005152520238206226,-0.02652442697042945,-0.024928644216761442,0.0022316911286079932,-0.026419269567974357,-0.023519817283827238
2021-03-01,-0.0017304170540851649,-0.013207194045500859,0.02424002262505809,0.022626604736175393,0.037336889048279254,0.053851053850601405,0.005427572146805115,0.018574963471455153
2021-03-02,0.005447934683729505,7.092112538331641e-05,-0.007803323547507679,-0.0032559215984308,-0.005851020576135735,-0.020893475943191242,-0.0018831725328576354,0.004008052843770482
2021-03-03,-0.011021541189334294,-0.01084622647968303,-0.013245680102154211,0.01933216455658271,0.008025743168918353,-0.02445671483433154,-0.017607882705393485,-0.0023951238700378186
2021-03-04,-0.009836893780889033,-0.00644956282824416,-0.012374562256645905,-0.015368261891190782,0.03874734738263852,-0.015811906629562,-0.020163713867373922,-0.0008002914204302547
2021-03-05,0.0006288110395962221,0.0019475733631162395,0.01839639304955165,0.0023245980610067107,0.037812926015959425,0.010738342462627726,0.01979483804674742,0.01702039831406532
2021-03-08,-0.010368190918767173,-0.007774757588468684,-0.004978966805917029,0.013252726424362926,-0.00098463209013544,-0.04167347360995988,0.008327727399217055,0.016735464077312523
2021-03-09,0.02127113294736649,0.013857503885906342,0.014277725424118426,-0.007062945495624695,-0.015442813159391111,0.0406497940605568,0.0019062568068570762,-0.01510463901473702
2021-03-10,0.005098279923459348,0.0020036381816908033,0.006224590864748469,0.021735002440426143,0.030702745662945397,-0.009166728716602401,0.009194214158265046,0.011403888421692487
2021-03-11,-0.000866011298261804,-0.007212859481701472,0.010139166033030333,-0.0052213455824822175,-0.00744711708759338,0.01650273992493223,-6.25174754665947e-05,-0.0108864301423931
2021-03-12,-0.00018572795011984056,-0.02122149297689735,0.0013466988215196096,0.011858096442344257,0.010765186605241839,-0.007625591309577184,0.0028908644264318273,-0.0019819407865716565
2021-03-15,0.004396503999798185,0.005879981788762256,0.005963544661821807,-0.004994763464081675,-0.02549647025126578,0.024456861305333533,0.005137554173419767,0.013304480030891908
2021-03-16,0.0009248406787658592,-0.004019101941628134,-0.0012612185815668031,-0.01197151365034721,-0.021195518891467313,0.012742979783088249,0.0059219939568253555,0.003723301696591852
2021-03-17,0.00714498527693741,-0.007482899340174987,0.003409889259953003,0.010292375534838527,0.004398400066729424,-0.006450504734153872,-0.003718060817180513,0.0003905413308262773
2021-03-18,-0.005810023730399405,-0.010126276516470578,-0.014549588139203262,0.016506415733773094,-0.04311918159970385,-0.03390529984172963,-0.0018660781162987972,-0.013075896413805577
2021-03-19,0.004183119739068708,0.006197709228679127,-0.001850335868702091,-0.01592111671642349,-0.005633003658639946,-0.004480091942287379,-0.002679573021586168,0.0047459411580488275
2021-03-22,-0.0014702614866924923,0.011205368135511318,0.007984903414504085,-0.026878948599337482,-0.010267065060837743,0.02833566024703349,0.0028739443146510446,0.0037394232896839075
2021-03-23,-0.007300628474884996,0.009027324009169169,-0.007870666206284627,-0.010002022097059471,-0.012341530599044193,-0.006888718669988303,-0.0009342786449446638,0.007647053529636905
2021-03-24,0.0034608341081703298,0.005382051860098658,-0.00508363301289938,0.007761132325164066,0.0202825723890534,-0.01999342141084437,0.00972856004835232,0.0025296443921591916
2021-03-25,-0.003633653726877295,-0.007885048562102703,0.005625692021236972,0.012813998065193566,-0.0028397091667555774,0.004163542687590782,0.0003706752237777611,0.009704951484324376
2021-03-26,0.0028434090575977233,-0.003500192061854923,0.01611504412355491,0.01665005537289055,0.027233643801282792,0.00514141775802357,0.018274740304340842,0.019608133715167453
2021-03-29,-0.011896005111092234,-0.00848826465704744,-0.000505305709954551,-0.015539484401802639,-0.00537146522342169,0.0014848133126208474,0.0067303191927088335,0.015271201205840912
2021-03-30,-0.017091823816998808,0.005240205182362789,-0.002653037373121392,0.011789537753458923,-0.012369616249847448,-0.012274321504021413,-0.006203278109235932,-0.012998965617112779
2021-03-31,0.015167857324082767,-0.005579919986885118,0.004053505307367367,-0.014565091909202077,-0.015169982522619252,0.01876559969188052,-0.003999754526927246,-0.008278491884326278
2021-04-01,0.012628087827510459,0.016596993925255488,0.010799018780478065,0.00972249372161249,0.027941912201795205,0.006958713324503041,-0.009248443529578876,-0.0037945930198594047
2021-04-05,-0.0003704010382533651,-0.004363590544784746,0.01435342767415193,0.005300309721555596,-0.015508036473249498,0.023577139018762017,0.003684505681147865,0.005713442909869304
2021-04-06,0.00802867506459215,0.00679268690097623,-0.0005909101095934455,-0.007030234525689294,-0.0028318322377732796,0.002462317174973805,-0.00024471036857187656,0.007195610471724345
2021-04-07,-0.002818323186048577,-0.006964162046721567,0.0011571908124246022,0.015668097786825985,0.0044374790093018035,0.013390331531096145,0.0013467231934916057,0.0016918012900046797
2021-04-08,0.01075202788807239,0.00825517661975006,0.004747087605878608,0.0012264018671392929,-0.010425803104438747,0.01923394623609176,-0.003911813265599862,-0.0030027807273381724
2021-04-09,-0.00753747660190629,-0.003622767658802206,0.007269860003533024,0.00747799833570606,-0.00232170768444373,0.020251336042557133,-0.010553871111863011,0.001129381786157957
2021-04-12,-0.006063609158189043,-0.0004365111028711288,0.0003646151940406295,-0.0021116662465591185,-0.006622507734695415,-0.013232965605218694,0.0024182634621598975,0.003196877798692599
2021-04-13,0.007086479573175097,0.0074938360440630625,0.0029636867400384403,-0.011926970765555711,0.003783801360988548,0.024306683359677672,-0.013362880903386776,-0.004873501289978099
2021-04-14,-0.004344315528953313,-0.0031774773807252688,-0.003414978121494605,-0.01869022276052945,0.028899820523627495,-0.01785312901295888,0.002758927452408688,-0.00018835064679223468
2021-04-15,0.016162763416190717,0.016734470134600832,0.010742461964479144,0.006348656818045972,-0.00593165784306493,0.01870770759738294,0.0029389805964290527,0.004709737187077678
2021-04-16,0.006047777218550321,-0.007766475650452409,0.0033425246920120166,0.007426043865250476,-0.005616279766487042,-0.002527668415045481,0.01153426900174992,0.006563024166668319
2021-04-19,-0.0027652942409929215,-0.002872395355653534,-0.00491327537455255,-0.0042401960144766715,-0.003176507732917111,0.005068731825901729,0.002773755894666996,0.0059611412617814885
2021-04-20,0.0035565515706876827,0.004609084738093072,-0.007321487941454707,-0.022142225953153405,-0.02106944406012279,-0.012830212639473038,0.023295975709216155,0.003148084928067618
2021-04-21,0.009911155680072392,0.0020067547384046147,0.00946220728300573,0.008508363071338954,0.012841503621252803,0.0029299690051405314,0.0006603855904523392,0.00812285965066728
2021-04-22,-0.006483147356353358,0.004364591684162589,-0.00913321713776738,-0.02105766139229648,-0.013035850415975547,-0.011685520007226002,-0.008463609143396611,-0.0031130829778472924
2021-04-23,-0.003831414124593202,-0.0023510094389389558,0.010842352006356748,0.01913556957129936,0.005427996031128313,0.018038528147377386,0.0020581611057515214,0.0005509579637326123
2021-04-26,0.002644245538133694,-0.001427637639397683,0.0020875763307188766,0.0024635139616879798,0.0019793306552757794,0.002977938807320779,-0.008457996162687498,-0.014870455054527998
2021-04-27,-0.002517371003141977,-0.008723210992328867,-0.00021548464669929324,0.0045825841241662335,0.013110521055100355,-0.002449630163576799,-0.005727537827431517,-0.0014911313971932572
2021-04-28,0.002944390689552989,0.0006489382447103509,-0.0002872440195614834,0.006479560866303968,0.030136657377628273,-0.006027217924835959,-0.007353856160860817,0.0001869608605589157
2021-04-29,-0.004133978948338446,-0.002954662821736731,0.006372669052552293,0.01944435272909284,0.014283072814943454,-0.000748344925147304,0.013705345224289678,0.012502250303609186
2021-04-30,-0.0033690142851713345,0.0023129794993017594,-0.006570640822697205,-0.00889229128549407,-0.028842726251607997,-0.015133409707975054,-0.008952412051826508,-0.005160346040067765
2021-05-03,0.012978352341882271,0.000599826923573632,0.002157075408304232,-0.0029258998561134675,0.027602960149761158,0.00821508463784415,0.015239800783226842,0.009262590358631195
2021-05-04,-0.007329692780131181,0.006785357007444537,-0.006169502136217697,0.013823927899378363,0.006290527176828098,-0.03538526116732199,0.015495504091667556,-0.006240615193444765
2021-05-05,0.004142168530566259,0.001649726369065796,0.0003128334545310363,0.01312065587171607,0.030072543291755238,0.0019553851340934347,-0.004172334291944524,-0.0025860974135649695
2021-05-06,0.01667957921247054,0.0016466843493052608,0.007985671366315783,0.02012433790842172,0.009513035221712318,0.012802650500824742,0.004010096430601573,0.010000114703872853
2021-05-07,0.00899681760120985,-0.0049318019647413,0.007278125857186346,0.0034225310603190895,0.014297184870250446,0.0053274067542163905,0.004531083865350505,-0.0005501928861546546
2021-05-10,0.0030305045955998366,-0.01012717993358625,-0.00990269434647828,-0.00012382721443882083,0.00240280844721652,-0.025804787129200535,0.010504423122001949,0.0073383358089564865
2021-05-11,0.000174300035968189,-0.0056593219391228855,-0.0089246173523575,-0.016623165352997127,-0.031799360846448854,-0.007410209175899296,-0.008163400870394688,-0.010745004798992874
2021-05-12,-0.009933813872024522,-0.010507601923937404,-0.021245120596990463,-0.0068754695860709925,0.005358272173326739,-0.024938520259097485,-0.004026765011262978,-0.005154482294587481
2021-05-13,0.004107329913244362,0.0015482112363129907,0.012012434474857114,0.025722445854255316,-0.01232497343466088,0.01791969410581462,0.010463901635479056,0.008697021721526976
2021-05-14,0.009115862292308208,0.0093515036902998,0.015355325754332405,0.015542003156817863,0.024788930530845743,0.01984486019542664,0.001529556151087741,0.004036178705934423
2021-05-17,0.011639321781340195,-0.002115475130668565,-0.0025446331117011667,0.004024069338528058,0.023367062638403047,-0.009258534251694428,0.0009988705215253635,-0.0016446855528133852
2021-05-18,0.001946172546249958,-0.0025585905422331745,-0.008615673235910837,-0.014088629067205205,-0.028300531331609702,-0.011245741928065489,0.0003522273505160989,-0.005490392384207121
2021-05-19,0.000685616890880425,-0.0024184575573737987,-0.0026218046929262773,-0.0076379709536638085,-0.02399462138114794,-0.0012814732359478498,-0.002170889141780319,-0.0031285515612377024
2021-05-20,0.004567270124640199,0.008228298555304603,0.01075820942457395,-0.0017380021179876914,-0.002373763331333989,0.021012092916514735,0.005820786000936495,0.008861323872129345
2021-05-21,0.0004545724551812125,0.0032062897863400774,-0.0008188130744412048,0.011378753618580761,0.0013594856145258127,-0.014767296288843434,-0.000643080040376165,-0.0005490853700549359
2021-05-24,0.001761036294059215,0.003704660974762186,0.01019428720122173,0.005410133658603655,0.011710967113024662,0.013314344992084948,0.003825713125579444,0.003295343173947529
2021-05-25,0.009072814229376336,0.009262645393341096,-0.0022187258902098828,-0.010334105301867957,-0.022647209476535535,-0.001573407819054795,-0.002755499800685013,-0.00018231067642060506
2021-05-26,-0.0017420486873281904,-0.0017202169260649436,0.001984531976443993,-0.0001234679470654143,0.011671769587014325,-0.0003943110652332438,-0.0059385566072212015,0.004380157956030306
2021-05-27,0.00039409662496781017,-0.004022342609675711,0.0005249918722409763,0.01557167130042103,-0.006447222862213553,-0.01237679860082519,-0.0015376314575171746,0.00835909524610412
2021-05-28,0.003770176937892389,-0.0015868403279234444,0.0017887703971195545,-0.0006692203001480435,-0.0032444513477917214,-0.00534795841687441,0.0026065129843944046,-0.003604086301484677
2021-06-01,-0.0026909461441234628,-0.00022437285917176197,-0.0008809727511447374,0.011020620684389693,0.03580607536277447,-0.002648219516613426,-0.02197941317322394,-0.0001809367316233379
2021-06-02,0.004890446350902078,0.0023151923694533227,0.0015727239644633961,6.0120122938212006e-05,0.007939034355240793,0.00627603112591002,0.004047348867658007,0.003979796874056696
2021-06-03,-0.019578228541437537,-0.0037533830272939994,-0.0037117016685005444,0.000662643119707429,0.003938439344039368,-0.012153961697333848,-0.0009624772312526453,0.0025222448766248906
2021-06-04,0.010783359066451448,0.013694546436125554,0.00914614613604492,0.0016246874624847862,0.0044131470597403855,0.019022283855020028,-0.00042172745786350774,0.010784072517866061
2021-06-07,0.0040076283608136976,-0.0030735834896883363,-0.0009702072876240919,-0.004686218648824236,-0.006509462707082858,7.914674216347173e-05,-0.00680815823430847,-0.003556418255387661
2021-06-08,-0.0030920774052216604,0.007026391389920006,0.0002132245794865817,-0.003984407980196392,0.017690556110346867,0.006672108066727356,-0.008796514764189411,-0.006959071670001427
2021-06-09,-0.0019175027218333307,0.008829305619975525,-0.0014920211429008123,-0.012484641110838357,0.008369461758351626,0.003077014476449813,0.013464668935734059,-0.0030550648351491683
2021-06-10,0.004294325821970535,0.005999009462308802,0.004648158097042776,-0.015588553969891117,0.001596085386726287,-0.008023349159539839,0.008997967937341311,0.007750583139074063
2021-06-11,-0.011252390785353672,-0.0016139196435895897,0.0016528289064177137,-0.0006859171642801254,-0.009242923273851567,0.009832765956126588,-0.012688282065726253,0.00447134429486562
2021-06-14,-0.005860923791407013,-0.007659530289529148,0.00223855776197035,-0.016969277031436025,-0.001608555838671255,0.02457804661752294,0.00248507290033384,-0.0034085840807744905
2021-06-15,-0.0037777095572453234,-0.0012039111805332015,-0.0018336820210189675,-0.015167936042151164,0.036410765564269365,-0.00643796853791101,-0.005321256073022584,-0.002520157558215441
2021-06-16,-0.016891711518855712,-0.0008502505189800225,-0.005583541002214365,0.007024452437678574,-0.003575461260871382,0.00393397343694013,-0.00036473444961726553,-0.013354989944346585
2021-06-17,-0.030740427140865334,0.01497163794980283,-0.0003315386115594343,-0.02886072263990802,-0.03291736717136384,0.01260073858373234,0.004804587589676057,0.005121527363446843
2021-06-18,-0.005547261946798776,0.01880577370856873,-0.013490457534504952,-0.02530294289346824,-0.025649289874849046,-0.010091436906396578,-0.01961033599070683,-0.02147402164859935
2021-06-21,0.012247646651096789,-0.01674284296875872,0.014315907200983968,0.01696850282142104,0.03625835475344252,0.014103737706475883,0.01148295030448443,0.010972514098123609
2021-06-22,-0.0041928539145718036,0.002442873679241231,0.005346082976123601,-0.0014625241200865169,0.019172482019961246,0.012698809359426244,-0.001342843902623625,0.003679561417432975
2021-06-23,-0.0006616578066259704,-0.002576126318533989,-0.0012051868178476477,0.006058044780578031,0.007367918717662958,-0.0020902401906803814,-0.006050439976376554,-0.008064871760035563
2021-06-24,-0.0006019387497473438,0.001605063827700759,0.005915685792742487,0.009198418892999438,0.004045806912958971,-0.0021687321118823988,0.0045500909035440795,0.004989129744586762
2021-06-25,0.0033124733437563947,-0.0103836031682214,0.0035520109525202237,0.010097584361687506,0.0021699407988022834,-0.002248893857748291,0.00514171870236213,-0.0012870748589182135
2021-06-28,-5.999463986816611e-05,0.010281220531599411,0.0020162493949644755,0.0018174276613438511,-0.025518066741620826,0.012546267625328067,-0.0011571400213223892,-0.0011046403934268367
2021-06-29,-0.010505462725200698,0.0016727650325203403,0.000537898427330763,-0.001230832061405951,-0.006189612461094396,0.01149962891684364,6.082049633593378e-05,-0.007371788235950083
2021-06-30,0.004853503869870712,0.0044535518384667405,0.0008416081158384436,0.009082282587232982,0.007346125901289469,0.004621342594926192,0.004328913943696389,0.004641635747747674
2021-07-01,0.0034413575356286863,5.582287533512087e-05,0.0055365633398085645,0.00990110523653387,0.002853311004358483,0.0022635243407731487,0.007405579237853566,-0.0027721143037992
2021-07-02,0.006558341503640763,0.006034310629111861,0.007643559489438179,-0.000960606710163403,-0.001422487683683138,0.019596437081935925,0.018196885967274756,0.0040769877846098534
2021-07-06,0.004961455343207799,0.011721116808980359,-0.0018214874539829173,-0.016791427706348894,-0.02849470785922703,0.014718427242741194,-0.005977008053635657,-0.005536821121666091
2021-07-07,0.003806801143447114,0.008858824623859451,0.0035341530842856184,0.0011731811774757794,-0.015642629043995382,0.017955061203020817,0.00857289659762972,0.00816608102398697
2021-07-08,-0.0006518168637834609,0.003918118681769167,-0.008148047718267049,-0.01725363383278089,-0.004469549665587991,-0.009199352399547611,-0.0019478839194297937,-0.003497770078958129
2021-07-09,0.003320562334123478,-0.014062992318784051,0.010674644633148933,0.0319994830884458,0.018124346071090036,0.01305477978200864,0.003962371493777539,0.006096234732858363
2021-07-12,-0.001241101031467462,-0.0012964757617535128,0.003581960868106693,0.014316144102595851,-0.0009798902735539405,-0.004203856795077288,-0.0015903432610717694,0.0003673211067840576
2021-07-13,0.001301782371024407,-0.007653421170504382,-0.003408934198575464,-0.014873520897296877,-0.004740869208071374,0.007889520923962445,-0.001239088158785706,0.009911917519077829
2021-07-14,0.010755182911599048,0.011361686965567497,0.0014919376299156184,-0.0034051231049212483,-0.02217492197404447,0.02410025109421765,0.0067940245371362895,0.022537287697561803
2021-07-15,0.00017547964957964624,0.01103028349383628,-0.0034152745232076676,0.002191741301174943,-0.009742799429084958,-0.004491965700731515,-0.01202933705135778,0.0031993337348386053
2021-07-16,-0.00970365108457183,-0.001885758847697816,-0.007843619401314839,-0.022835203935327453,-0.027650550879314117,-0.014075654017811745,-0.0016032735570642442,-0.00070855638649725
2021-07-19,0.0011805498135817327,0.021928908661287272,-0.014767896556367788,-0.03251912209890151,-0.03436843318051597,-0.026914775580457295,-0.007257660585339498,-0.011879283406769692
2021-07-20,-0.001297100524211059,-0.009639797807438955,0.014330484186010573,0.018643314783321596,0.011020851114020846,0.025974252892560612,0.009407795427414323,0.0017942753655968424
2021-07-21,-0.0037192566567244567,-0.012666528507715547,0.008096345642035985,0.021040609339336047,0.032165611905346614,-0.005132141257006673,0.006173997976476775,0.01289621467200286
2021-07-22,0.001955450591350383,0.009453315255533612,0.002094222347789332,-0.012626302334181494,-0.011253387751667954,0.00962884234261785,0.002890965853464378,-0.0014145906575697698
2021-07-23,-0.0031344183025339145,-0.006689168151876812,0.01028786573519036,-0.0019211320747367644,-0.0012256644240304926,0.011988978201664002,0.01064834996451336,0.00956254194097328
2021-07-26,-0.0023730060647713103,-0.0029631957795218655,0.0024548758111606617,0.006704533440533567,0.02524536739462757,0.002894772613040164,0.0004655791906345019,0.0008771114561494375
2021-07-27,0.0016650735799190741,0.010671328938120395,-0.004557822172304493,-0.001318840455767356,-0.011114758270059255,-0.014900266682580932,0.004596502382658185,0.0035048286442096455
2021-07-28,0.005046252863966982,6.672507984628595e-05,-0.0004098888302058734,0.0016508988829857518,0.006743715656122751,-0.012196313385878121,-0.0027798065283951567,-0.009081176074480557
2021-07-29,0.011105233370970247,-0.0055461597560407805,0.004147371074640693,0.008569408021550373,0.012195024958991052,0.004552602894882796,0.0,0.005463329111385473
2021-07-30,-0.007886842666167015,0.004703486608095497,-0.0048562699842175094,-0.007973874011841242,-0.023078139110507823,0.0015104777368177835,0.00011597813531638579,-0.000350490112473012
2021-08-02,-0.0012366429443513294,0.008919943547527343,-0.0020980952806445297,-0.004019097806705285,0.00017376413247105482,-0.002330824711421209,0.0004066413393808421,-0.0026301791321441392
2021-08-03,-0.0007074766626713469,0.0005307661334601477,0.008135507169542144,0.011378317207854538,0.010767762305212036,0.012644344124266516,0.012306121017513494,0.0007033084812859691
2021-08-04,0.0002359625041987723,0.002056444877735153,-0.004919081625372357,-0.010792129331374078,-0.02336767924115546,-0.002782476675126766,-0.005906598815658914,-0.014406175627087792
2021-08-05,-0.0039520921003340925,-0.0050967447808418775,0.006332994946814274,0.012628804302526442,0.006333427595651031,0.0007484530000596568,0.0019038059301244026,0.00713016089356544
2021-08-06,-0.024991124040327772,-0.01670187181667704,0.0016523355842938958,0.028403546745523478,0.011538367824176943,-0.004766994426140925,-0.003339283724450026,0.0024777046116131185
2021-08-09,-0.017735654639032372,-0.003586431030031312,-0.0008136255192987552,-0.0010793655952133774,-0.01140675251794554,-0.0003421534554504113,0.0034662328151857658,0.00017678689659272884
2021-08-10,0.00030919522248562537,-0.004617740533158998,0.0012438091103810223,0.012267240781434152,0.017132783843736288,-0.0033541231405822547,0.00034557761255604724,0.002647587258072459
2021-08-11,0.01378497662510525,-0.0006141465663618284,0.002485118021346766,0.011930086598042067,0.002922072958682076,0.0017857108350800566,0.0001723248338278971,-0.0012323093029386056
2021-08-12,0.0002438615008097944,-0.0016382162312102988,0.002996939857468073,0.003909318489496938,-0.0022616580872681924,0.020773188827921008,0.008055227414430988,0.001938997853622615
2021-08-13,0.014325811995228088,0.015795984535522667,0.0018200652306801235,-0.01118742756821478,-0.010113395938120107,0.0014106285406780827,0.005993369971679652,0.006861324659964474
2021-08-16,0.004988291568599701,0.002423112053229426,0.0023545150599630915,-0.006563336177903278,-0.014620398742197449,0.013547887415192639,0.009021146332300667,0.004368389908359527
2021-08-17,-0.0014950364679763295,-0.0004022483893822981,-0.006555094476215939,-0.012080744882069339,-0.006792855645822993,-0.006154189229010454,0.009165560585590926,-0.0034795274503023332
2021-08-18,0.0007786122169375354,0.0033586830536627144,-0.010945158904264951,-0.009107587486585578,-0.021058656147404542,-0.025500610851965422,-0.012704027704640852,-0.01361716131252022
2021-08-19,-0.002932408589264246,0.007365094593710264,0.0015482161834390329,-0.008356028616786082,-0.03052007491704023,0.002322697169479193,0.007788216494061695,0.006371643010453454
2021-08-20,0.0005401616803368814,0.0006648936969351205,0.007957231836766221,0.002851965558522851,0.00018962575806402704,0.010157017812286062,0.004872137974242241,-0.0038692846980384887
2021-08-23,0.012177557387281546,-0.000664451907050112,0.008796660267993195,0.012797291536879918,0.04114526972147159,0.01025698361734717,-0.004316947282268946,-0.003531130852835185
2021-08-24,-0.00047414113127741686,-0.007776984654200625,0.0015871186124407632,0.006189896471630929,0.008195039269781379,-0.0006010646894697436,-0.012499169356509854,-0.007618587592129189
2021-08-25,-0.006937433805443538,-0.008306238512473252,0.002098324292564513,0.020612953166257775,0.0018064982869512303,-0.008421324690012666,-0.006613984672422468,0.0010713098992287673
2021-08-26,0.0011344784228162208,0.0027695023116338646,-0.005902981363450799,0.005157908355813756,-0.013523409760154537,-0.00552728739281616,-0.005337679956052721,-0.009452650099944782
2021-08-27,0.015029547921398434,0.0068034399316840855,0.008940927044707392,0.00803707286680222,0.01937503281315478,0.00718463365381683,-0.0021349034089946928,0.0019808615724561385
2021-08-30,-0.0049356385559711224,0.002609620989437289,0.004397597333826164,-0.016007392448956548,-0.010937702702637053,0.030417093107282023,0.0042212930416964944,0.009523671766801911
2021-08-31,0.0020076547129428413,-0.006807031203051039,-0.001481661933569911,-0.003054166209499165,-0.011602638908300045,-0.008424521228460269,-0.003051898357991023,0.002313976899121384
2021-09-01,5.8898619200498104e-05,0.001675224938252784,0.0005314015355761814,-0.0014377594175187802,-0.013756405745008249,0.004478446126821467,0.0035233112550725476,0.00674831702465184
2021-09-02,-0.0026517204262498373,0.004365669983029008,0.0030766471130352357,0.004633026976639476,0.024363028476028115,0.0074748345800956795,0.006849038375155159,0.001411331297344054
2021-09-03,0.01069422486613747,-0.009094761051706146,-0.00024280611240246053,-0.006045066100331065,-0.003812815918828316,0.004230386105005035,0.0006290837295173102,-0.0007047490315152949
2021-09-07,-0.01958371853465668,-0.00843545692637282,-0.00357523344054711,-0.001755462767893512,-0.00583185837211686,0.015489598149530437,-0.01553916224974039,-0.018684888407636935
2021-09-08,-0.0025044029033459703,0.006806463682226038,-0.0012183931805276327,-0.004459532934550592,-0.009165866492342079,-0.010083729318928092,-0.0024372211646239705,0.013472324719436157
2021-09-09,0.004423489287242344,0.012100161002601473,-0.004280295369273546,0.004353063329216367,0.0007399790122031291,-0.006705006711355321,-0.022280686002710604,-0.009925732794842546
2021-09-10,-0.005058656845151166,-0.008816764052726023,-0.007884540813640206,-0.011495613825934115,-0.002033604572454162,-0.03310154071094862,-0.006544696102528613,-0.004475368647447242
2021-09-13,0.0033497597913456634,0.006064905619230343,0.0025593687042022584,0.01588697710073994,0.02575012715012126,0.0038930135290693446,-0.0070075356940859646,0.008271843545196722
2021-09-14,0.006438546534438316,0.012123096935846123,-0.0053965975311308645,-0.01745245118125127,-0.014267486871933355,-0.009562002247964663,-0.006031230982931124,0.0007186746475231764
2021-09-15,-0.005864266379652205,-0.0035074839091425725,0.008352776145393426,0.006939466577154052,0.03371197361811218,0.006143867228898703,0.0037621059911465693,0.0034118638747897556
2021-09-16,-0.02264197706190263,-0.0045820271246842514,-0.0015852862110500299,-0.0004424741993918069,-0.010634388348568002,-0.0016103623682416357,-0.001209228129958273,-0.009484757106085429
2021-09-17,-0.0015850424237688898,-0.00480372842436827,-0.009741058447445994,-0.0025938912842999873,-0.011823790090265796,-0.018347969450200674,-0.002844392087143599,-0.01644082686244186
2021-09-20,0.0071441542310690664,0.01240164824225487,-0.01667448653062542,-0.029933536472689926,-0.026649692267371794,-0.02136114666088218,-0.005705541334415698,-0.006980004763803893
2021-09-21,0.006669036185550814,-0.0008605324036012885,-0.0009443976686559497,0.00013046056309451437,-0.000931428115754529,0.0034277103690807387,0.004395131920038597,-0.00018505452856198978
2021-09-22,-0.0037340107339023376,0.005964642542150234,0.009754940557191505,0.019152820039112672,0.029269293582292688,0.016872513819951696,-0.003646883382820487,0.0014800605213509677
2021-09-23,-0.011546389089901132,-0.022596807768417215,0.012149912576171484,0.03380134755532249,0.03387077273840511,0.00671960674959271,0.0056733752988509245,-0.0016625262321678935
2021-09-24,-0.00128427290155253,-0.00977373042904539,0.0016471428922897324,0.011540147568839032,0.008934773974152765,0.0006124282807946635,-0.00303286236313971,-0.0027757892239234083
2021-09-27,0.00208203509820426,-0.0036758627158333113,-0.002861042884262033,0.024165766293970492,0.02969264206585054,-0.010549809745320604,-0.007240336577923334,-0.005195754739458547
2021-09-28,-0.009716428402719801,-0.015576720276547884,-0.020151676741389846,-0.0053897176469369645,0.01045522071032523,-0.023801165182832484,-0.0022062394664879026,-0.01809367649858451
2021-09-29,-0.004504756024632184,0.00173509166650887,0.0016831442807125896,-0.00078256573484492,-0.0006676385035220278,0.006482773843416778,0.007432160862218984,0.006078986801065112
2021-09-30,0.01797665363761114,-0.00013838173075875204,-0.012222428327541057,-0.013619034449960266,-0.017702053149451502,-0.009311827596912625,-0.015363851906667447,-0.009252199329631061
2021-10-01,0.0022530453929923144,0.008415486958688767,0.011884318303203134,0.021015752015879796,0.03587228684561761,0.00812736371518441,-0.006377972002306165,0.010482240802658804
2021-10-04,0.0046783175745395145,-0.0025458740670910585,-0.012896248375011354,-0.001077286178300385,0.012965691882700359,-0.024605849056893225,-0.007789582164179687,-0.0005658048698463647
2021-10-05,-0.004656532835140448,-0.009656366567210029,0.010405119375530347,0.016330324927508855,-0.0016204186951169763,0.014158315794676746,0.0022613014907462148,0.001698375558700782
2021-10-06,0.0026733243283083574,0.005641428597450426,0.0041559808714559665,0.002134468672819967,-0.018337995185602862,0.006307406711203889,0.0020679093962254758,0.011868885283761621
2021-10-07,-0.005271739220885419,-0.010457817774042977,0.0086457712476391,0.006330478453552724,0.002810315255387996,0.009084683867156995,0.008942302968102611,0.003165201483283697
2021-10-08,0.00042636491147840516,-0.006999167464591949,-0.0018236411803077557,0.0007642890368735333,0.02505771502121279,-0.002721965408906235,-0.0025414045499420057,0.004454190566227645
2021-10-11,-0.0018875818465466931,-0.0025373307278200308,-0.007239653385073708,-0.02103123143876917,-0.009970820176386286,-0.0006297088703961506,-0.004225563896723017,0.0020324510850715516
2021-10-12,0.004514430828637339,0.01709991031943381,-0.002461764701477742,-0.007681365223959569,-0.0051983757955148535,-0.009103094894655661,-0.01597469047021638,0.0
2021-10-13,0.017794197805277356,0.009727204337704132,0.0035976509658561806,-0.026366871192683106,-0.0027760451412093268,-0.004239957797033456,0.009575620620035918,0.00018455540037431994
2021-10-14,0.0024464685904206362,0.003715076377110549,0.016820522654629855,0.015341688877595905,0.015228406124847993,0.02022572142492196,0.005716146320273285,0.006821624671604631
2021-10-15,-0.015892846243722114,-0.005826904913541986,0.007615952176804441,0.019208366477101002,0.009516238742712124,0.007512279907855968,0.007432416738754721,-0.0023806760197109256
2021-10-18,-0.0024799108302698825,0.004688596655140209,0.002960518223545927,-0.0003601563311634859,-0.0004793323894844992,0.011806375570149186,-0.007315777977373816,-0.009911959317916108
2021-10-19,0.003213671993580469,-0.013794231604426388,0.0077148317308863845,0.012128668473016413,0.015025538152162676,0.015080146977811237,0.023420266808445778,0.0038933263888607517
2021-10-20,0.008763958748792211,-0.006750303656975043,0.0039276279301292405,0.013466138570005226,0.005511810407605067,0.00336085325703106,-0.0005494433490026429,0.008864206600127877
2021-10-21,-0.0008987052245035265,-0.0011911638540279545,0.0026082945854164485,-0.007843663202706574,-0.018167683334617157,0.0014739436091690816,-0.0023202944426571337,-0.005125455418814928
2021-10-22,0.006116967151190034,0.011013186876307923,-0.0010362265252463754,0.013451477804762524,0.00685930457887074,-0.005284689249627217,0.0019586619852247633,0.00183994460701431
2021-10-25,0.006914158513320778,-0.0015266760978236427,0.00536285041605189,-0.004890334941864971,0.01948668069097126,-0.0003361804601572649,0.002198720715227198,-0.004040427818730041
2021-10-26,-0.00739951491266011,0.008269214620445275,0.0009000196551089967,0.0026911224332502037,0.02315461566194421,0.004574559258850419,0.010177923999740823,0.0044256061228358234
2021-10-27,0.002624060476058121,0.018194536940153272,-0.004430093944174818,-0.020828177066180564,-0.025972112461907004,-0.0031474758014506943,-0.012126456516747153,0.01927681637252876
2021-10-28,-0.00023788536339730548,-0.0033847975161628296,0.009648812922329553,0.01507446954073699,0.0028069312568042015,0.024991746284567906,-0.0054356721395518726,0.009365990590681994
2021-10-29,-0.008507900517562339,0.00305648020414262,0.0020291208274592076,-0.0027588039727665103,0.0024879023142820866,-0.0181555540529742,0.0001844021708423682,0.005888684845501535
2021-11-01,0.005220584505493342,-0.007200062284275832,0.0017200516993536308,-0.0005296526571262339,0.017992755794796533,-0.00560760886849887,0.0008595630109853314,-0.003548098843400571
2021-11-02,-0.0021490007233168074,0.004438816521433964,0.004043281628655304,0.003945599179479009,-0.012341949477920444,0.007115828274058655,0.01576472034698284,-0.0012461743790735946
2021-11-03,-0.008315382622616663,-0.010333552918653899,0.006105291492207288,0.00035200126482504146,-0.013730236200612755,0.009798979686671094,-0.003200632281976201,0.0033867719727425083
2021-11-04,0.011340951773961994,0.010510129700934234,0.004712320677333848,-0.01313537885887095,0.007508283844551489,-0.0034987002012508706,-0.0027869625831128397,0.005507241155337628
2021-11-05,0.0130629437586407,0.01495564629009305,0.0034696870478074793,-0.0014260395932814696,0.009470441034679311,0.003582531163879521,-0.007108329606715258,0.004240215543449999
2021-11-08,0.003591619309376348,-0.0018757677448063559,0.0008536202445821317,0.0060099480504336444,0.010766195396722189,-0.005552600258176943,-0.0034262552297343873,-0.008972635096338277
2021-11-09,0.0049281100201232775,0.013019359925894536,-0.003305234903502652,-0.007571210063740175,0.009738099762127472,0.0024593420085183837,-0.002210410260505724,0.0028405420338035725
2021-11-10,0.010858781500706183,-0.018283628151233966,-0.00804494315670079,-0.0009535829074669433,-0.019700519061908728,-0.0191634388833819,0.01083018683460879,0.004071533603478894
2021-11-11,0.005602086369596027,-0.0014840752869039742,0.0003237083398388574,-5.957890939423116e-05,0.0018692528285770837,-0.0003378600816097421,-0.007365892169562627,0.00035275205810081367
2021-11-12,0.0018952552280546708,-0.004392621170645761,0.007546750050793305,-0.004474734986245732,-0.007619113086231422,0.014337096507592184,0.011958711138578826,-0.002291228831605596
2021-11-15,-0.0015477459282561279,-0.012556679903669488,0.0003424245328649267,-0.0017978774888597338,0.008617829159219603,6.649375515421774e-05,-0.009029583259444696,0.0001764861103648041
2021-11-16,-0.007233864736584827,-0.002543642491094289,0.003957632436584646,-0.007204565894796788,0.010097794038592012,0.006666622271075839,-0.005198265693026616,-0.007064633609787041
2021-11-17,0.009137183945092442,0.007924921120413098,-0.00242894380512515,-0.005382165115154547,-0.010919715081129544,0.016490236219788734,0.0037499745093176884,-0.00551402038454174
2021-11-18,-0.0032091550635745536,0.0037609090965633474,0.0033963977368010045,-0.008634047042205273,-0.010884704647110222,0.028535806424354382,-0.005389609507799875,-0.008942796315412727
2021-11-19,-0.007646325240812324,0.010557863675887402,-0.0017882444958716714,-0.013063495615966425,-0.04621914617054035,0.016976119243915733,0.0030173092666743173,-0.00505330421149619
2021-11-22,-0.022420457120115533,-0.011728173545690779,-0.0028151723043576826,0.02131504233078907,0.013845329597644174,0.002927427162592755,-0.013161901452464209,0.0061672692736221
2021-11-23,-0.008652404091134991,-0.014459654251700482,0.0013260087401441023,0.02391248849164418,0.026337341227406608,0.002421917255845507,0.006199023475133014,0.007391367450064079
2021-11-24,-0.0009565020521100642,0.01605544073378784,0.0026698476355042633,-0.007844193936959787,0.005543865831331374,0.00328353255770919,-0.0028005157163076833,-0.008053009690021873
2021-11-26,-0.001615539860939763,0.025268939205019603,-0.02230321717470163,-0.030126809682525346,-0.03512890015348735,-0.0316783773564866,-0.006490212667935591,-0.03066921615203777
2021-11-29,-0.0013785494630753625,-0.008037716451320565,0.012266407704915716,-0.0043231201958402465,0.005550762094781891,0.02187375147831938,0.0034548518556167807,0.015819625194636755
2021-11-30,-0.006721853018899604,0.015202032768591556,-0.01945761272284896,-0.014885370652392371,-0.028413661207444374,0.031577696511372544,-0.023912312688983195,-0.031573024607948086
2021-12-01,0.003987937535404162,0.006168362011597983,-0.01110707284812873,-0.005918364917498087,-0.0008356410709730033,-0.003206355075451084,0.01378783988765675,-0.0028599366041988095
2021-12-02,-0.005536820827328315,0.0012472971881307693,0.015316368769915822,0.021027570892240943,0.024920560375344625,-0.0061298390699376926,-0.0062623339900488295,0.01472289853223252
2021-12-03,0.008412002804647267,0.011932171449486884,-0.008701433310358886,-0.01811319185550897,-0.006363978219416921,-0.01172445514617948,0.014577876594869421,0.008856148468836533
2021-12-06,-0.002460563224478851,-0.013735096154182447,0.01184336797881036,0.011813693903359956,0.01133175761793992,0.021502905202419154,0.022336212697476654,0.025588353884810067
2021-12-07,0.003549490636251651,-0.008079664389353702,0.02068479731848427,0.015047490997305513,0.011204932413636515,0.03544605406809809,0.002577785186980819,0.005463460884160165
2021-12-08,0.0005395140531609943,-0.017284623311897507,0.0026480664194195036,-0.011441244029509523,0.0028907266950413124,0.022783162692420644,0.005998659154477393,-0.003803767806689784
2021-12-09,-0.006111378376110088,0.005592799187687847,-0.006751687869976597,-0.001555654238973303,0.0025619936382235142,-0.00297010487856908,0.00949270526267898,-0.002545422203890424
2021-12-10,0.004219899491422874,-0.0024120125447076868,0.009413476839802648,-0.003988658434258441,0.006388580912523034,0.02801334962784785,-0.002471255036008091,0.025884101797545744
2021-12-13,0.00252130006200435,0.014779496263578551,-0.008858430294725328,-0.011888168445977065,-0.021900997471171912,-0.02067425983721416,0.017886357812055387,0.026297081872953987
2021-12-14,-0.009341302746070368,-0.00238382138675286,-0.0068799037093913995,0.007661866494373726,-0.0014604810375359323,-0.008023189886512405,0.010922850955126462,0.0006925981215237798
2021-12-15,0.004291534360497673,-0.00962176448223806,0.015624969268735134,-0.007478093434527544,-0.0043873445887799845,0.028509148703372178,0.00499161697628514,0.0044983197807224595
2021-12-16,0.012097561477355745,0.00038913287380792916,-0.008818461447380188,0.01563892688883306,0.0016320572438313086,-0.03926382247922078,0.010927013879844516,0.010161984813815916
2021-12-17,-0.002140821851282393,0.01133143622504762,-0.010642753244063607,-0.022754173404012534,-0.0218346880304493,-0.006501811082245013,-0.027628872511648916,-0.01568653780125706
2021-12-20,-0.0042312675861405635,-0.0074914538112607065,-0.010633533468794587,-0.0179891120148431,-0.014492766533703572,-0.008122106934310702,-0.0028530633699492824,-0.003291098152184757
2021-12-21,-0.0004188884251822289,-0.0038080342559810854,0.017758961388541383,0.013966322316425694,0.02265042532728123,0.019087246883100706,-0.0032192030898062773,0.00399728714690073
2021-12-22,0.009400024100517657,0.00462717869298479,0.009998751845790244,0.003907947400402234,0.008099001496598701,0.015318474368985813,0.004305960210765791,0.007097298008099884
2021-12-23,0.0022540179789249937,-0.00867715192594054,0.006222123900862853,0.003573751682394599,0.000491960037325434,0.003643988693833533,0.0019057155249089242,0.0006873734711723145
2021-12-27,0.002367247994286892,0.0024240397952735027,0.014152120564397741,0.005722998562692316,0.014257780948299548,0.02297488076987264,0.008439715529709568,0.007385853813244969
2021-12-28,-0.004310065233419702,-0.003963301153126597,-0.0008172669630467366,0.0030348609615264976,-0.00323163114603775,-0.005767356098038912,0.0040078853232004,0.003921411642834549
2021-12-29,-0.0002965076609273698,-0.01092422197383025,0.0012794779142468737,-0.0005043700331606171,-0.008753425520430569,0.0005020376617912437,0.007044247683083871,0.0011889174341193076
2021-12-30,0.0071772153754725565,0.008386126086518564,-0.0027647652265867517,-0.000504624550661914,-0.005887052572672302,-0.006578291932456404,0.004430389090021469,-0.0028838999187935643
2021-12-31,0.00683158799329231,0.001960545219794163,-0.002520199261875078,-0.000820171311899931,0.006579995374305536,-0.0035353215531906956,-0.007196454893582227,0.007315489313663326
2022-01-03,-0.015383743445999576,-0.026250243610847157,0.005790023110515685,0.021155905863611046,0.03840497899854589,0.025004252005254468,0.0027475987155294312,0.0015199624456498917
2022-01-04,0.007366515057776857,-0.004157782257077525,-0.00033485479984340927,0.03790978149982771,0.03761397491466556,-0.012691809206018645,-0.002681624441530528,0.01669479996709189
2022-01-05,-0.00300766493835114,-0.005427721581939049,-0.019202191819525205,-0.018282276347625026,0.012437441710158703,-0.026599752480858663,0.006663484405568854,0.008293308038507918
2022-01-06,-0.012244126909514819,0.002588683780704315,-0.0009395399661106252,0.010624085335701361,0.023520675384476553,-0.016693378666103653,-0.00342601722476088,-0.005263966083844385
2022-01-07,0.004551137683908024,-0.007188247809019055,-0.003953410775030308,0.009908105656868393,0.008196574816534019,0.000988737682520835,0.013517318438915904,-0.0023153117149211644
2022-01-10,0.0030402057039400354,0.0024604678432462723,-0.0012444239951500125,0.0009574475044422659,-0.005952288142452078,0.00011585523281287813,-0.0049439276044666025,0.0016575907591951378
2022-01-11,0.0120646549718888,0.0066609768630403465,0.009108440890343239,0.0010156575259190337,0.04206234145754095,0.016783738202581056,-0.010630146617597758,0.0003307821278177858
2022-01-12,0.002642622730480104,-0.0038305710591649555,0.0027034489463109157,0.005672056757904498,-0.0029431925672880332,0.0025703705004587185,-0.008525640175078841,0.001488928083469343
2022-01-13,-0.0033969884760131075,0.00888029602243412,-0.013778613691053043,-0.0012468784926443766,-0.007169255390440887,-0.019028155260556345,-0.006066320789364421,0.005946570087906222
2022-01-14,-0.0028796749096049457,-0.015109483232168763,0.00040900949184075053,-0.061463289486433315,0.017556387756309855,0.0051107268248846704,-0.005451497103477809,0.008045801897993643
2022-01-18,-0.001650255097062403,-0.01407447208714796,-0.01770954248190848,-0.04192781483520358,0.016836056110266062,-0.018894422766158825,-0.004408955361161371,-0.007981583657056812
2022-01-19,0.015880526897095182,0.006923279059226184,-0.010383731107788674,-0.015469454502820335,0.00041038952612759694,-0.02102479466465912,-0.003111728351938292,0.0016419332412087595
2022-01-20,-0.0024988838330701757,0.006167101585191848,-0.011067913110585637,-0.008527181408941042,0.0021884964473504187,-0.010346631302812992,-0.00798431750839479,-0.004098247105334463
2022-01-21,-0.0032624385581478954,0.011906676955394824,-0.01963052262949605,-0.017472503007393114,-0.01501293541149784,-0.012765379720949044,-0.0022994892986153426,-0.004938464049128899
2022-01-24,0.005494198734739664,-0.008215525972090743,0.004246650836081889,-0.0008961212987151912,0.008590879199251722,-0.004864267841486858,-0.011524366514392259,-0.008105697680945712
2022-01-25,0.0031971345443269072,-0.001614615869221292,-0.012208981470912095,0.010900073543375077,0.029399329422385545,-0.011384578033871606,0.028594366721260478,-0.0023349325258912312
2022-01-26,-0.016166464916677392,-0.012093820652196996,-0.00250873496035553,0.009486468998760378,-0.010142685468092272,-0.0005632414339388214,0.00447397685601425,-0.003677673400087178
2022-01-27,-0.012898211138547944,0.018363383085137297,-0.004938261441596814,-0.017644740468513498,0.01280867261948937,-0.0029434856809038568,0.013125111642255272,0.0008389467144225282
2022-01-28,-0.0029832934474428585,0.000349059101081739,0.024835805943213662,0.008946206002258261,0.002129700795428402,0.06977793300867519,0.007034541578865738,0.0199497419036736
2022-01-31,0.005924537392067553,-0.005170148369923466,0.018010788316820348,0.013573554800828225,0.009032999288214327,0.026125535548233936,0.002910256212200091,0.002794168037844935
2022-02-01,0.0008328835308379912,-0.0033196998285560664,0.006756951106217324,0.017160069545412604,0.0641126127288898,-0.0009724753748964199,-0.008183524381234597,-0.007375806358452253
2022-02-02,0.0036259919505645666,0.003387109570468061,0.009714099253073982,-0.008005274073558222,-0.002597951057826231,0.0070442143648663524,0.011060473470120291,0.010237771995662781
2022-02-03,-0.0014214062993387344,-0.007806131937089789,-0.02350487538784396,-0.008269978745312545,-0.011659708701854177,-0.016719741618759887,-5.8029570784934315e-05,0.007028584028562879
2022-02-04,0.0015420788696549614,-0.014742357120987704,0.004702028506442746,0.025958464664032288,0.02171186910664047,-0.0016792179224421888,-0.006540954738223803,-0.010550562496818405
2022-02-07,0.007402581993851909,0.000647520517995881,-0.003209044974626152,0.003342884057316864,0.012038125950690981,-0.004234583884836218,-0.0033209651132918294,0.010498860581019454
2022-02-08,0.003056870675416823,-0.006686156478962868,0.00822773762813589,0.01881474527733773,-0.02585258668660584,0.018466551577625223,0.002630438455081485,0.0064935239420320645
2022-02-09,0.0033991784238243117,0.0018824133623878136,0.014636133221811454,0.004168300972256622,-0.004787276571550425,0.008293818051351654,-0.00011630500025539003,-0.01548391230560453
2022-02-10,-0.0037965605384254753,-0.015892631329483597,-0.017965687832988908,-0.0041509983617494806,-0.0096204980802298,-0.02359877206305505,-0.012070727734231346,0.00557016874066063
2022-02-11,0.019054878321533186,0.01482775201559794,-0.019718696807026648,-0.0130168879461654,0.025178938981325727,-0.02021825686488099,-0.010093161819646035,-0.017758292435688716
2022-02-14,0.005350715998122091,-0.012441527908393701,-0.00326937318445375,-0.00929031665070379,-0.015334629993557725,0.0014231039953858104,-0.012581599452171743,0.006468878528555599
2022-02-15,-0.009499848975192515,-0.011352461704633443,0.01612691601875893,0.014623650419996359,-0.01253485034163937,0.023152296183099885,0.010326199385675805,0.0037902240216214356
2022-02-16,0.010284254451501385,0.005926288656161516,0.0011208962633302288,0.0018097822551887965,0.0046160292179728835,-0.00138901506229272,-0.0005977818003122248,-0.0001641234680467285
2022-02-17,0.013668073780773726,0.007438880746535537,-0.021361421898649313,-0.023032377565156192,-0.001531568963187513,-0.021268924631751784,-0.006099859604265401,0.020032715641423948
2022-02-18,-0.0007334549100845855,0.0105269586651906,-0.006475033748406633,0.004688536650313546,-0.011121217290852248,-0.009356007997414761,-0.010718924314681466,0.006761231678294788
2022-02-22,0.0020890378623359407,0.002604632406540075,-0.010731840889404265,-0.0017745492509012584,-0.011633825628896921,-0.017812302995777962,-0.013589539914624749,-0.004157315625987756
2022-02-23,0.0045072272703239324,-0.013781839607371116,-0.017738510207658043,-0.02093890125952469,0.004054364243474939,-0.025863957239340096,0.0004963856153630264,-0.011078975062968954
2022-02-24,-0.006450131470019049,0.0006586244714577028,0.015049141866927629,-0.027843156271696756,-0.012634931789188952,0.016679909017792705,-0.019104411299832647,-0.017535501818418342
2022-02-25,-0.003330678220184624,0.0007312139522837047,0.022063991884508694,0.023659642331730346,0.026912689301257675,0.012965483868742966,0.04970301410710243,0.038671439258299856
2022-02-28,0.010365345791119474,0.021918619920825888,-0.002558620702429626,-0.041697463759120756,0.0074515192605919545,0.0016380367198982615,-0.008614378692738733,-0.009705622455167595
2022-03-01,0.018163415997793697,0.011561183518960627,-0.01523013488442293,-0.03772934116786453,0.00956361886078727,-0.011627911367621091,-0.003463753485981824,-0.0043380403129463785
2022-03-02,-0.010406339832951472,-0.034182124036274186,0.01839617094489543,0.020740167140978594,0.01717859364140617,0.020588243160016617,0.012438827613016068,0.00742293113840331
2022-03-03,0.005953415398956663,0.01018525346608623,-0.004978430553730706,-0.007108005892843106,0.006332712318210865,-0.0019814383808881564,0.014695311519574261,0.0006407193136579448
2022-03-04,0.015929145881701023,0.01726371726033049,-0.008124564346067231,-0.02812955083320645,0.03763566885188596,-0.01840820442995328,0.005935473944863157,0.001600737774371419
2022-03-07,0.014862865283030047,-0.007629541526512962,-0.029479423301895902,-0.03861563944235247,0.036033060242358195,-0.0237173626654974,0.016108024378745034,-0.023813341098790408
2022-03-08,0.027358997610294367,-0.010059772276159729,-0.007581650927784622,-0.007042903993224714,0.007575606569107496,-0.011676391937549546,-0.020265851818506264,-0.03962038460882922
2022-03-09,-0.02971117615699226,-0.009799038595447285,0.026810925962504673,0.04006219768206276,-0.05684662845298871,0.034997680220528515,0.003793393417443447,0.005114640936285664
2022-03-10,0.0031212277978962533,-0.014367233371979093,-0.004515658842114911,-0.011840207677878967,0.031042405530092188,-0.02718628970865289,0.0017715320057765105,-0.01831784491804933
2022-03-11,-0.007027884128157469,0.0033466647187667675,-0.0127150269297015,-0.02252414780135714,-0.005154433703157935,-0.02390872446157999,-0.0018275219523582464,0.0006912374942267263
2022-03-14,-0.01507371193113849,-0.023348845514064243,-0.007308201124585745,0.009930812542176204,-0.035798473986087265,-0.026562506453849055,0.013817607901370543,0.018441149051646955
2022-03-15,-0.01870545038411886,-0.0017456416600177826,0.02199034437453773,0.017746235448642844,-0.05691275026168818,0.02967757786454772,0.0259188380471147,0.018448904639208674
2022-03-16,0.006260803404375848,0.009807840535653867,0.022174039113555866,0.04468580895138752,-0.0037554451557519908,0.02901528271766285,-0.009197245219820016,-0.0026836577763176273
2022-03-17,0.004888644573449508,-0.007453787951830271,0.012511009935931794,0.012644383631590816,0.02664754785679957,0.0064542715558644215,0.013064105923090485,0.010595286770235468
2022-03-18,-0.008789852082788041,0.012212662674791819,0.010952794915775943,-0.0003564157703648263,-0.003925113898394339,0.020918750342703296,-0.011085864097586717,0.00016653811219291548
2022-03-21,0.007640798069546317,-0.023156708240734236,-0.0002924054450258451,-0.0032121784841175893,0.044871059362846744,0.008537543154936378,0.005662588060223461,0.007986744191215145
2022-03-22,-0.007250775291250955,-0.012811469616845317,0.01170138505388607,0.021267399929795205,-0.0043797192222606585,0.02080066989233953,-0.004720679103408121,0.0036314200357254744
2022-03-23,0.013659661796972422,0.021914854647296034,-0.012878467192498189,-0.019912938213398568,0.015762717377700186,0.008233588639123157,-0.0037712130735386706,-0.006578898721987803
2022-03-24,0.007260367097212894,-0.007832824152286921,0.01507442390278424,0.006510206890583126,0.003007148060607312,0.02267778371933571,0.005162291025528232,0.009602620473623924
2022-03-25,-0.004095451209537915,-0.01387270182634015,0.004883628575794496,0.008742601654946114,0.021827933491977758,0.0037341450622090377,0.009586839251279233,0.00901931917297194
2022-03-28,-0.018203790082975457,0.008549360659414473,0.0071129938720986274,-0.007398605300868,-0.02805183502275188,0.00503673681905914,0.005143414645551347,0.006338486311494362
2022-03-29,0.00044678784846130526,0.007552768792607356,0.012370727946110716,0.0022004602020777586,-0.005313050803759656,0.019134227025572104,-0.0005060107309940998,0.003875925968201299
2022-03-30,0.008038419372069505,0.007801585911659359,-0.0061746163658542574,-0.004533037968693532,0.01711768247513934,-0.006649362187680974,0.010408579987747135,0.0008043350362112456
2022-03-31,0.00038759588392967004,0.002428840073283256,-0.015391363901915311,-0.03002671444430982,-0.014203725547693447,-0.017775909478441987,-0.01314116211934202,-0.00337561720241053
2022-04-01,-0.006365867342034703,0.003806328057712971,0.0028341435403356208,-0.007409179797416621,0.006417254875005662,-0.0017178812755940243,0.005416724892982616,0.014032355574842281
2022-04-04,0.004846769455083555,-0.006949238761898235,0.008566423819137192,0.004434078401279518,0.0004812609418460845,0.023693418178976078,-0.009652619072214152,-0.00524889356838476
2022-04-05,-0.006264842571455875,-0.022592718083744412,-0.012631313551002221,-0.011637095311714751,-0.0051709074920388565,-0.018942293261621446,0.0064598734941847535,-0.001119337372182394
2022-04-06,0.002343216670796844,-0.008094096562305308,-0.009999230789799696,-0.013874526157046763,0.011120544451491021,-0.018450452946879414,0.02601211543921811,0.010084702449483007
2022-04-07,0.003784886240234986,-0.007532150437163931,0.005038925002299077,-0.0030419711007909633,0.016736568340653735,0.0018040053345433904,-0.002579242840759166,0.005388287522305024
2022-04-08,0.006265969312183373,-0.010831145432146916,-0.002673803919268747,0.018307970376963967,0.021046413984910473,-0.011909027644776637,0.0019807534373026403,0.006147515850027929
2022-04-11,0.004959463770487282,-0.01582468739051701,-0.01709238146137737,-0.0036706108898981737,-0.03443133238355345,-0.025515729925395192,-0.01251921570765091,-0.0003131538924509014
2022-04-12,0.007676751619002831,-0.0013805347005124702,-0.0037051935403568104,-0.010977609609200467,0.02087054866756488,0.011523243605596312,0.0003336979221122416,0.011753520816184304
2022-04-13,0.004788537865618281,0.0020329533597320815,0.011453480930599058,-0.03223346434748042,0.01413549317028906,0.01634254029920612,0.004224727772924375,0.0026331831157022645
2022-04-14,-0.003303550666205579,-0.020045459301826996,-0.012451815604716643,-0.009269405306755574,0.011750102736606705,-0.029988174551198732,-0.004206954535259766,0.004480068320624531
2022-04-18,0.0030971927027434454,-0.004969042871064366,0.00041115551242709714,0.018553778254193354,0.0081976459781965,-0.0013308570891292781,-0.01245144097054729,-0.008920107169733349
2022-04-19,-0.01511290437629953,-0.007490376750013739,0.01614275665581144,0.020706678352174324,-0.008921602171264031,0.014115194926031638,0.030507659025426515,0.009776469042970248
2022-04-20,0.004894947496407287,0.020125882810912543,-0.0007415659137449682,0.003508458763628264,0.0022787785819120554,-0.0010156387130897393,0.004424162274762722,0.013677362471031795
2022-04-21,-0.0035576001936851176,-0.007398529223554218,-0.014953420518238114,-0.007751986946138545,-0.010572875030102291,-0.004843892906772007,-0.0028819337832858283,0.0037903120842108784
2022-04-22,-0.009722093245064789,-0.006293908544920623,-0.02743942719653225,-0.028722422082677168,-0.021831451121335665,-0.027821088100596247,-0.009925722046508323,-0.014499356346594938
2022-04-25,-0.017970993150090764,0.010000882176361081,0.005797979825576949,-0.0003155774696544933,-0.0337132589386997,0.006737251062441496,0.02462265830265653,0.010574853154091457
2022-04-26,0.001525017044941901,0.010066575709667624,-0.028961019274070243,-0.029581063923440287,0.0003648800439441935,-0.037328240958108716,-0.007150467529500104,-0.013497233351350446
2022-04-27,-0.00755702425744631,-0.012825580871771214,0.002811859073533318,-0.013005857050898961,0.028557169237980906,-0.0014665415387551395,-0.013969788740681777,0.007840111407877437
2022-04-28,0.005398323510093839,0.001489521075582756,0.025259406015473385,0.015812741868649116,0.03024559805128746,0.04515541569497006,0.007468305274502374,0.009609717246489069
2022-04-29,-0.00011297696546286318,-0.01297296410059845,-0.03695582066400327,-0.03226846873147249,-0.022362174795597323,-0.03660457072987,-0.016352196531113083,-0.023870794441611887
2022-05-02,-0.018540493535693647,-0.01733361588719784,0.006019575805233934,0.00913205933714245,0.013607136697360467,0.0019661696217547764,-0.010085514034490206,-0.018108710605664546
2022-05-03,0.00264926246698316,0.006741514448285857,0.004584146159092528,0.0214194846743736,0.020599486484382812,0.009622875034366318,-0.0019591969521158825,-0.005674624773877701
2022-05-04,0.009822544372671826,0.005510003781412198,0.030452967359845484,0.033081317107023,0.03980038286571963,0.041007935610412716,0.01071277976044449,0.030912998919643497
2022-05-05,-0.003811138551277793,-0.027398673516837113,-0.035543017230283414,-0.025019594357598818,-0.01515812617390977,-0.05571595457950329,-0.019090000128162532,-0.007996210988134411
2022-05-06,0.0016558743678838361,-0.014735086583044343,-0.005968633187063199,-0.001614001913124441,0.015280841452131266,0.004727000319574737,-0.0022061492730169885,0.003565318960553343
2022-05-09,-0.014479496708730832,0.008797655572094554,-0.03201750814268234,-0.015033695220719179,-0.07885283846606739,-0.033189149004350216,0.005442941750780417,-0.0020079571780028393
2022-05-10,-0.008445202872691127,0.009068824964799882,0.0023106038151679,-0.024372309989427854,0.006630340759938402,0.01611232256008699,-0.001353296234640755,-0.009286284946090184
2022-05-11,0.008167128516088473,0.019272803572478958,-0.015886109874240995,-0.006308451179013019,0.020818593301189292,-0.051841301927257,-0.005420909801900242,0.004686394039471908
2022-05-12,-0.015333925720196762,-0.0018654359485185124,-0.0010440522200642066,-0.0008462322315638815,0.0045399376176271655,-0.02689456938663759,0.009879123167394255,0.0031100479594561303
2022-05-13,-0.00810956630229509,-0.014780572738562259,0.023907923212204807,0.008895155134479804,0.029663829546726417,0.03191642449922227,-0.005734627896940014,0.01875689069287989
2022-05-16,0.009538483763206873,-0.0010347407167737854,-0.004057766040228783,-0.006969427886398871,0.023520257679414236,-0.01067210734469315,0.006955002790635767,0.003651618397852774
2022-05-17,-0.006279296383541522,-0.012083579854398785,0.020570459989644352,0.03314704140465219,0.012754353377798289,0.025422527017002983,0.004155444357007099,-0.0027287494467068685
2022-05-18,0.0005314848929158789,0.0213172335622851,-0.04031145241465184,-0.017105807553991048,-0.015850934694266572,-0.05641888674931961,-0.018566118623803085,-0.06962607152355449
2022-05-19,0.014697234801531733,0.0023955984136216912,-0.006124490743128264,-0.014822213795387396,0.005405642663523835,-0.024641633713444966,-0.008889031613585896,-0.019607838982317438
2022-05-20,0.0006980112537449124,0.011349744390818595,0.00043635820226417543,-0.008198714792572503,0.007899862883310682,0.0017471210805790616,0.017477256578532163,0.0163333274014954
2022-05-23,0.004650369455528214,-0.016454390608749647,0.018710074996643122,0.0618714735869037,0.022098699679215628,0.040119357693880975,0.02041535377017656,0.030829877742402756
2022-05-24,0.007521859850632806,0.01973238264966537,-0.007633593382790793,0.014125225091189852,0.005431921845900023,-0.019216059012284736,0.0109224966459196,0.01845358182466983
2022-05-25,-0.006029994959596108,0.003954280440752411,0.008834803611608821,0.006964140404919883,0.02012731809808721,0.0011399915121643733,-0.009812294865224058,0.0007810339276763667
2022-05-26,-0.0018488983177334939,-0.004525278433039515,0.01998138617199907,0.017290307995524667,0.003530473164408132,0.023199438274121853,-0.0008907603468540914,0.0035898712289637036
2022-05-27,0.00052102106703944,0.002441703217144209,0.024549045479764997,0.014137620357669967,0.009830304786850652,0.04075678553539208,0.009082920294759766,0.005909861287305862
2022-05-31,-0.009893009276743081,-0.021162743160196618,-0.0056108010177614576,0.0073131731176223624,-0.01629254170123884,-0.005346055578133058,-0.008614483358429514,-0.020099198418022213
2022-06-01,0.006369033199590923,-0.001143012164668833,-0.008088621853874711,-0.01754504104108434,0.019166342713331286,-0.0008734189804026071,-0.010137798899570005,-0.0048910086222691
2022-06-02,0.012309182073779512,0.0005163442520066397,0.01904359156489499,0.016087831303861932,-0.0017373632264567895,0.016811161820162734,-0.0031512177879744474,0.010464568041419264
2022-06-03,-0.010152017266979896,-0.0021500429042371483,-0.016411850214172907,-0.013939184268845106,0.014538631747315955,-0.03855575744923867,-0.0041205244458510926,-0.011925303046849356
2022-06-06,-0.0044037229040009285,-0.01844369378923505,0.0030450248304634275,-0.003303759684775809,-0.0025228451776144745,0.005227766174913828,-0.00011366799936163297,-0.0015879087452576046
2022-06-07,0.006518420844169315,0.010800124109120679,0.009592275864321653,0.002620823061203259,0.045831694265392686,0.017585982678583578,0.010997731138505218,0.006044145052055416
2022-06-08,-0.0009251975242893229,-0.008860332113739156,-0.010872198509667141,-0.015914372961878476,0.011802236193625637,-0.0050432962123259095,-0.005943607316503119,-0.005691807367712909
2022-06-09,-0.0031832564859568535,0.003330602050533038,-0.023782803443176515,-0.02101569081212784,-0.021608124969340614,-0.0359557263737148,-0.02013755791188865,-0.017331879524493665
2022-06-10,0.013412283666592417,-0.006201979561335946,-0.028995786452374106,-0.04596608014925163,-0.01827432142897034,-0.03862891410760305,-0.006677851296994497,-0.006310514350602259
2022-06-13,-0.026412288230091452,-0.03137921580841663,-0.03796812850789466,-0.02977818938938681,-0.04588900983181443,-0.038284490689373896,-0.010083819441632502,-0.0011398638977305753
2022-06-14,-0.008003209616781914,-0.012613355417453342,-0.0030132955587861554,-0.016639425117030426,0.002608488648741192,0.006672642649039995,-0.01533885951351166,-0.027422131350005596
2022-06-15,0.013050939388113303,0.01865611006677992,0.01425643983798297,0.011835868541138383,-0.012591116096077548,0.020111166853336027,0.010702200156903263,0.007428642397686147
2022-06-16,0.011243181594596585,0.007939775608181598,-0.033096313112261466,-0.017156136775004716,-0.03688470849257641,-0.039651409812069494,0.0005294941648352758,-0.010055243746931009
2022-06-17,-0.008222816311715064,0.00322213401989635,0.0021559683673724184,-0.0035265288496898473,-0.05766520151437371,0.011533323743273316,-0.0036452933437148838,0.006094528917516051
2022-06-21,-0.0037367862070599722,-0.01695234829623271,0.025173326040211386,0.024772164555452836,0.062238970061896826,0.032760526936926215,0.020948901354927996,0.02136968352266666
2022-06-22,0.003985188163408093,0.027500776915257985,-0.001813015307455923,-0.0056117071182191225,-0.03957151045065177,-0.003827178950515764,0.01577957492407811,0.007413481221622442
2022-06-23,-0.006129257292171064,0.00821470695375659,0.0098028365607159,-0.010939310054588036,-0.030161645221095768,0.02157401954543925,0.022305396734139116,0.011937909926342138
2022-06-24,-0.0009984622015154487,-0.013842554515888006,0.03179370047775376,0.029845523208739122,0.01983327441849414,0.024517245148474087,0.014638845317681781,0.018745987718882473
2022-06-27,-0.0011170700540719114,-0.008528790559939048,-0.0038196872562453743,-0.008012377778115254,0.024511029511436133,0.0,-0.0009325762496399381,-0.0020623594650404087
2022-06-28,-0.0016480211262837052,0.004659145249430452,-0.020432793080719103,-0.004811848882762204,0.027743377142689152,-0.02978991409202414,-0.028442716110978927,-0.01001410607547737
2022-06-29,-0.0007663579045243951,0.015608557507924337,-0.0008143930631878682,-0.0044895192686674745,-0.036939842122739486,0.013023991360374243,0.00028251220420782985,0.007225268019687148
2022-06-30,-0.006077047294322124,0.008782267607760241,-0.008124243475905457,-0.02333066176748011,-0.02814355349123865,-0.018027696770513746,0.0029379163434997135,0.002869402569723123
2022-07-01,-0.0008310541616338707,0.010266294431729106,0.010576364186104303,0.01278765117503422,0.022302776412773895,0.016164269590366542,0.011323534235421429,0.02336681601855828
2022-07-05,-0.02120964335120412,0.00785690077013057,0.0018885556265093584,-0.0038036655721755963,-0.03129638126933243,0.01893042133542111,-0.007687336252039656,-0.017086158221938264
2022-07-06,-0.015842188833696924,-0.016790961570114282,0.0033774665974612983,-0.006481926692867179,-0.01804043472275696,0.009607456292984429,0.000898160793949998,0.002054470181764856
2022-07-07,0.000555053276362516,-0.008799851187995422,0.014977206954569278,0.025292559743085308,0.03194057113975335,0.023999453718785313,0.0011218135883896974,-0.007885290055463456
2022-07-08,0.0004315313201161963,-0.01107615322749922,-0.0008227546065899816,-0.0031379288438642128,0.0016288682193525972,0.004714303688326371,-0.0012327081241884086,0.0036562412783593956
2022-07-11,-0.005360507452973451,0.017244397502905073,-0.011423515368343962,-0.01311648493551354,-0.00511149632552288,-0.014757628926273747,0.00039277490136679916,-0.0031676576727401873
2022-07-12,-0.0037167247224720867,0.005942116349583859,-0.008848797488405502,0.0009745822107205537,-0.01331134338422224,0.006833836823598727,-0.014017393989533167,-0.004290015523127355
2022-07-13,0.004787690503602615,0.011466478954853532,-0.005251700443338114,-0.009382893563833594,0.004023589500316005,-0.002536771014477912,-0.00233146609591961,-0.004627215943569407
2022-07-14,-0.014047055610919013,-0.008158982928927805,-0.002428741808233492,-0.03493887405863527,-0.020037736920226257,0.020482292229669685,0.0013678285514322486,-0.0032061820468253233
2022-07-15,-0.0020084561635671516,0.005628031060622707,0.019105383782943797,0.04583338814039517,0.016839249496892084,0.011450364873512475,0.01451506903689137,0.005146350129885624
2022-07-18,0.0009433945063559435,-0.010418322860505147,-0.008257342874334439,-0.010270021380559324,0.01845268788748644,-0.02064310781997558,-0.022442970653052008,-0.013600025764465395
2022-07-19,0.0023874693093759447,-0.005394435372158779,0.027019516169463964,0.024778601358375285,0.025203022404747255,0.02672175145234168,-0.014578271024133338,0.01427414818610151
2022-07-20,-0.009402031234323593,0.002624653934777621,0.006373116320349981,-0.00017448722365376312,0.010989009902732327,0.013509884815197548,-0.005708015559172441,-0.016472149737231767
2022-07-21,0.014110421925231709,0.017275551920996612,0.010183315832275497,0.0068097119599723754,-0.01669628491796271,0.015094197617942173,0.0035148721989137766,-0.0022763927395772487
2022-07-22,0.00249575020790771,0.016811124065695626,-0.009278286847041461,-0.004856068449134887,-0.007635379172655221,-0.008110782197378597,0.004728127661246306,0.0037483906666464506
2022-07-25,-0.0027385476219622396,-0.009784880509231209,0.0012149554414480068,0.004008482968104188,0.03330280506061234,-0.007398294536589689,0.001975358266253391,0.009741781911075886
2022-07-26,-0.0011858106875901608,0.0007664945092655806,-0.011830911864728177,-0.01562257651589094,-0.0038899646398588006,-0.008826462963873238,0.00707389534122238,0.01640147956645399
2022-07-27,0.010184984698782484,-0.005617917098378,0.025966349242797504,0.01604660768199051,0.02164443711496289,0.03423469209650354,-0.0027634785023123998,-0.003164217905251454
2022-07-28,0.012185323455280006,0.007960817144898602,0.012542233716457796,-0.003731236046980224,0.011685190046686778,0.0035719614576414926,0.005773439941719749,0.016664143086517758
2022-07-29,0.0028110896821249565,-0.0027172678768587755,0.014579038363975227,0.00479043976733462,0.04630817449409541,0.03279303775843645,0.0018372455453259384,0.0017170504063397374
2022-08-01,0.0056672312077465925,0.02408349253269182,-0.0029613199847838834,-0.009968613361115874,-0.02527564258540549,-0.006153437691917785,-0.0034953451983331663,0.005454257134271501
2022-08-02,-0.005938288400823777,-0.0211597009749791,-0.006597330532717827,-0.015585416742107117,-0.0043397149955208825,-0.00928740176527132,-0.005692559821359411,-0.01363926808634508
2022-08-03,0.002438243761313297,0.01574460808238798,0.015659423283326923,0.010495464299324242,-0.032422494947087044,0.03824766645149258,0.00965749021718243,0.0043998259006383655
2022-08-04,0.016539989487255546,-0.0003348506929862216,-0.0006755787862202656,-0.011002635568716501,-0.042078956869119555,-0.001926312909669381,-0.01603755855282185,-0.003911087452855289
2022-08-05,-0.011246066300201418,-0.023803730677654067,-0.0016902053517106053,0.030259861329386295,0.014451246819465746,-0.0013889462557779009,-0.003958206317579149,-0.004554675178253809
2022-08-08,0.008470017618367853,0.016141478736729997,-0.0011611025958569998,-0.012180294323104746,0.005652853141041803,-0.0029030209391266437,-0.005318330716702624,-0.006469034928576867
2022-08-09,0.0030595386607856767,-0.003886434744035938,-0.003970906574832345,0.009007373237607252,0.01843747333024015,0.00030319594547068007,-0.0001174195824269475,0.001270497688724781
2022-08-10,-0.0025119508170524663,-0.006531672981584191,0.021004117205184025,0.026087686963784273,0.009493277072310402,0.026194560752663243,0.002879381738959852,0.009516335480793447
2022-08-11,-0.0026382206776995876,-0.023309796128875626,0.0,0.014781596455870183,0.02892818418410159,-0.004431515809667497,-0.020683183620096912,-0.006755740326096382
2022-08-12,0.00919802099904432,0.010141204033557782,0.016928920854309304,0.016564279517651714,0.008691717135748567,0.02142557258616029,-0.011008877839744802,0.007592569272300231
2022-08-15,-0.012867030834262327,-0.0008659247983058282,0.004120732090829637,0.0027018948159287515,-0.017872390499339974,0.006333459415462928,0.004779134294077725,0.012558770384395457
2022-08-16,-0.001750096754401964,0.004158025433041557,0.0019587870249071493,0.009554087880695006,-0.009315415525305681,-0.0009235996999894525,0.008910870263651338,0.008217079084295698
2022-08-17,-0.006468335614034371,-0.010437493079944682,-0.007098100470124824,-0.008412235221933573,0.0080909827380653,0.008784419522058107,5.988672619916535e-05,-0.002306597264157717
2022-08-18,-0.0026164156896926194,0.0014820416277152582,0.0029064272586161177,-0.00774929248467271,0.023644269437091525,-0.002291587450143684,-0.004833673045822051,0.005240440715368555
2022-08-19,-0.007320625681104476,-0.016102281804119434,-0.013437946500116427,-0.024745194951284466,-0.003178583079866182,-0.015101879358474068,0.015230491583597905,-0.0007667574707032054
2022-08-22,-0.006637179344595956,-0.0033618341260464035,-0.020822560978771887,-0.016521871419666323,-0.0007442027597044376,-0.0230293450721597,-0.00350823213218987,-0.014884085799169444
2022-08-23,0.0069908740848763085,-0.005503160088854986,-0.0024191468698646634,-0.009857041875874883,0.042442508840197624,-0.002028994567982445,-0.008711273712170509,0.0010903951701464187
2022-08-24,0.0029489200401788818,-0.007319083498362411,0.003200923909780551,0.0024240491757518967,0.005918290972234175,0.0017938745226597774,-0.0033107941165056998,0.0014003905681345685
2022-08-25,0.003062787136294043,0.013936389485394551,0.014117871380847635,0.02374771350885707,0.005173327283539919,0.01492261880186141,0.009360787753894817,0.004816525706486496
2022-08-26,-0.012152705301765265,0.007537950680952088,-0.03384907407791138,-0.03272895384512842,-0.012311967479019637,-0.03769915146513292,-0.017112229796987677,-0.024122350034257334
2022-08-29,0.0006182375550920494,-0.008273453007984655,-0.006612333050425745,-0.002441724526499378,0.022989581551754013,-0.013690197474337085,-0.007731265918682784,-0.006021288930674107
2022-08-30,-0.008340578885610683,0.0024845947557130543,-0.01097778320439391,0.00017504050291727857,-0.03805439730869553,-0.01530560352101118,-0.0034970975447056185,-0.009245852724663273
2022-08-31,-0.007725314789180926,-0.009560898245214666,-0.007608880546865149,-0.00594357614226082,-0.0074759072965242535,-0.010635040898661297,-0.006710426798476332,-0.0070798278837519435
2022-09-01,-0.008790162100319021,-0.018307963015511963,0.0031376340606574793,0.006858433978712775,-0.0179933192002929,0.004706750501293433,0.024792069203215306,0.004699616840810661
2022-09-02,0.008804709144487166,0.005656763031352874,-0.010544312490295082,-0.006986426484658748,0.018323010985668464,-0.013610803387611004,-0.015725031096350817,-0.01370977114870331
2022-09-06,-0.0058394619355668365,-0.024768508484262597,-0.0037731258882890417,0.00026383517583039584,-0.006695083419593129,-0.008215182515218578,0.00270389317552322,0.0004906605697767574
2022-09-07,0.010168638866495439,0.015815651280990606,0.017964892784893438,0.018990530896786817,-0.008530700181624717,0.009253882582110906,0.005454291097481967,0.01846998238528852
2022-09-08,-0.006002292729855863,-0.010257456041793622,0.006536220140289206,0.023296199845748822,0.008179177053728282,-0.009617817744132728,0.008045091328935161,-0.003049298332835182
2022-09-09,0.005283756568463582,0.002220360848419034,0.01553531974882394,0.004805898596085489,0.016752735602729496,0.01883968132092617,0.0019348471191018568,0.0032195325307855516
2022-09-12,0.005068186218703863,-0.00821669459361829,0.010747472559248461,0.011831901229370612,0.011502521390085008,0.03850813152471466,-0.00042231498415445934,0.002888418099036283
2022-09-13,-0.01301133993119441,0.0023271254649135376,-0.04348245361843939,-0.034748802464358186,-0.023358116201043888,-0.05867965335027525,-0.026020418118538502,-0.03247998155286247
2022-09-14,-0.003847613448870524,0.0034364391308341347,0.003815894573105494,-0.0023196966504981376,0.02454614826352186,0.009555356108853497,0.020641164362343645,0.005291810036794908
2022-09-15,-0.018679143196684067,-0.0006479150623310836,-0.011353419430593648,0.0150705569560583,-0.029077494862525533,-0.018929630780926354,0.002550563956767782,-0.013587299354989146
2022-09-16,0.005549107201315628,-0.008335749093894784,-0.007628771153287639,-0.006702407897606344,-0.017083173669910634,-0.0109604286934053,0.015265275141689294,0.00016790961052048914
2022-09-19,0.0007700871329356929,0.002335064396613795,0.007755024516774567,0.009224678031209965,-0.00010735999093647308,0.025082908156029537,-0.00787584986010359,0.007558027326028727
2022-09-20,-0.005706587274526553,-0.009970099365653073,-0.011478573406658144,-0.01971910342165961,-0.008154486659830651,0.015665557015079212,-0.007878422756377845,-0.001500380048929495
2022-09-21,0.004642973675810236,0.01675274761579626,-0.01744379450404354,-0.028835332377136424,-0.016118482155385694,-0.020267681158616324,-0.010244233861250951,-0.008347037242077748
2022-09-22,-0.0005776772692025478,-0.025548532611723407,-0.008399783083411716,-0.01137865541135874,-0.004178204299500887,-0.006375142686892876,0.017760857416823095,-0.0023573136293743024
2022-09-23,-0.01727683040546535,0.004084850644569427,-0.016754923980131675,-0.018613637801486727,-0.05321829967875058,-0.015123827508013221,0.003249609767377537,-0.011137059404768168
2022-09-26,-0.011633219026207842,-0.019110654566041885,-0.00989247296836393,-0.02153188928380223,-0.02064138429151774,0.0022602817504489003,-0.006118303803959613,-0.012457310959440915
2022-09-27,0.002049841746687875,-0.026331212492394118,-0.0025528775780481183,-0.008802317037221341,0.020957271405740663,0.006566169120582277,-0.004586306433640885,-0.025747452658251624
2022-09-28,0.02078665233491006,0.03348225869319332,0.01967624199660034,0.020217229076527676,0.03638914329698584,-0.012651631376783268,0.00860907570832059,0.010642062783190243
2022-09-29,-0.00019392836526865853,-0.005176302620836681,-0.020888913694628974,-0.016945941323949443,-0.0020256222887888864,-0.049118997248766005,-0.01100037782132579,-0.007195450162233552
2022-09-30,6.462244018679009e-05,-0.012910642848706022,-0.015463634625808131,-0.015636926717811694,-0.01544903267287645,-0.03003917840657022,-0.007111017647118412,-0.009722465435748728
2022-10-03,0.024309785681440932,0.015889409811538524,0.026401310366315656,0.030909304146503835,0.0528005423916702,0.0307522943539289,-0.0009796535496040537,0.011245893766800519
2022-10-04,0.014328122056449066,-0.0027927810302450506,0.03098676567253822,0.046783383434839454,0.03644466673216207,0.02562316426754352,0.01482866299485286,0.0022947744636301337
2022-10-05,-0.005538266375543777,-0.009561643489305882,-0.002328283473920778,-0.01234656153300251,0.040411457294928566,0.0020533173096564106,-0.0030795214545061844,-0.009510165970915918
2022-10-06,-0.00112629171222689,-0.005558095093225135,-0.0103159016368074,-0.020382310203962417,0.02966101510204111,-0.0066258444349787116,-0.019380565345905265,-0.021515140380775732
2022-10-07,-0.010962851258976669,-0.009707735179165344,-0.027893836116614334,-0.019974102950440997,-0.010091994650071823,-0.036718401054603,-0.010561603470083503,-0.009449471466499992
2022-10-10,-0.015201476317757034,-0.015546059510552879,-0.007635485547009324,-0.009341464818157896,-0.02167681416138123,0.00235554715266173,0.001310839351301718,-0.0022012573946169622
2022-10-11,-0.002058091550185215,0.004425734350625765,-0.006332808694032854,-0.02885992099361956,-0.008498432980655668,-0.010255038798990257,0.014462922754302054,0.0016546243821695672
2022-10-12,0.00534932850905423,0.0049066581087067185,-0.0032986608718502675,0.016182929333447005,0.004387661991126279,-0.0046047835708104,-0.00024586153981243086,0.012114519960298997
2022-10-13,-0.006923532232980256,-0.009566243522213358,0.0263911985096692,0.05559302255549148,0.03494874626367217,0.03361279955991914,0.015120648163405859,0.01323900085461771
2022-10-14,-0.012458897998479546,-0.008250452009175291,-0.022788721074187723,0.016640879814733944,-0.026307938223659177,-0.032240352868754374,-0.004177729857028134,-0.01592986451703038
2022-10-17,0.0028762090057179446,-0.0048697648973214935,0.02569685641915309,0.04200010130418641,0.014416618996349717,0.02912313283837764,0.012951406393546083,0.0129138407460625
2022-10-18,0.0021509701146735782,0.002344789647333201,0.011749663680354017,0.025720680474383473,0.001788791078511931,0.009409271550935072,-0.003481674213851038,0.013467532266823401
2022-10-19,-0.013398358104674823,-0.018205903044918315,-0.0070862841158900736,-0.019606133106059853,0.029662788957143693,0.0007652270946834072,-0.007951282792201808,-0.008504765081144727
2022-10-20,-0.0015822103586343728,-0.017093135446054397,-0.008385427393161837,-0.0032616839765530203,0.0013488258470999437,-0.0032670967764242276,0.002549996477848371,-0.015725394903195244
2022-10-21,0.017827646105301076,-0.0180227747342826,0.02430142975497107,0.052527387241486645,0.018570098429770088,0.027059186733894958,0.021803947345375718,0.01597663377858738
2022-10-24,-0.003243594030472474,-0.008264135710643106,0.012236699545030039,0.0012272465223017726,0.006990540884060037,0.01480268973245269,0.013454655998418996,0.02877062932111274
2022-10-25,0.002277944142005106,0.029112099484563725,0.01596840508221331,0.0026148033036017537,-0.00675418236105918,0.019337702086376307,-0.0015788928588377216,0.02397077632816247
2022-10-26,0.006363608620383543,0.01440750882265096,-0.007534187468909326,0.011491452570122629,0.01190005239016756,-0.019627321182110302,0.008786826973944617,0.007464110530502666
2022-10-27,-0.001548523944967184,0.010470549493909465,-0.005339901732513863,0.003948053489401637,0.0038267954240094326,-0.03046537685223749,0.0005807190030242548,0.002357280267624162
2022-10-28,-0.010210687443231947,-0.006873710549856971,0.023790835731261728,0.011878222096040725,0.029288869344191726,0.07555271497727456,0.014856949025108257,0.020661685539081764
2022-10-31,-0.008161399648159207,-0.007128111885786548,-0.007223596968042645,-0.0015864492598572921,0.0009936719280772,-0.015410464668320745,-0.005146677587516746,-0.014976911022094308
2022-11-01,0.010203429757038585,0.009345392814916753,-0.0043758224539656165,0.018032970467315224,0.009926777257246222,-0.017542854878044745,-0.005058412327534567,-0.003508886583280302
2022-11-02,-0.006972548399621914,-0.0043402325942425435,-0.02509614520314607,-0.00920793718685431,-0.020552226661748052,-0.03730472983855282,-0.015367668007581825,-0.013916654527695638
2022-11-03,-0.003806036048150885,-0.005396570523058863,-0.010296852715465765,0.001811484365998206,0.013593659629729693,-0.04240526800781863,0.001701564135483613,-0.000510185710641653
2022-11-04,0.030696289684813083,-0.016800596942162627,0.014393200636463765,0.027358336398103367,0.010891116910407561,-0.0019474153098181235,0.004451744782442146,0.008165833380147314
2022-11-07,-0.003962389674382338,-0.009976731259198068,0.00956561031849934,0.0052801060560494495,0.011842230703052348,0.0039023181332926704,0.008747271902477927,0.0038813873227523388
2022-11-08,0.023099074133724695,0.010934537183715287,0.005395574631356315,0.0006091408159165645,0.003167994585664635,0.004175454426947889,0.004971716766044576,0.001849107314043863
2022-11-09,-0.0050172660211307285,0.0032873030457296615,-0.020602463982912544,-0.013008790372446843,-0.044736879009789066,-0.03319021026176738,-0.007995808788295422,-0.013926206966413446
2022-11-10,0.030444387121793204,0.038474100701916925,0.054954329274855995,0.04115943864257354,0.014692381680698974,0.08897454002719263,0.011713330136047695,0.03590267770999356
2022-11-11,0.006606324071935177,-0.0036640432635259845,0.009678397841363262,0.0016283423467509106,0.03122159450607298,0.019268886833048837,-0.029919037786038993,0.0072273452864577425
2022-11-14,0.002187655661719301,-0.0024518587960750127,-0.008506546675460025,-0.010273450041509036,0.0029193516498793315,-0.009485738014756717,0.015716435395503492,-0.009621580667705354
2022-11-15,0.0035168677995043307,0.016180324650787004,0.008529055770629679,-0.007243708277424266,0.006703697536765141,0.011869289937732175,0.0027922958006914023,-0.0016466896248590324
2022-11-16,-0.0022961020109516506,0.021868574308881117,-0.007628991115669392,0.0013542396839418824,-0.010689389013810002,-0.00833092268761848,0.006206780182825833,-0.0018143392250753454
2022-11-17,-0.007267423593311895,-0.01055226348296201,-0.0030597483608723053,-0.004357008727661094,0.001328222604459972,0.012971448941352381,0.008070987740583346,0.003139574079586316
2022-11-18,-0.006893636502166456,-0.006877309152890532,0.0045405172237118485,0.009808123897173004,-0.008667868372084553,0.0037816307466655985,0.0076632564296776895,0.007082796239473721
2022-11-21,-0.005589952950737276,0.00421503868433426,-0.003636073358136205,-0.0059023640829701796,-0.009903578531183843,-0.021680253215789813,0.005140943189444913,0.015374567446559073
2022-11-22,0.00117372396636517,0.01419136938766874,0.01345686971362503,0.01495651688212507,0.02892678244239577,0.014661410553464593,0.004830251106784367,0.004349192178166428
2022-11-23,0.006231840940288613,0.017441898369511266,0.006301790998201717,0.010663651479617675,-0.004992142880202888,0.00592615661470175,0.00107458049350595,0.0044907422688007514
2022-11-25,0.000858470616118101,-0.0033898073390575822,-0.00022380535228627707,0.0019052640986247926,-0.003520959108597288,-0.019593961970335805,0.001299436770689999,0.0009581358448047528
2022-11-28,-0.007903495498554403,0.00281804509009298,-0.0159570127402362,-0.017478573104541706,-0.030032688986206924,-0.026264015601796253,0.0005075997882251215,0.00015944582991034295
2022-11-29,0.004940425418036076,-0.011725898843669702,-0.001717519124285527,0.016449729585458428,0.006647870003870793,-0.021148039179398337,-0.006992707062217662,-0.0035087440328620545
2022-11-30,0.012781920270785507,0.00735450710304808,0.03150078669828882,0.011862806693062389,0.007237337470697769,0.04859366778139096,0.010846792321859366,0.025306029872942837
2022-12-01,0.01838479961277617,0.03194584507458309,-0.0007359730211384807,-0.014039788716726509,-0.004850074026918838,0.0018915257570479849,0.004157498994452169,0.0028298802847837035
2022-12-02,-0.0034556830535615868,0.012575577826449136,-0.0011537267048972177,-0.007926972565729273,-0.008483811534848451,-0.003371407364299639,0.0007832359701900327,0.008778859374366732
2022-12-05,-0.017158885635801036,-0.014007240046127967,-0.01798950337176619,-0.0280410764406287,-0.02739863813273613,-0.007983025257918164,-0.0005590704143375591,-0.013675184230244719
2022-12-06,0.0027373742314797944,0.012880120837551523,-0.014414559277774797,0.00167470916459167,-0.02779571376306955,-0.025370056272661423,-0.014990371746357867,-0.000472864704902487
2022-12-07,0.009039101712364994,0.023562643526641835,-0.0017013523381993467,-0.00068384486313533,-0.002214046440756734,-0.013784761188106343,0.00607582627350256,0.001576383405146764
2022-12-08,0.0008416965556858891,-0.0027403002199185567,0.007834111003246491,0.010494359471853176,0.007428621572942662,0.012132899605229674,0.0001695212118066891,0.004249363178129517
2022-12-09,0.003544160110315664,-0.026014624192496894,-0.007470180451478292,-0.005418462951202296,-0.008427320741692945,-0.0034349024203138567,-0.008239318420856567,-0.010500021183433184
2022-12-12,-0.008260534556326027,0.003197722826722149,0.01441723095606351,0.015511441261566894,0.024628143253531576,0.01638992454631083,0.011949384190474532,0.013145585142601446
2022-12-13,0.017081132038632596,0.009655734220917811,0.007569884059604126,-0.000968527331286273,0.010934004792884311,0.00678242894145642,0.007703590897107482,0.0003125586750212239
2022-12-14,-0.0024330212847030186,0.004271278828496872,-0.006393689105491429,-0.004997206617300076,-0.007365989962865416,-0.015535896144603711,0.0030689895959357116,0.0
2022-12-15,-0.01635930934057528,0.0039016156897153653,-0.02446163938805923,-0.024810452077937528,-0.009581040936377017,-0.04685441053469808,-0.012627841783877991,-0.013752119244008432
2022-12-16,0.008708721678036602,-0.011170551403380302,-0.011806198330241435,-0.0062261777905285864,-0.007018274164088956,-0.014578741003391182,-0.010254157565101618,-0.005704264606657405
2022-12-19,-0.0028178306902848504,-0.016804995237868825,-0.008479598757734519,0.005955619032669279,0.004489210640578722,-0.015909659868968307,-0.001081518871595133,0.0014341294906135005
2022-12-20,0.016594482836064905,-0.017757235445077568,0.0013684529846451632,0.004843930603253721,0.01445267327626909,-0.000528473874598534,0.0010826898210687386,-0.0007955826547227929
2022-12-21,-0.0016560135809358112,0.0025136672221002243,0.014952315533536709,0.011248020112078594,0.012841031132903469,0.023809146798831504,0.011441721132268823,0.016085222951291556
2022-12-22,-0.012085358459954287,-0.0001928546587014468,-0.014266142839588825,-0.011349853520180697,-0.020174086470457153,-0.023772369440827723,-0.0036582635110236073,-0.007209929114885716
2022-12-23,0.002998321039039853,-0.014660458676179267,0.00575237693489572,0.004745233883491018,0.02644505098441563,-0.0027984311604828394,0.0025421560446736713,0.007578024010902462
2022-12-27,0.008430011409881644,-0.019772888793022747,-0.003943595572617364,0.00350396035161582,0.013894007297307942,-0.013878433023350567,-0.0002818830971752506,0.0061108778757146265
2022-12-28,-0.004505807286929064,-0.00589190322255706,-0.012427914913615057,0.005465160974280847,-0.0164260950976427,-0.030685033714119236,-0.004339556482391149,-0.009967065480624315
2022-12-29,0.005598251568726287,0.011351146610084628,0.018000611612036588,0.005737739563080435,0.007565953029442296,0.028324229184231386,0.005094481200341727,0.005977579650593423
2022-12-30,0.0046786689817972515,-0.011124424475076666,-0.0026343355916641498,0.006605559116076742,0.010073235558745175,0.0024691219082697557,-0.005125200608440905,-0.005316813746193194
2023-01-03,0.008370656531798915,0.019084190252330657,-0.004209846018981556,0.007606087355005675,-0.03436102332517732,-0.03740482038365045,0.00871810577746368,-0.01037554043776423
2023-01-04,0.0094119059589024,0.013699832056414563,0.007720285599778887,0.009325007223358162,0.002910719607894796,0.010314344223395056,0.01088712920722501,-0.0004766364147263946
2023-01-05,-0.012451461859522062,0.0041808989086300485,-0.011413615700520352,-0.00022151015064464374,0.022374073508438785,-0.01060478686624522,-0.007383653181857075,-0.011443115176032803
2023-01-06,0.01870749684189077,0.018396547344970537,0.022932285854032397,0.01913566604364081,0.012086854796745428,0.03679412057670928,0.008109818549273395,0.019292762408354314
2023-01-09,0.0022451175785793698,0.0053241144171269905,-0.0005669681121147629,-0.004132262621531435,-0.01863750601472569,0.004089066368554439,-0.025908562999158558,-0.012460802453977293
2023-01-10,0.0036760446135073455,-0.016550139193664548,0.007012701892282314,0.00895390243849592,0.014935048102213466,0.004456214813042481,-0.0023920932510145265,-0.007666313554812287
2023-01-11,-0.000686793935011365,0.01625170514495755,0.012648084916318636,0.007431378891604279,0.011626822239163115,0.021112255651289047,-0.0015984883931080551,-0.0019315041572453007
2023-01-12,0.011568000967502767,0.019682017981088595,0.003640662121669136,-0.0010025266324641402,0.016611216916620153,-0.0005992514413711847,-0.0050320021068960274,-0.012901204544069844
2023-01-13,0.012001783992939385,-0.009372795982291349,0.003879513184290584,0.0252346438034019,-0.000618377447841878,0.010119173074534027,-0.003275988160750143,0.0035940729003973715
2023-01-17,-0.00654507834469964,-0.006463634387613992,-0.0018319071239987217,-0.01545347412571596,-0.0019440900609190015,0.008756320788425809,-0.00616965899545896,0.004069700893651218
2023-01-18,-0.0028717524486322477,0.024231800840655016,-0.015787904410342835,-0.03004256375929426,-0.020543800775461363,-0.0053700319955416465,-0.015084515156343792,-0.030317486469309096
2023-01-19,0.015868520044824974,-0.006259961260943636,-0.007279808339251348,-0.013326677705416845,0.006419050543503113,0.0004438073552432975,-0.001355031762601655,-0.0015048372446440084
2023-01-20,-0.003335405556458948,-0.01621139904429869,0.01862895019537314,0.002449108604623662,0.018235710418766704,0.019220596925103806,-0.0046598178443906235,0.006028066557743905
2023-01-23,0.0018964337632443318,-0.004708283967514104,0.011998656863760893,0.01621252053871447,-0.005205141915444522,0.0235005185907613,-0.0025484552562954343,0.002496814637162892
2023-01-24,0.003618515163479552,0.01438087597569071,-0.0010733205477034824,0.008596346748438899,0.009311752032883147,0.010063178448573185,0.0,0.005312808036272987
2023-01-25,0.004603959599926766,0.002424966543714824,0.0003749054661632556,0.004839414066217129,-0.005272007284139235,-0.004700838044115141,0.007129664925129342,0.0062758585705715575
2023-01-26,-0.009055266877155188,-0.00465196517593347,0.010990395143058773,0.006181666299878152,0.0401909680745316,0.014803351775764417,-0.0036575014425304087,-0.001969475217205363
2023-01-27,-0.0013929904624704337,-0.0025241235239973348,0.0022975582815081275,0.0024286196393832338,-0.01825753683298026,0.01368443405327735,-0.003907803889069972,-0.0052623442596422265
2023-01-30,-0.002566715270248765,-0.003654752692298202,-0.012546829046435226,-0.008480341278864545,-0.017732246898046866,-0.020078132194364495,-0.037032728120303116,0.0024797514359546913
2023-01-31,0.0036362115419990015,0.007995005959736234,0.01470332345925307,0.0059655638158637725,0.0215747150463399,0.009020703299727373,0.008765441192273515,0.011213639549805032
2023-02-01,0.012596814339808304,0.012021045184758217,0.010627809031882984,-0.0026437011721865966,-0.010947416678791733,0.007900736193231284,0.009178678509411009,0.0001632401077771295
2023-02-02,-0.02075193653580043,0.0012939936386606732,0.014557058108120025,-0.004656336841227127,-0.03128809457421189,0.03706263381846764,0.003759398496240518,-0.01712051300075268
2023-02-03,-0.024957770292002968,-0.014955632939983476,-0.010629199802429934,0.015474485818735229,0.0069275204890943964,0.02440009618092387,-0.005617620179611538,-0.007465029890158514
2023-02-06,0.0020754098721176284,-0.007403865100553686,-0.006111372681116167,0.005882572927526697,-0.0016974457810802202,-0.01792899232367906,-0.0075939437374606955,0.005682513653667343
2023-02-07,0.000920425708082595,-0.008025617020776976,0.013078611613261293,0.012190040720880368,0.0285508615330059,0.019244668420635547,0.0002451015893840669,-0.0016618425069713227
2023-02-08,0.002471594120761589,0.004759077633443853,-0.010934726643364368,-0.007031206910627197,-0.00870168476254074,-0.01765252564821418,0.0012850974927047787,-0.0058265182503739466
2023-02-09,-0.007912418174625069,-0.009473238089952818,-0.00866912440304668,-0.01556348491537285,0.003774531936668435,-0.0069114922659907485,-0.013507816440883835,-0.0016746479105722578
2023-02-10,0.0019071943211166342,-0.011190054639619085,0.0023335089501874684,0.004415253645325912,0.042151340295745854,0.002455873324373359,0.004646776792086138,0.0
2023-02-13,-0.005076170279846859,0.008414763224521282,0.01173909275417917,0.010848001786343486,-0.003889804156672949,0.018806962735746335,0.0037003106905937333,0.016437574811079436
2023-02-14,0.0007537389032514774,-0.0023017988735414274,-0.00046022825404123946,0.004418628825897164,-0.01171469258527802,-0.004224850552621451,-0.004362627396477525,-0.016666730662697526
2023-02-15,-0.00996466725346834,-0.009324910804285769,0.0032475224366930178,0.004190238708579042,-0.0030064466552468527,0.013903128059693959,-0.016477353326490918,0.0
2023-02-16,-0.0008192368783922488,-0.014168055441783456,-0.013768953936960537,-0.013769041057979492,-0.00292917294272399,-0.010429222651145653,-0.007090340785383287,-0.006209055060697577
2023-02-17,0.002986790669610162,0.007776367607033263,-0.002498216899446848,0.0029613693560377463,-0.03845170524921748,-0.007546661242234021,0.02087712083909654,0.015197441793493693
2023-02-21,-0.003737004613899475,-0.01943737790965161,-0.020060866592698012,-0.01834928103085487,-0.0009884770939356802,-0.02667992730618174,-0.01490116407235853,-0.005322600496666219
2023-02-22,-0.005626488586046308,0.009164025590886027,-0.0013781568733265415,-0.007663056283524927,-0.01295298565221148,0.0028962755597230494,-0.0013924930277106062,0.0030100367810845796
2023-02-23,-0.0005304511136865475,0.00977228484594006,0.005319548921855599,0.00801076091604358,0.009204303962986105,0.0032904813275798084,-0.00031694116465885713,0.0018338526274865874
2023-02-24,-0.00719467575637045,-0.013001054396339695,-0.010682614315045691,0.009021341321881149,9.03416412050273e-05,-0.01800520950437945,-0.011158163779885433,-0.0041603136632897275
2023-02-27,0.003920334893926292,0.0027732225189103232,0.0034057814061307923,0.008727897547787578,-0.0018059014647620053,0.008247223000512394,-0.0021801027616714652,-0.00033420139441220353
2023-02-28,0.00455596886271592,0.0045431799717121635,-0.0036957035309918007,0.008370809257735257,-0.005789185757910431,-0.0034476278782518133,-0.015228396292402246,-0.0051821716547595376
2023-03-01,0.005772150633673867,-0.010743050211116767,-0.0038360261710300714,-0.005580752622749485,0.008916313697644007,-0.014246043174541811,-0.004501905776850834,-0.010922592552938704
2023-03-02,-0.0005855636445488699,-0.008867698169464755,0.007777355364443572,-0.01038243801755978,0.004599119976892885,0.0041292740214646795,-0.0007866338242645821,0.014611004887897128
2023-03-03,0.010723085619275707,0.024226273925311403,0.016037753332985183,0.01836006279481972,0.012657128757798564,0.03509020264135687,0.010298463810738623,-0.0046886457681507565
2023-03-06,-0.005043830646819902,-0.007753445923574742,0.0006926625151135735,-0.005847339826514086,0.008864470980410655,0.01853916752046847,0.009998679495750507,0.01547785744225516
2023-03-07,-0.017480480627863337,0.006132838450713773,-0.015328714360699602,-0.029407735058221474,-0.01933043681382851,-0.014496654056574299,-0.009449753578258169,-0.005798594904898868
2023-03-08,-0.00047445044105887124,0.0009827474747752252,0.0016322228747125411,-0.005915500890209757,-0.014604421503225717,0.00837744793631967,-0.007333310608906074,0.0005000582332019832
2023-03-09,0.009849316056938173,0.0024554002677339426,-0.018450113352560416,-0.05413644057486977,-0.007728777961677813,-0.014914864004170969,-0.011244582505270051,-0.009660470702024027
2023-03-10,0.021562856843419187,0.03448652709305433,-0.014429291661772647,0.02539523689086609,-0.01237051761771113,-0.01387843847272252,0.0024461176730614653,-0.0042043937301952106
2023-03-13,0.022948211912439564,0.0022725950974453735,-0.0014252252547302113,-0.017957371014547308,-0.011504808746111261,0.013265771382126479,0.009563908908933882,0.010133577416060024
2023-03-14,-0.005791064746217711,-0.01644169980489285,0.016530054316691523,0.02567599550247901,0.003754286024102216,0.01408926983278369,0.005619057872612299,0.003678129503008387
2023-03-15,0.007804133170404848,0.01931049252547945,-0.0062543100020726605,-0.047243885998610624,-0.04974730660582627,0.0026216813934645256,0.002793612195953088,0.006663366005183358
2023-03-16,0.002020092008242713,-0.007822942974351932,0.017545280762206295,0.019413625046998284,-0.0058060053822373,0.018693895400269778,-0.002073281758229961,0.005502875951211905
2023-03-17,0.029120214677489598,0.015008998196377688,-0.011692761234942006,-0.03778200080482652,-0.011778679850156792,-0.005454004627254649,-0.010712276449442615,-0.004643501218439372
2023-03-20,0.00038086773577017397,-0.008797122214172282,0.009615443408808488,0.010571511906254383,0.026141655636486183,0.015483610034742856,0.009909498081675627,0.009663368946325246
2023-03-21,-0.018875115806276654,-0.008592384359236038,0.013130827405242407,0.02682078246205899,0.044802528984171364,0.011944344448044042,0.0,-0.004620444897089571
2023-03-22,0.01702060989813825,0.013333172495579415,-0.017046581720957632,-0.02581379607213874,-0.022888691416142692,-0.009103662846382421,-0.01845491526421761,-0.004476165319306724
2023-03-23,0.01253817608562513,0.0,0.002703248171042283,-0.0026733076892612173,-0.0112821076765931,0.006969551321696743,0.0005298110066709327,-0.0021649794765677965
2023-03-24,-0.011252350246951037,0.004229407836107368,0.006562073196560103,-0.015216038920135011,0.001160285589522747,0.008305672941814946,0.010057636542020632,0.016355291947825812
2023-03-27,-0.009256722051406263,-0.023490902931300295,0.001870000574432984,0.028660685218377058,0.021926201825972935,-0.012293280575698118,0.00425804074281233,0.007389248313475871
2023-03-28,0.008189093257242153,0.0018209541076199542,-0.0022447680017475546,0.003035139585203961,0.012476271588753196,-0.003980325186332068,-0.009654305457250656,0.001140887297019555
2023-03-29,-0.00496077000653139,-0.002008926855340931,0.014534808490172857,0.0020173249822823536,0.01717690897120594,0.019790589253723567,0.009814296341081885,0.0071637930786980775
2023-03-30,0.009039576549164652,0.004601195657743862,0.005855336826640967,-0.0030197993012462954,0.0048641409517178325,0.009889938534350051,0.0007823991281963316,-0.00016160142464449745
2023-03-31,-0.005212246135594234,0.014981123564263399,0.014094559244955063,0.012116426794270385,0.0015527978059903802,0.015644315744651527,0.010232906602210434,0.0029101782586855585
2023-04-03,0.007204410308019105,0.004703038473268917,0.003810638318031634,-0.0011510865699987383,0.05900047958535026,0.007701670507150649,0.011935525535009095,0.005964828992239379
2023-04-04,0.018640958960437493,0.0049717585608703985,-0.00554826398570718,-0.01336823337747195,-0.009558242440243059,-0.0032496876609307,0.0104560243998153,-0.003044865508571748
2023-04-05,-0.0007979247786650268,0.010454374916787579,-0.0026182931038077895,0.001491123679609574,0.01712750505570937,-0.011290126887405827,0.04492387678661269,0.009484149542189124
2023-04-06,-0.00713409106547247,0.002586794405704751,0.0039010876804381756,-0.0010970969724790613,-0.01658254755260513,0.0054957900711511964,-0.0027776933381159497,0.0006368638540050764
2023-04-10,-0.007399886547073353,-0.016124426371239786,0.0010262810466916683,0.0032949057485589517,-0.004432897467488317,-0.015972215622323205,-0.0050255208342330215,-0.002386953281900528
2023-04-11,0.006320556237304986,0.0020603561127665593,0.0002684938426886774,0.004926159578825029,0.007071780495688573,-0.0075911836126441035,-0.00030453095492821713,-0.0017548170572074806
2023-04-12,0.004885138866613126,-0.0010281413173970355,-0.004075991220536035,-0.00015585555248653904,-0.001040330699195735,-0.004353477178620002,-0.0021305272809850617,0.0017579018533646629
2023-04-13,0.013515672558895409,-0.007858711599736723,0.013282934562971471,0.003813404734519965,0.004686215858730414,0.03410378052368346,0.013360093445410559,0.007337723121854545
2023-04-14,-0.017710313033588942,-0.00914637603071744,-0.002442868685119448,0.07550969631876603,0.0024187055182123274,-0.0021141089115165324,-0.0016253526320175737,-0.0015837342033798718
2023-04-17,-0.0044537552497121435,-0.011895717879870205,0.003588251096636963,0.007928941428825498,-0.01163294122890568,0.00012098177554920042,-0.0010251261650932042,0.006502804481763658
2023-04-18,0.003880780603893852,0.0035632673807468596,0.0006522692240453765,0.01122814537423067,0.019529184860292315,0.007504932693038979,-0.028128179584717472,0.0015759318292380975
2023-04-19,-0.004778520212877391,-0.0009596913735558932,-0.00016902503412741243,-0.0012730141883977586,-0.0031641087320278816,0.006968112503939361,0.009440368997644333,0.0018879444432664538
2023-04-20,0.00393825919904689,0.008549516655093514,-0.005457161032544455,-0.002903261945303992,-0.007978072997616437,-0.005846314874120906,0.006460420939189415,0.004396902593136742
2023-04-21,-0.009887669268098143,-0.005619631722623808,0.0007768805774606147,-0.0019177554033171784,0.0031996793699691217,-0.009780952445591407,-0.0054407007625865145,0.0014071852769441673
2023-04-24,0.003039335460481629,0.009674589574183878,0.0010431614610924012,0.0013521548998010058,0.01887769143499285,0.0018785972489554492,0.006085009210443415,-0.0015612838318039834
2023-04-25,0.005086318131183543,0.014704170829914265,-0.01587368122570887,-0.02174363293440773,-0.014213236769028637,-0.00943553952632803,0.00916406627170252,-0.001563659597667355
2023-04-26,-0.0054373863086724095,-0.010658108486131135,-0.00423545281097204,-0.017723676704162528,-0.00918295528551416,-6.102276423469721e-05,-0.015498072658778006,-0.004698456886382818
2023-04-27,5.410039265307809e-05,-0.009922699755561704,0.019907992360662652,0.013458543974526727,0.011953219918142466,0.028395199211745936,0.0023366491930489897,0.0020455453265810775
2023-04-28,0.0002706525128974846,0.016131022822627683,0.008535164941233964,0.008682906588565631,0.01292481242427046,0.00754087546616411,0.004294563287748465,0.007380630447091807
2023-05-01,-0.004491351825477108,-0.028834375460625616,-0.0010098798677915521,0.021412223772697025,-0.031012425184847925,-0.0005301673533609774,-0.0006108562658999617,0.002338275036696924
2023-05-02,0.01929664090994354,0.024920011805032338,-0.011239202411470028,-0.016147336703555948,-0.03985335645634003,-0.006191703532051118,0.008740819759569973,-0.004510040817008787
2023-05-03,0.008479075840785777,0.005581561327530293,-0.006863977183122594,-0.021163281081191587,-0.01970951375148089,-0.006467186667159397,-0.013088423349185141,-0.005624212409552576
2023-05-04,0.007032953449114698,-0.009878646365507171,-0.007082850430013554,-0.013678620813344144,-0.01751123182314307,-0.009913360686363504,-0.00454361916642998,0.0010998592227688953
2023-05-05,-0.015647950479605433,-0.0033256533067126393,0.018512290973016654,0.019534735287795923,0.024896149382191313,0.046926893028231165,0.0033923987745301254,0.004708042461663231
2023-05-08,0.0012269055761324754,-0.014014682197953099,0.00026683700674068334,0.0024134559666857403,0.0039566801178292366,-0.0004033984376813349,-0.002274411473208837,-0.001562146578272694
2023-05-09,0.007086162362163417,-0.003577632018041732,-0.004385420612208701,-0.004815050976500923,0.00027483985023457613,-0.009971150596032041,-0.007762868232225828,-0.008291476810066256
2023-05-10,-0.0014284428439209629,0.009703869951376065,0.004672368604914157,0.0005131909195947859,-0.01282740216518985,0.010420930620639313,0.003725445289386231,0.0017353066551792917
2023-05-11,-0.008582755587748347,0.01057193811849122,-0.001744028170606593,-0.003150858701438608,-0.018099253107734414,0.0010947466977715425,-0.004082945741906263,0.005669317306952193
2023-05-12,-0.0017100802429795836,-0.008368940923800472,-0.001310190618347029,-0.014332821317610822,-9.464921529211967e-05,-0.005417453150502571,-0.0013042982009482396,0.003914756608765169
2023-05-15,0.0021412620336231925,-0.010358087475073385,0.0034499132616412354,0.008426540868441634,0.0019072375624222815,-0.002897287681820182,-0.007650332653108882,-0.002651659153414143
2023-05-16,-0.0124993937971285,-0.003003952742279825,-0.0066824158098672815,-0.006729332668189314,-0.024269603719847765,0.0,-0.0013161751659391818,-0.011260542661644224
2023-05-17,-0.0034618889303413836,-0.002915938076379687,0.012138857387006707,0.030747376738572196,0.02243479949126237,0.003602863659301736,-0.0021964460668545405,-0.0011072071668819516
2023-05-18,-0.012972911279784172,-0.007408979533739313,0.009633194785377608,0.007584144231030265,0.009063114726662436,0.013666228740707664,-0.003208090615604009,-0.005542371621525488
2023-05-19,0.0098988291245512,-0.007071636435926676,-0.0014550024287960373,-0.0022939997301176795,0.004632592152079118,0.0006285427345860128,0.0027135494713730335,0.0004777481734958844
2023-05-22,-0.002341497915543389,-0.0035605275061882935,0.00040603477346823347,-0.008262600492282224,-0.012140067357598538,-0.005480990288308507,-0.005389391338598837,-0.021009211138365513
2023-05-23,0.001200731149241463,0.0028788397470893567,-0.011222767954280344,-0.010432521234643,0.013623014041941328,-0.015154992648243493,-0.0003825377210541214,-0.0017884131360620392
2023-05-24,-0.008068450017086337,-0.00494920339348881,-0.007244997517253493,-0.009151669610627078,0.01118422679686737,0.0016322281086129653,-0.0009563385361944787,-0.008469034615665283
2023-05-25,-0.009618027091793824,-0.002486650560453829,0.008660024246830433,0.002438543034351648,-0.017938388551289042,0.006692413089166349,-0.01436263724113529,-0.0077200820613883
2023-05-26,0.003995567330169925,0.008077081680490705,0.012950662481563624,0.009360644093023396,-0.006530551645389515,0.01410458631159095,-0.0003882007676430099,-0.0024829689430807544
2023-05-30,0.006190554546333882,0.009991405159672562,0.00038091226822878355,0.003797633105317555,-0.008859502729817281,0.010659612883332725,0.0001294864771337334,-0.007965612588131443
2023-05-31,0.0015382006614657051,0.00871675100580016,-0.005545263288205038,-0.012730994858280775,-0.01787771450667386,-0.000282051801187011,0.0044696181517400735,-0.0020071825657522746
2023-06-01,0.007898130346476462,0.003923709106792517,0.009501040165452501,0.01377936175285499,0.0115482371873048,0.01602265291485705,-0.0033534894292204243,0.005698889082573766
2023-06-02,-0.014747450675273832,-0.010958173608591748,0.014461290582259645,0.02100593438253462,0.023219734285398808,0.004775239823060051,0.015724152617859533,0.019333391972593317
2023-06-05,0.006020416015011243,-0.0018629722702696583,-0.001916283858174661,-0.009823924347230228,-0.004443951434084825,-0.007571151793628328,0.008600394453543547,-0.0067036194547477335
2023-06-06,0.0010980396887692034,0.00589404629884438,0.002177312991199054,0.0017970456946361235,0.008167885091455274,-0.0020600981730263257,-0.0008843077971836255,-0.007242869160333121
2023-06-07,-0.012010543410059138,-0.014844103477012816,-0.0034577252254978097,0.009688759496038424,0.02242105364356517,-0.0077563820691393115,0.002149340014787393,-0.0014923488318926426
2023-06-08,0.013211240429905624,0.011697113399670167,0.006048776924470145,0.0002841641148083607,-0.0031327677104769913,0.015465134814926174,0.010976442218941118,0.0024907330438250774
2023-06-09,-0.0026845203333208945,-0.0013715561722703606,0.0017942613421626508,0.001989516669898883,-0.0073945297661083265,0.002159769101360398,-0.0015597235481465965,0.0016565949587770135
2023-06-12,-0.0008788640365902101,0.0029433406916850036,0.009071944842504287,-7.076344327927586e-05,-0.009032431857208922,0.015638581689230158,-0.0006876085773080964,-0.0042996069073657495
2023-06-13,-0.007367558613950331,-0.009880709009558175,0.0065928118700664395,0.007233862610734221,0.00018806474404220452,-0.002611561520327488,0.005253419472358134,0.003985904259362183
2023-06-14,0.0005539277015322863,0.008003490189750773,0.001190789114407842,-0.003731764127268944,-0.012025639822863976,0.0034915934102524027,0.0051013155058936555,0.006782564208633435
2023-06-15,0.007030581691497062,0.009606013999109209,0.01239779713666156,0.011308330399692368,0.006941757695330564,0.011198552841741316,0.013431580740047133,0.013741754223108416
2023-06-16,-0.0015392159510750902,-0.003883556424421508,-0.0034064684828033487,0.0011880147456968526,-0.007177132196068636,-0.005859930468069874,0.003053843406527257,0.007186012845226797
2023-06-20,-0.010350739592973501,0.006919771507127415,-0.0051881493431018555,-0.005095825975286128,-0.022923866133164217,0.000486638851719734,-0.0006088888852830987,-0.0066484040897830665
2023-06-21,-0.0014464228474878604,0.002420202536845384,-0.005123620235633508,-0.0014731785133332842,0.011195391655199893,-0.005675249289464834,-0.0015232511177544206,0.002774997542850377
2023-06-22,-0.009916979914319946,-0.012070373572403814,0.0036097097061593697,-0.01925245527788888,-0.0054876523356585105,0.016525329783257714,0.010617436597070373,0.0068371712198631585
2023-06-23,0.0027572461643308177,0.009969871374891692,-0.007559998055156614,-0.005230059230735273,-0.008712559902319117,-0.0017112646007102494,-0.0008452299065571101,-0.010509248704760998
2023-06-26,0.0017396047357047806,0.0010642799236555422,-0.004085741489031847,0.0024488221234140184,0.018457003926992455,-0.0075529313143003485,-0.011179456572227187,0.00032680635232562594
2023-06-27,-0.004593535884055422,-0.0026101479852007614,0.010963307794132016,7.180662158456919e-05,0.002493076270762673,0.015058890144387549,-0.0020781592254512926,-0.002123479238956061
2023-06-28,-0.002307409851291853,0.004264814919836768,0.0005043830487498902,-0.004382129523005984,0.008130023586119473,0.006327881355618681,-0.0020205743633073814,-0.009330615410827914
2023-06-29,-0.001071764681377263,-0.018048469024940617,0.003941350623776652,0.034922985266360396,0.012334024909546715,0.0017964689692340219,0.006995264776863186,-0.00826161493762223
2023-06-30,0.006663323502016594,0.01179470375730296,0.011800624690042838,0.014014020542683303,0.0051547699644183265,0.023102720442817137,0.00865339792020059,0.0033322445460259864
2023-07-03,0.0011218766110339118,-0.00566895199793882,0.0011506567075527663,0.008044403836316993,0.00195786404793985,-0.007784611548362519,-0.013109933078333302,0.005978105787798338
2023-07-05,-0.00353003237800964,-0.009502374450360174,-0.0014872393351820223,-0.006661647203373144,-0.0051180781624737826,-0.005871603267259662,-0.003306058983966742,0.0074281911260638545
2023-07-06,-0.002980200124891419,-0.014143129624308193,-0.007830716303522278,-0.009886500762476547,-0.03732111505948821,0.0025087245745185616,-0.007431977964927006,-0.00770113661012195
2023-07-07,0.007500997402107412,-0.006019189668563851,-0.0025246641262238745,0.007890292563634826,0.002332047776085533,-0.0058911797912146735,-0.014542175224873555,-0.013210057353783222
2023-07-10,0.0007836956455820054,0.0013119709298581306,0.0025310541879335346,0.005611887105025026,0.014831172744855792,-0.010855967276543588,0.0016326804668309602,-0.007530187371962649
2023-07-11,0.0037476125602418087,0.005140715061030754,0.006368614939907591,0.015639070387944765,0.012226419119375498,-0.0028099602849973593,-0.005516755022455411,0.0035407452671978312
2023-07-12,0.013541420874312982,0.01113093797397502,0.008045897930127222,0.004951642868728623,0.00490718436080817,0.0089855711758835,-0.0034670071552367343,0.005376421619992744
2023-07-13,0.0007146999149643118,0.010513111660883645,0.007936863607577394,0.004860021201324116,-0.018311625198712433,0.004057457326741787,0.0046176869590064396,0.008522612340313707
2023-07-14,-0.0031866482531701656,-0.005888886371871904,-0.0006228861330327407,0.00604561716843155,-0.034436383186630226,0.0007872776580102325,0.006674665134093205,0.009113478815559795
2023-07-17,0.000716556732958562,0.0004936404532547289,0.0034723573590087486,0.024103754672717193,0.004358700514678793,0.017305672062220667,-0.005004269281881357,-0.0014778047398402716
2023-07-18,0.011456278139591047,0.004539439080070817,0.007430365442701925,0.0018255203019792443,-0.00453719889135229,-0.001340451888457106,-6.261275924479559e-05,-0.003946827733782854
2023-07-19,0.00016335645500209495,0.01129642258863317,0.002224064857411001,0.0038394636398177973,0.006936142477861784,0.007071776890167358,-0.002011796437990432,0.017665585541508655
2023-07-20,-0.005063389149303488,-0.012141684445853618,-0.0066347020365273845,0.012317488214726113,0.017614680878787592,-0.010097308328193555,0.06072820801434653,0.012167488114296798
2023-07-21,-0.0030645332195953223,0.000294871162807242,0.0,-0.007684770242395111,0.004641668978176305,-0.006161842419083907,0.010749418680332079,0.0008014324804155315
2023-07-24,-0.004281473326684049,-0.00363708856503131,0.0044672714519085055,0.019684022217832053,0.015689698156822196,0.004220129690532204,0.0052295704917486585,0.00032018281517842695
2023-07-25,0.005567859975790901,-0.001874521113969907,0.002730206093003673,-0.007468515300011025,0.0015163910022033544,0.004513534905301597,0.007657127213862136,-0.003362110987821354
2023-07-26,0.0048791150253857385,0.0009883664644447787,0.00015364150894203732,0.005993993949047205,-0.005583125709233361,0.0045452776476753165,0.00191410654594093,0.012851290621181066
2023-07-27,-0.01571197400361901,-0.019452797660651777,-0.00663011826144877,-0.011029141308399826,0.0031402135695137723,-0.006580950278528563,0.005616020237730002,-0.009674665874328303
2023-07-28,0.007981390400291666,0.005135880806822923,0.009790546308465764,0.005704310070586915,-0.011952067882791573,0.01350774463938742,0.004548656848832433,0.0006405658280319582
2023-07-31,0.0026944104889445875,0.002404764942346649,0.0019040030027008825,0.0066918499647743435,0.02956996147297719,0.003166045917502913,-0.03983282183129089,-0.00880272532029125
2023-08-01,-0.010364679607279492,-0.016387047340186145,-0.002861509882740698,-0.004938135292833823,-0.005781652433464957,-0.004275885295472293,0.008117931506195664,-0.002583498269807083
2023-08-02,-0.004765602229612864,-0.0106992880756962,-0.013911009206717062,-0.011324425363344548,-0.01247402645275475,-0.015490264678088228,0.00603932240776861,0.0030758759463709318
2023-08-03,-0.0003341470787491252,-0.02307129154463161,-0.0028658001450104775,0.006113061588563173,0.017380546242535155,-0.007321456247176061,0.004296475744972605,-0.005164763695584829
2023-08-04,0.003620414278603157,0.017712382580265196,-0.004522745349619384,-0.002110480374065027,0.002800568207496301,-0.048019858676091154,-0.009376554348819122,-0.015087479761806577
2023-08-07,-0.0022753962847783527,-0.009841585113394613,0.00872863356782383,0.004742743984074149,-0.002047962072031395,-0.017253861055151698,0.024018016468196457,0.007906451070250231
2023-08-08,-0.006341080194621318,0.011613530174397368,-0.004348796290211676,-0.005613540291321439,0.004944030437874947,0.005311675295536444,0.0004621313521051551,-0.0044126745856609695
2023-08-09,-0.00475820704444585,0.005171125117814368,-0.00668524156652317,-0.013407721920112303,0.016986968385120926,-0.008954376430612143,-0.0006349327252135328,0.0022982960038637756
2023-08-10,-0.0010686044760203073,-0.01646294986960406,0.00035908893317460056,-0.0014956958997561776,0.005111274942743771,-0.001234586232566115,-0.00520028677698281,-0.00229302595148273
2023-08-11,0.0,-0.002301197495702567,-0.0005832301373551729,0.005795799388194078,0.015528351808397733,0.00033767479604529527,0.00975785581396793,0.004103924127368153
2023-08-14,-0.003040588549344525,-0.002201918821429727,0.005520178815666021,0.002071855783133847,0.0008048601121901644,0.009393038025564682,-0.0023584566737770984,-0.0047410839951341766
2023-08-15,-0.002654474343068869,-0.006095070194455432,-0.011648971842456612,-0.025457086452674194,-0.025673319131501393,-0.011200387251690813,-0.002882682624315791,-0.006734403332001704
2023-08-16,-0.005776029417432049,-0.007824091654113907,-0.007338229443924149,-0.0042431627037410324,-0.01682695858773675,-0.004959043697839172,-0.0031804167073962164,0.00016537579375208722
2023-08-17,-0.0015378724223797935,-0.004262505204339018,-0.007619873679635569,-0.010386998951944948,0.019371975857521706,-0.014555024761709445,0.009397304734708456,0.0021494609433874157
2023-08-18,0.00017112823031739666,0.0035314035290048285,0.0004814462759392679,0.002287875542728912,0.015128966990741288,0.0028159640920619733,-0.008735150445242534,0.005609583004978269
2023-08-21,0.002737670236275802,-0.01333002237927905,0.006506157783379374,0.0034234325907762653,-0.01208643802172149,0.007736723120915556,-0.02979889489959231,-0.008531475912860076
2023-08-22,0.0016495566176504273,0.007673661146278432,-0.0027086309916933837,-0.02073865405222508,-0.00561138908601333,0.007904920564146822,-0.00794742231022727,-0.006122816396251118
2023-08-23,0.01016464068195777,0.02477763653591536,0.01113773976360699,0.006763234780912342,-0.00878786112983232,0.021948972046754722,-0.008974768101747466,0.0034965299373768133
2023-08-24,-0.00022482031744353037,-0.0065943630697621325,-0.013859001551281391,-0.0009499842001113867,-0.007466410715593286,-0.02617061417136357,0.003403722553285915,-0.0026546548340327103
2023-08-25,-0.0012932863561120334,0.003266340353573094,0.007049798194985968,-0.0012226803890877935,0.01786556080151569,0.012643211838363477,0.014337857715022384,0.004657976712334699
2023-08-28,0.0028713533365909427,0.0010501372403255438,0.0063413039300805885,0.0034682433323689477,0.008406600552743004,0.00884607255850578,-0.011789436203669235,0.002815112906036976
2023-08-29,0.009768091768254772,0.010386347903583948,0.014454831976887128,0.008132237561636613,0.005954415412953384,0.021810514248982615,0.0001217817781247188,-0.0009909177114465484
2023-08-30,0.0025018747942815445,-0.0010383414750643194,0.004118729368357776,-0.0040334284448581,0.009744130861510936,0.019172044359831775,-0.003530033918636488,-0.0004957436843989749
2023-08-31,-0.0016637258183913595,0.004469598824809351,-0.001463290539658768,-0.01235138621124554,0.0027958639802894147,0.0011725777540920745,-0.012520580569236106,-0.010583568454071268
2023-09-01,0.0004999240959600026,-0.015579026583810496,0.0018650989594104495,0.0033488545344653176,0.02095498094027093,0.008463267936699603,-0.007422203345299416,-0.008691528663693493
2023-09-05,-0.008161685723844458,-0.014021907690255575,-0.004321844361368399,-0.011034073749076057,8.820822564925557e-05,0.001266747375731958,0.001246421445413981,-0.008261762374886739
2023-09-06,-0.004534245193468567,0.002459246838882656,-0.006722442933943085,-0.0016531072432837135,0.008632148878225943,-0.03579336598881666,-0.01661685609502539,-0.0006799887025108475
2023-09-07,0.0010684498647577367,0.0027735489682392256,-0.003070302254751911,-0.008553922387150803,-0.004890598027104454,-0.029249264155906896,0.012783894697451004,-0.007655663093830034
2023-09-08,0.0003370270596214642,0.0038290016152571216,0.0015060550891452529,0.000765202487752914,0.014567856189799055,0.0034916314150230665,0.0033118860991399046,0.0
2023-09-11,0.001853109993606994,-0.007205183280011074,0.006576718439476714,0.0043803159579969275,-0.012541966347038191,0.0066225762842444524,0.013079306924330458,0.00942915525349819
2023-09-12,-0.005156651253074851,0.005763393976045528,-0.005485570735918599,0.013013793919735006,0.029169529391488203,-0.017060773556817566,0.005656167129212353,-0.009850530882443254
2023-09-13,-0.0023100098564432514,-0.00021216489280340145,0.0011660380842797302,0.0004786138576367005,-0.008937083131270729,-0.01185470817494394,0.0025063510399612188,0.002401366646997749
2023-09-14,0.0005082241752882855,-0.007218056637056769,0.00862233542288049,0.019397466597389723,0.017863285442718757,0.008782473830504012,-0.0015247543700567245,0.008278732268988342
2023-09-15,0.006603816566220333,-0.006093792631667316,-0.012048387681025674,-0.00294805647678531,-0.015356020876260645,-0.004153901870882493,-0.013985400312909624,-0.008894922583638887
2023-09-18,0.005887647601878543,0.005701120382032299,0.0005864319704740328,0.0020831263588434457,0.008054951645846131,0.016913324278778008,0.006317562896543949,0.006213246153911944
2023-09-19,-0.0009476457412548323,-0.0073803828564987795,-0.0020738289067671056,-0.0012740795960896056,-0.00263527480912229,0.006180909731976492,-0.0016617586368856685,-0.002058198822885604
2023-09-20,0.0007253927124595272,0.003124814470508497,-0.009193264252657651,-0.00422998631156335,-0.007926285706911562,-0.01999238582534757,0.004377634652125151,0.004468722848090856
2023-09-21,-0.007248413758109917,-0.025673976152064126,-0.016528360624534222,-0.00782226491658844,-0.01408924829170255,-0.008889057552982638,-0.007673296997497747,-0.015400431521636171
2023-09-22,0.0032013033173832195,0.008048348084373824,-0.002248501529476976,-0.00958271053210824,0.0015684778307900604,0.004944267935364399,-0.007175595895936415,0.001042763880366282
2023-09-25,-0.005150588926742139,-0.024608913112839748,0.004205062796161618,0.004940950745180306,0.011223142388165241,0.007380267241965388,-0.001495375051704495,-0.010416489483139446
2023-09-26,-0.007990985893820302,-0.0034761259339310957,-0.014691107785010593,-0.010379239873020585,0.0015487129157818469,-0.023398288748992302,-0.007737142078893311,-0.008245699552159147
2023-09-27,-0.012366647894697436,-0.0051758468732336915,0.0003990548684880135,0.005865035027245558,0.03255718962467835,-0.008897746409240237,-0.012011220440775738,-0.010260073082206334
2023-09-28,-0.004997187509914736,0.003053942583196134,0.005797471679999111,0.012415951597422703,-0.006073135407612007,0.001525872929871941,-0.0014638621079572367,-0.00250218650388645
2023-09-29,-0.01027534966921384,0.00011252768486347264,-0.0024270169385127716,-0.017413056202855937,-0.01581984769449163,0.00304637217195336,-0.00720282294839758,0.0030460068362936354
2023-10-02,-0.010498705650611395,-0.016740025945324866,-0.00039763515995672183,-0.008619393213240789,-0.016584614546180654,0.014835607262445816,-0.00385260906533591,-0.008931707309868364
2023-10-03,-0.0028882419805683623,-0.021511571978716892,-0.013386022790566443,-0.00737295590432252,0.0017296572112843744,-0.007769851811747053,0.0012246561403008727,-0.010814597280930371
2023-10-04,-0.00011825651470720455,0.014107490264044786,0.007281911588457257,0.004484478049951557,-0.037382260965023284,0.007308612958017324,0.0011588654805938514,0.002915406654521391
2023-10-05,-0.0018327868021307259,-0.0049847591621829945,-0.00037678689456532855,0.004216577175881309,-0.022511132748639584,0.007198105205444172,0.010416653376457363,-0.04832861375339326
2023-10-06,0.005153083621109555,-0.012116991629550822,0.011872926249607785,0.015395298979568706,-0.016698890522041987,0.014750493586882074,0.0031819161850930033,0.014509270247815564
2023-10-09,0.01838544744893622,0.02346949880665372,0.00640212383636829,-0.0022742927529402213,0.034991100676398545,0.008451020575171553,0.00570905191221982,-0.004892632345424919
2023-10-10,-0.0016780958953311886,-0.001382748550656343,0.005204839419969964,0.006078530691293382,-0.004237233169625099,-0.0033521142664360015,-0.0011351618575603517,0.02174742396105933
2023-10-11,0.007303045938392039,0.02088631692740628,0.004096329371875207,0.0034329399149974904,-0.0358532647104558,0.0079040068241365,-0.013766166560998827,-0.005922697202182081
2023-10-12,-0.0030496507265770356,-0.027127946250226964,-0.006096529615446378,-0.0023263728511524473,-0.00018774843281110787,0.005061207933376721,0.0009602623940812016,-0.016756600614532657
2023-10-13,0.03214825984540237,0.01789216915972025,-0.004980802640899729,0.015019581084309674,0.03193391271279844,-0.010292817951666366,0.003326491725285763,0.0015147238200536872
2023-10-16,-0.004864928190345896,-0.01609379058581273,0.010521349064222862,-0.0010133541025918458,0.0007279665072972286,-0.0007267591922467398,0.0043354025546458175,0.010210055435550869
2023-10-17,0.001854273768354009,-0.011020820152902067,-4.589631226759039e-05,-0.0021644673432787975,0.013096832503170841,-0.008784861417185708,-0.009141196895553483,0.011978258795660945
2023-10-18,0.014470816805260078,-0.008797456192119468,-0.013325020458822001,-0.01098082268703926,0.01400476015099339,-0.007394816048946318,-0.02152609373073333,-0.00036997118445136756
2023-10-19,0.012274016037125302,-0.02047367367062869,-0.008786451177968946,-0.004249317230455185,0.0006199070139478735,-0.002161008109580087,-0.0026841872324798732,0.00555024498724932
2023-10-20,0.0027308974274993236,0.005678360988278008,-0.012288052505455282,-0.016105593212883074,-0.017165227219485546,-0.014704258335460074,0.004463902378392337,0.004048109377525755
2023-10-23,-0.0033770637265357895,0.012013117983105559,-0.0017331547268149006,-0.013641250847364339,-0.014674112696281605,0.0006942960380704744,-0.010522731183000178,-0.008979385843371213
2023-10-24,-0.0001093308866343401,0.013177076346102323,0.0075393921339756975,0.0012059585298986875,-0.00968476958545772,0.002543301096749939,-0.0010569430960055692,0.02884615017105796
2023-10-25,0.004208823642007475,-0.022261453344428084,-0.014352266568151584,-0.005454719046609879,0.001845268213350515,-0.013491761008945224,0.0022482028154033884,0.008626828910390127
2023-10-26,0.0015784524505009223,0.015338425470460049,-0.01197454003188092,0.002564206580318862,-0.009116980397174679,-0.02460545203404818,-0.016955809033163516,-0.0060583626789418865
2023-10-27,0.011629799758343662,-0.004248712270886967,-0.004532738343679177,-0.036018814175417635,-0.019051914299310746,0.00796933075176165,-0.02281872551078068,-0.009680916258981154
2023-10-30,-0.005640547017974562,-0.004503864996570517,0.011955796396435847,0.012749497499181972,0.003126468206842592,0.012305072321991961,0.009821263698562399,0.016473517962619866
2023-10-31,-0.005456562573315615,-0.004881386321468173,0.006280167441762963,0.011934335369447657,-0.00028348218518303714,0.002818969988454434,0.00890983963390779,0.006055199387566823
2023-11-01,-0.003150642851826202,0.021682033136792622,0.010664845087113184,-0.0008626615774209867,-0.001983831559407623,0.018738555554821623,0.002359663870791673,-0.0008851217366212527
2023-11-02,0.0033240729584829154,0.02279719172503869,0.019164265161966787,0.017849361086247795,0.03284746270051375,0.020693404559061213,0.010424291192903556,0.011516629833881797
2023-11-03,0.003638921283475316,0.0067780704557138804,0.009123454289591049,0.011172412862010095,-0.012189685895738323,-0.005181242998834712,0.007321292158209536,-0.006130590861282759
2023-11-06,-0.007792560392528958,-0.009699882155790984,0.002300417421303269,0.007552186405770378,-0.01772112147745375,0.014605291413491317,0.0023788808956732854,0.004053693109829171
2023-11-07,-0.0041451308444235835,0.014750045630515407,0.0028461184794987826,-0.000485592643698185,-0.01567967281107263,0.014450740723530142,-0.0052736986718253664,0.003686116291388819
2023-11-08,-0.009967643912220492,0.01703344748630431,0.0007324839245821391,0.004930193604478328,-0.012282969721723491,0.005884904968477267,-0.003644526914436841,-0.0015741378968801012
2023-11-09,0.003982968433291489,-0.02300107095912196,-0.007798900396265185,-0.0029714430869198782,0.0002914443448580606,-0.002624590533461424,-0.01948804723937847,-0.007531757051540744
2023-11-10,-0.010909752197912237,0.0056001101539433495,0.015604861740171172,0.014831295818296564,0.007673006645692482,0.0232200291620539,-0.001153041207875738,0.0010587401991197787
2023-11-13,0.005570720464603163,-0.002273101323802096,-0.0009531810096826687,-0.004438982826290183,0.010505907794224667,-0.008583611753147702,0.002580493601936684,0.0037025097549834296
2023-11-14,0.008919177105678466,0.022667739149379917,0.0194007709739088,0.018246548783420913,0.0038503714764672736,0.014285585451227156,0.00020339925403090042,0.0029861545339873174
2023-11-15,-0.002635601473798599,-0.014034337543678999,0.002116945220050459,0.00875786076456575,-0.006040945528794195,0.0030410218518386323,0.007720433067202492,0.0019263925186931985
2023-11-16,0.011286077178189302,0.012426626081214254,0.001223232488369863,0.01141977066233113,-0.011576343570778969,0.009042137518136206,0.008736624783184599,-0.0010487786865972515
2023-11-17,-0.00010890234740634774,0.004686559590402206,0.0012436824695458704,0.009045870587320204,0.02439981644090161,-0.0001053386952222235,-0.002065516190672634,0.0019249242645631437
2023-11-20,-0.0016333808174913145,0.006108517557412263,0.007697696229948647,0.003075573689572453,-0.004382609354952938,0.009278184709994752,0.008815876216099028,0.0024448686240488016
2023-11-21,0.010797900632885549,-0.0004419681409683074,-0.0021793547156035986,-0.002087548911259396,-0.0003825912190119629,-0.004230869240911317,0.00807123865790782,0.010975652353651277
2023-11-22,-0.004262252597287075,0.0035342909677649192,0.0038606941115464366,0.0023533921520946244,-0.004307802332787158,0.003514586111123652,-0.001984910296404685,0.0067205891498736126
2023-11-24,0.005201596914642392,-0.011774966963921663,0.0006153992582187406,0.001369527351607669,0.005383900597407898,-0.00700431212669983,0.011139062243554987,0.00256764072135951
2023-11-27,0.006737817869841178,0.01670349331101484,-0.0018010381794719699,-0.002279529235218014,-0.005833483754405178,-0.0009477253940691766,-0.00799999053421041,-0.0018781142064810963
2023-11-28,0.013331852960407176,0.0019716605362072315,0.0009902121312621581,0.002284737360826794,-0.0005769873890459909,0.003214118770835661,0.002313423505705625,0.002052707079944316
2023-11-29,0.0014794398574640155,0.012571227278395547,-0.0007035020790052693,0.005080280401802417,-0.015014561465404919,-0.005409538407398551,0.003165542248808384,-0.005974727236877753
2023-11-30,-0.004167950375202456,-0.011551790492036806,0.003937566357772981,0.011404937673054727,0.003908606296813888,0.0030626698325555424,0.016764516747208136,0.011597656912795795
2023-12-01,0.017271494075952187,0.018834261963909693,0.005915932440088811,0.004869263842362415,0.0024333880298994526,0.006791326508644113,0.02405276277391688,0.0034223331785394606
2023-12-04,-0.02161342646325959,-0.003979069131600732,-0.005249551903155902,0.00733225959002981,-0.005437544621333279,-0.009464669317555074,0.0031566766175481487,-0.0011936788108057872
2023-12-05,-0.0037794459254785195,0.0214859311896598,-0.0001969872970150055,-0.00012648161433559402,-0.019427773417476146,0.021063282634105063,-0.002076904309906813,0.001536544056617739
2023-12-06,0.0036868953454944897,0.013318016230682739,-0.004029771543733407,-0.01050852040811101,-0.01324174819269408,-0.00568712779023961,-0.01217304558824095,-0.0010228144463994004
2023-12-07,0.0016503277504122948,-0.0057374066179851635,0.007630356698994367,0.0030709797229628855,-0.006962065866204847,0.010139445255212154,-0.007789547220064974,0.0023891971920897426
2023-12-08,-0.013340391114851191,-0.008182679080657507,0.0042992476402736735,0.011033836382733586,0.011481553978978098,0.007412239305854662,-0.006306274543665391,-0.002213207468126366
2023-12-11,-0.011042895165362165,-0.002115779029838838,0.0038894620442897487,0.003658867323036219,0.0007030552802298473,-0.012927191280703854,0.004144606572562548,0.007336551228221522
2023-12-12,-0.0005446421195114404,0.002968371059013819,0.00456728078917501,0.008925270727245582,-0.015759907920611438,0.007920091020176878,6.463764411757111e-05,0.006436247272989748
2023-12-13,0.022562533466176315,0.023461959875571425,0.013790063422416399,0.003363799146586244,0.008873135768141749,0.01669140574135164,0.00464303126937482,0.00858296698984673
2023-12-14,0.0058625529824696265,0.02601300333745482,0.0032092982970846062,0.018192185874239986,0.026890272650312852,0.0007576998912868227,0.006932359741014249,-0.014850591763253207
2023-12-15,-0.009166511771857122,0.001110664789202076,-0.0016463283126940675,0.0075613581495723725,-0.006694034289176143,-0.0027255764869621446,-0.010900616613738867,-0.007452548028547001
2023-12-18,0.00454548718457537,-0.00796763417630808,0.0056250203886392125,0.006052164185089692,0.007432959345270662,-0.00850353592162234,0.0018044583696399386,0.007167241633803112
2023-12-19,0.006813940578695332,0.005388576579936855,0.0060808794940740984,0.013354913728709672,0.01318255625088205,0.0053602618401726865,0.006562147063771118,-0.003219214050633079
2023-12-20,-0.005445982936103211,0.006774905574726819,-0.013857262627366751,-0.011279234758312717,-0.016700753944586144,-0.010714061838867917,-0.020388561847691222,-0.020737662751967867
2023-12-21,0.007070635455129759,-0.0063278485843171195,0.009481811623014202,0.005704002186276647,0.004542299349240775,-0.0007698726343942086,0.010243293334019743,0.006595936306368122
2023-12-22,0.0044344170889421,-0.004548711928690219,0.0020096635707325117,-0.0005969853976212081,0.0017694765258549072,-0.005547432989490342,0.004004222353258591,0.005690651537237024
2023-12-26,0.007620733251079592,0.0028432389076249454,0.004222601691602712,0.0059137824778132675,0.002256764559035229,-0.0028408003979033536,0.004374025214298527,0.004115250068355447
2023-12-27,0.004537842226414401,0.017719990237270222,0.0018080349987459332,0.005998165660374255,-0.004699284580954477,0.0005178207723026684,0.0013450597865050096,0.0025613675568045835
2023-12-28,-0.005815437657636924,-0.007263187937045501,0.0003778442228825618,0.0053128926309129465,-0.014460007821553766,0.002226323798207863,0.0014708321674425928,0.000681598353377888
2023-12-29,-0.001566841018672216,-0.009019840127995504,-0.002895052070641113,-0.0011743399871981808,-0.00209610666431026,-0.005424145662979329,0.0010219627173753132,0.0030636025103321085
2024-01-02,-0.002353909884146743,-0.005764638056015348,-0.005596251571711508,0.011640205499994671,0.02380480765794668,-0.03578678532890145,0.020607291614447742,0.01510273428224096
2024-01-03,-0.008336809604204354,0.004170482676151277,-0.008166813121043948,-0.0043585040475987435,0.008401691287407864,-0.007487491614664554,0.0062512189784720285,0.002340333514151638
2024-01-04,0.0010046128932528209,-0.015194226757625273,-0.0032210755217507714,0.006636214129038143,-0.008719267533340957,-0.012700069414572468,-0.0021121005036186524,-0.003335507802060711
2024-01-05,0.0001584554095515056,-0.009566197851759495,0.0013697360128013258,0.005017080891458026,0.003029774213483716,-0.0040131592397461,0.0031126643569499013,-0.001506084147587461
2024-01-08,-0.007816271130823171,0.009866099970887499,0.014275984632157623,-0.0014512067438452458,-0.01666184593735287,0.02417487024644016,0.002482404593262988,0.007373932174092879
2024-01-09,0.0003193567900841021,-0.0063758639599302835,-0.0015170616776785106,-0.007905922060915116,-0.012386032255875867,-0.00226324946905343,0.00061916593261091,-0.0018300058875957426
2024-01-10,-0.00228804710551489,-0.004657550197089688,0.005655464538624422,0.0021093350774650244,-0.009832422158397303,0.005671166842577957,0.0014848960466202765,0.0033332841174247285
2024-01-11,0.0019733072916665595,0.005615036928797279,-0.0004407389505373116,-0.004209978359590361,-0.00020259940411249122,-0.003222309163818271,-0.004448184537942712,-0.006478323606877723
2024-01-12,0.009794068475553752,-0.001964632922717424,0.0006927820257085493,-0.007339969680722147,0.01297243392446612,0.0017778787383930794,0.007694866587296012,0.009697258948549337
2024-01-16,-0.009488181898979708,-0.017612865064552063,-0.003671438565102547,-0.0062703144298946745,-0.022611265706714234,-0.012316989420881885,-0.011515578593200182,-0.006623448012449407
2024-01-17,-0.011015950635288596,-0.0015819888068923094,-0.00555836481643579,-0.005357582007132322,-0.007267769198432417,-0.005173417297510086,-0.0005608271055261849,0.0
2024-01-18,0.008232882099906247,-0.009295198853284115,0.008892609452877398,0.001975005654284878,-0.0018559728167893974,0.03257072324684107,0.00486193385949929,0.0028338045744100704
2024-01-19,0.00298872590696031,0.003198361848200104,0.012466215601009356,0.0172619562762808,0.001549419971597743,0.015533032082287512,0.0029155616589955358,-0.005485386335510212
2024-01-22,-0.003777957126316789,0.005951613943126821,0.002114256523492175,-0.0011742507471024233,-0.0013407874537658682,0.012163228236727885,0.004886132288285383,-0.004345704922419813
2024-01-23,0.0038991332271092194,-0.007923883673798482,0.0029164787062068154,-0.006583950856421272,0.011258009098704225,0.0066532415958802105,-0.016372385624561003,0.004700379467291738
2024-01-24,-0.008246890539639784,-0.005857037399129128,0.0010932628914375186,0.008935432370420937,0.017260602776607792,-0.0034840676661964665,-0.005318580017659169,-0.015705918305295108
2024-01-25,0.003969986681303217,0.006534486375337822,0.005438841579141762,0.014310723450419172,0.02540165690626317,-0.0016964348052375122,0.0037745420825272546,0.0042436987982648056
2024-01-26,-0.0006946931881824936,-0.0019157620915325468,-0.001270398623401059,-0.003816395324325206,0.008518499429191584,-0.009012852410508643,-0.00037616849716826106,0.003549768160013178
2024-01-29,0.0070584854445865375,0.011516092855408333,0.007919437313017141,0.0026120393892141713,0.0012621129889711646,-0.003585929337447835,-0.0008777825372183745,0.006063564811028099
2024-01-30,0.0013805262268791196,0.009066395671470717,-0.0007734920616434549,0.02049451693258053,0.016678004291819537,-0.019245804565756197,-0.003701969051439935,0.0028461402664441415
2024-01-31,-0.0007423479101067443,0.009820344738490139,-0.01631726054723548,-0.010835673937554802,-0.019456189044497973,-0.019357583388132427,0.0008185876320634389,-0.006844763719465741
2024-02-01,0.01040067256889099,0.01961575843851282,0.01308811352749828,-0.003613212500630625,-0.0040855400988060175,0.013340557020600663,-0.003398236505409602,0.025046285556114434
2024-02-02,-0.009453300862027891,-0.02208863812313766,0.010527360256687768,0.005756044035995389,-0.004101571560688466,-0.005404992489051574,-0.011050800243757153,-0.007215589234672359
2024-02-05,-0.005513988032274875,-0.020193901739925302,-0.003641259527168539,-0.0013162839193674447,-0.004119032796339295,0.00984652271287989,-0.0051724130707386795,-0.008258745854554439
2024-02-06,0.005224693124019186,0.009773971188590691,0.0029033818130268507,0.003438349997488821,0.006893149690153644,0.00863179535686509,0.014506086984720445,-0.0016656680900851706
2024-02-07,-0.0002651978305409086,-0.00483986062767372,0.008340368497273154,0.0018844747803750117,-0.0002934804929919377,0.000581229041006992,-0.0005060410466124488,0.0008342235846474644
2024-02-08,-0.0009018470501077624,-0.005814441598756881,0.0004416873871995186,-0.0035910834429373484,0.017120044674032053,-0.005754898531794783,-0.01000144745359266,-0.002667126273990128
2024-02-09,-0.003876152075833028,-0.002020318659065934,0.0057793359482620765,0.0012014952636154597,-0.021160066686811918,0.004094201039988032,0.0023016691690129765,-0.004512760414113748
2024-02-12,-0.002611969494785815,0.0011722916359528934,-0.0004388300624939001,0.004457013048697167,0.013756579881949893,-0.009002114160074015,0.0069537154953835945,0.0023505496953444283
2024-02-13,-0.013788690196348541,-0.01713480473627682,-0.01377311411314952,-0.008703770822900858,-0.008608834711868019,-0.011274321932383868,-0.008742690003784803,-0.005862628269467374
2024-02-14,-0.0005961123453055439,0.005089055494890582,0.009087731073101901,0.010157333606491514,-0.004934125213963414,-0.004809871042417813,-0.004665438610671813,-0.0010109922429322182
2024-02-15,0.0067238125229134305,0.005171166947099959,0.006899667161367695,0.0218143575208265,0.028659486156993763,-0.0015747448948421061,0.01399756544845343,0.0018552462448557794
2024-02-16,0.0036625695484679976,-0.00578769064707374,-0.004979911268401915,-0.004669978166417121,0.0,-0.008430159602192178,-0.001148431201014266,-0.0001684029175477164
2024-02-20,0.0060642100730936566,0.0008623123025652824,-0.00550550720653431,0.003909967538349823,-0.009447682704817884,-0.004114051176341671,0.008368145141581795,0.022057730287998067
2024-02-21,5.331256612173263e-05,-0.007108812621143934,0.0009058828019030685,0.006509723471635365,0.020438070213246062,0.004186052433884591,0.005194267845021416,0.008896024579303274
2024-02-22,0.00042672195902415666,0.004881736987875973,0.020695489702332592,0.011995701349964305,-0.0008583010527171142,0.011244000776340135,0.01115440270594803,-0.0014695525429159195
2024-02-23,0.005651511902278861,0.013386515409329114,0.0006896579920787627,0.005025362669572653,-0.008782230598919805,-0.010034206648750543,0.008663245783287143,0.0008177835630800434
2024-02-26,-0.0022266895335479875,-0.0029827649754721186,-0.00366251727057898,-0.0034241848998664004,0.003948368667010316,-0.007451252617509563,-0.006487927431300444,-0.008006564264884886
2024-02-27,-0.0010626830578386315,-0.007052114676542098,0.0018577482984671878,0.0004906996842508615,-0.0021101623889080434,0.008114527448282338,0.0011817024149112232,-0.006094632999273375
2024-02-28,0.001808491158992842,0.0063489434429484515,-0.0013215788271536688,0.005069742044855552,0.002787603234403191,-0.006625496414339738,0.0035409229275593646,0.0009944729300268573
2024-02-29,0.005150266749303967,0.007057212352739706,0.003594843629673772,0.009111409299974671,0.0019171923442053984,-0.0036929973389895343,-0.0010522907478731636,-0.0062915280404010065
2024-03-01,0.01891079117438932,0.006231093001420218,0.009388331285634655,-0.004138381546315295,0.01262913102793184,-0.006030527295541321,0.004585343344896575,-0.008163907075244947
2024-03-04,0.016174996770490724,-0.004022496853770985,-0.0010723989436863812,0.007501843630775218,-0.013983445559724417,-0.025381328561490002,-0.014063492280272816,0.004703537811942438
2024-03-05,0.006020141664404344,0.014241778344224798,-0.009994191635525618,0.010017282107359193,0.012265376383521431,-0.028441054719258507,0.0008131937839563896,-0.004848766619420131
2024-03-06,0.00821540188209502,0.005868182513692588,0.005067253552665463,0.005197434093680231,0.010696696387573423,-0.005878098755211725,-0.003938200267818326,0.0005040524021557857
2024-03-07,0.005683843351386164,-0.0009377493243321045,0.009926452199480407,-0.008758448646897121,0.005619598137923898,-0.0007096264514330208,-0.0029499257461022,-0.001847146238264541
2024-03-08,0.008452547868211147,-0.001772556624801802,-0.006002148112792316,0.0018629513552619326,0.009406599398427584,0.010236839014254873,0.004091717850286836,0.0013458337286424982
2024-03-11,0.00183502012710135,-0.0005225042298799831,-0.0008598012768555874,0.000371914531938744,0.005905178100726216,0.011831362507780163,0.010719481157271948,0.012096844211631819
2024-03-12,-0.01094062729637224,-0.008361089819463374,0.01075728729875669,0.008231859252834761,-0.006420850965410341,0.002778771282955228,0.009365619436285666,0.004315991615975623
2024-03-13,0.00700740378557585,-0.004848184782997977,-0.0015675295145969326,0.008112213775829158,0.011170572446911997,-0.012122624278273264,-0.010077421358179017,0.010247959386975758
2024-03-14,-0.004175139558116436,-0.015356960419916965,-0.001976761069401922,-0.017817871800930418,0.017712124216128222,0.01092716105541891,-0.011731931533937923,-0.002226405264405984
2024-03-15,-0.0031944066391379478,-0.0003227369690981252,-0.006866584964197897,0.012395586630811195,-0.0017942918647961825,-0.0021963216111846595,-0.00646953144979856,-0.010247880215630611
2024-03-18,0.0016022835845583838,-0.0030125189620425763,0.005943093761497487,0.012401334297138966,0.009256858939193258,0.006372495888121943,-0.008977254376776878,0.004174916796562345
2024-03-19,-0.0011498061737871268,0.0028058955195837676,0.005557027964436356,0.005865330528640911,0.007034675093600562,0.013584900370861908,-0.0035082974802799205,0.001663104932596804
2024-03-20,0.011911859798154678,-0.00032281988156734887,0.009249404037630526,0.01310699124729009,-0.0008842218437439264,0.01470925988491878,-0.0028807394102785544,0.008633543561557877
2024-03-21,-0.0010386361790747367,0.0021530090393342416,0.0033047921201876385,0.013905015933010079,0.0044251673003563585,-0.04085764268936354,-6.407130833507857e-05,-0.004608940923443772
2024-03-22,-0.008020968992406341,0.009560587549663602,-0.0018960532839465971,-0.012257584334359972,0.0,0.00531037327747641,-0.0033389248626403134,0.00033071037058607367
2024-03-25,0.003194406639138503,-0.00500082710196037,-0.002762533427514313,-0.009154675917716792,0.01022118385676074,-0.008300459716255038,-6.429007345531979e-05,-0.0014878728275005138
2024-03-26,0.003233961285236342,0.002780029229300318,-0.0018470922602474849,0.004670930406381002,-0.0075011967098752574,-0.006672421263164918,0.0035434184128539936,0.0023177903664475252
2024-03-27,0.007240660177973091,0.009918232906523716,0.008403864922472248,0.01936349630245049,0.010370065934307116,0.02121250895527771,0.014059142482086173,0.00809387687427554
2024-03-28,0.012900024807740218,-0.0008448502416147363,-0.00019121870051796996,0.0039092501376039035,0.01104638233264632,-0.010559215768296104,0.001455898569032943,0.002457935652727228
2024-04-01,0.010208079384865787,-0.018640913031585216,-0.0017396919879379968,-0.0067896191918660476,0.006452128022260251,-0.00845575345434102,-0.0025916139439986496,-0.00817274187180006
2024-04-02,0.014772360490971526,-0.005510684617785699,-0.006358135831139311,-0.00040231455760308954,0.019574333351352502,-0.006998824555691452,-0.0003169773894621253,-0.00873420011508974
2024-04-03,0.008772374739768996,-0.00021746745725492733,0.0010985957521607581,-0.002815879747111727,0.00016780479447975338,0.004797625969743979,-0.021999652989620366,-0.005320124735343268
2024-04-04,-0.005734705223284342,0.007172508106807918,-0.012206089715914747,-0.007608474137667631,0.0035205556332746912,-0.004892544529232046,-0.011409103727068826,-0.008858489739063002
2024-04-05,0.017114197447370305,-0.013918819909502944,0.010446673336319767,0.00920007014620361,0.013782002841441932,0.004501861572207222,-0.0007214518112785839,0.003541348900365726
2024-04-08,0.006228485366236658,-0.00010950708113610652,0.0005594351482329785,0.005216487088702593,-0.0067561088488939935,-0.0066635003225418155,-0.0052497391956489725,-0.00403288581302752
2024-04-09,0.0054970549930351,0.00930213268856539,0.0011568527924610272,-0.006700898680997325,0.005225973765480951,0.00724242276191589,0.004617710154032784,0.007592356925761878
2024-04-10,-0.00946385618561385,-0.021793686338810625,-0.010013225036973217,-0.0085214495555066,0.008417287056667444,-0.011139183936147212,-0.013723709746147339,-0.013395840305401086
2024-04-11,0.01943324720349282,-0.0045442903219496955,0.007546924360555707,-0.00020464518393881193,-0.0033552107592575986,0.04327092262451804,-0.009387655206306245,0.002206408854307451
2024-04-12,-0.013239324939518515,0.00534460256705227,-0.01380296802383496,-0.06467792423747742,-0.011659292318876635,0.008626635142120698,-0.008535521617763053,-0.013040010892342524
2024-04-15,0.01871915519396472,-0.01550566946688825,-0.012528227284796523,0.0005471906448593078,-0.005732439355189967,-0.02186360479477234,0.00047465454011308417,-0.002402033161964634
2024-04-16,0.0012220152803359419,-0.00663733545386247,-0.0018237876332101166,-0.011427634799636377,-0.00827188416534741,-0.019167215974128737,-0.021275084307452286,-0.0013758553344801472
2024-04-17,-0.007368252752093074,0.011098582365390186,-0.005918237768831047,-0.003982410717199181,-0.0005056399230642938,-0.00814731313184991,0.002215207991744572,0.007750374519092329
2024-04-18,0.0034154561341945833,-0.005040421063489897,-0.002057705799538345,0.00649712583418105,-0.0009273947207941724,-0.005714307731204293,0.0067003200819215625,0.006836609266556826
2024-04-19,0.003131535140574737,0.003602472039527127,-0.008728460168420549,0.025103421460114017,0.01147488827842924,-0.012212575672944204,0.014889533537392197,0.021388482540366738
2024-04-22,-0.02470249054532203,-0.0016828417347389824,0.009209134839957667,0.01942964631049615,0.005672491529972179,0.005090765009289511,0.008180481754890723,0.006315502331789347
2024-04-23,-0.002458663172418052,0.00033734340510638283,0.011866701043813821,0.014413093063344373,0.00389851290382226,0.006391770684690545,0.0029505635941109443,0.0014862640188975096
2024-04-24,-0.0018600907225296837,-0.007076348300364521,-0.0004745904155173397,0.004892177059980796,0.0001651748563151756,0.012702350855555933,-0.006886745871609978,0.015006581910685712
2024-04-25,0.005963468053189924,-0.007013473820169813,-0.0037989601429470055,0.0015019188839593411,0.002313083847406583,0.005147310651002934,-0.011512636893006412,0.003087051221887016
2024-04-26,0.003241927353549112,0.00524027616797218,0.009473829803338774,0.0006208510198153494,-0.02777546867054448,-0.0034729032266258564,-0.0046314551293964445,0.0
2024-04-29,-0.002031218037689575,0.008386329176894858,0.0035415508815985763,-0.001085587923780329,0.014242054772859891,0.024807968714596784,0.004653005314728453,0.0048589436723676105
2024-04-30,-0.019937078844561418,-0.00854134078444424,-0.01584116572162686,-0.007967617002479943,-0.011451012891837475,-0.018270807143562662,-0.015188839798756626,-0.004351903650425815
2024-05-01,0.00906215232545482,0.007371062367567571,-0.003247275019863549,0.0006257953249879655,-0.01893970328592176,-0.006047109947067031,0.045577172129384724,0.002590200028943279
2024-05-02,-0.0030870874411647042,0.004290599268448103,0.009353450838071709,-0.0010423954712920347,0.0018098513590201204,0.02203174329787405,-0.008334247778490567,0.0009688730719115135
2024-05-03,-0.0007976266365629092,0.01011945273761583,0.012395395370112805,-0.00600021605415868,-0.0020646244407867,0.05981627099978559,-0.004335985738777914,0.002903608888254139
2024-05-06,0.010518361024399514,0.003895887103065654,0.010326611650086637,0.007821208233836696,0.006465405999585894,-0.009106586205937406,-0.004622296502962975,0.002895267799018386
2024-05-07,-0.004600326433150892,0.0060978723412157265,0.0011036663065437935,-0.0013020232655472919,-0.004967924603031415,0.003797024414592176,0.000942317254552183,0.004330396763247091
2024-05-08,-0.002941061869504713,-0.006060913663424983,9.642115694719067e-05,0.020338910694462475,-0.00017208502357612954,0.0018642924539500338,0.0015463537206961142,0.0036729487596747212
2024-05-09,0.015778607960932778,0.004878557834947506,0.005761987293874116,0.009455600411136578,0.01971589487203751,0.010014070030682998,0.006042519294659154,0.00047744247756842384
2024-05-10,0.008112513438038427,-0.00562746180665652,0.0012882290294196075,0.006430336122963842,-0.004052618228121085,-0.006890113482503235,0.0004003499177789305,0.006043187309753284
2024-05-13,-0.011202103844459743,0.002552394233131361,0.0001344278107913155,-0.00020116722031238154,-0.0004239626857132084,0.017645337642747894,0.00873836205450118,0.005058640676037562
2024-05-14,0.008462045119477013,0.005644437944547054,0.004588101224133334,0.013988963102161023,0.0060703437107654246,0.006173490287942229,0.0010581791846497879,-0.007549705448600896
2024-05-15,0.012838750510223651,0.013647543774814475,0.01238294582938071,0.0029775090480477218,0.007733620804851071,0.012217931123054582,0.008521549776274062,0.0004754218877582872
2024-05-16,-0.0038933433506626036,-0.0009771882725769787,-0.0020577577775837685,0.0017809803888064746,-0.0059874813017885,0.0006326099989373279,0.01054559115634679,0.0030097248568288215
2024-05-17,0.016497772589880277,-0.006738346270293238,0.0014377808545495974,0.01145858618529294,0.015016532320466958,0.00015801197745402007,0.002333442655749529,-0.004580012776948084
2024-05-20,0.004023937591649318,-0.0029542480498188084,0.0011520539555727183,-0.04497307200825418,-0.008107674128987385,0.006161979894226954,-0.013885103270784516,-0.007298113771716741
2024-05-21,-0.001469548604570936,0.005157844639033016,0.0024524666807941298,0.020145481245397168,-0.00690989889752891,0.006857214766371467,-0.00019836061040834352,0.005433971883337829
2024-05-22,-0.018373969565577797,0.0012010424576782697,-0.002879160771879774,-0.006064576254141363,-0.020110172878950006,-0.007538333993860724,0.0149429984513485,0.0014305732498907098
2024-05-23,-0.01994457033971775,-0.006434310233596752,-0.007304279476561093,-0.007009294746806227,-0.017059315594128655,-0.021058134324374977,-0.024755543505580957,-0.01444436629801571
2024-05-24,0.0009271136061119734,0.0029636956246819057,0.00661651357559756,0.019246501425865148,-0.0007930343320919908,0.016588116834975075,-0.018236566276101707,-0.0014495317855059975
2024-05-28,0.010513172896031486,-0.014335761128622004,0.000698751458297453,-0.0060286992306543,0.012696177491627436,5.2820886480287044e-05,-0.017622623239688107,-0.0029032719559941578
2024-05-29,-0.009303812074717088,-0.012101549262332645,-0.007002393167570453,-0.006967405221771306,-0.010708695106624089,0.0015788722429075364,0.0004154295965959065,-0.0019411283857694306
2024-05-30,0.0018967600627464165,0.00966497852875281,-0.006633636788980213,0.006158098315711014,0.003168142568781729,0.005255285130459031,0.005815723574292386,0.004376016824310547
2024-05-31,-0.00586417430627717,0.006789910753157269,0.009108031555862706,0.01655556552817572,0.028686823320141386,0.005018538113219728,0.00956783289046359,0.015491438751681796
2024-06-03,0.008917780500373507,0.016174442614306228,0.0008154780370048798,-0.003997435669832683,-0.023963848153183198,0.009258757420187225,0.007295245081366364,0.0
2024-06-04,-0.008977059834655576,0.01168106248126688,0.001117652025793392,-0.013180084434928241,-0.015552744071568259,0.0016492758440027622,0.0004059815933148414,0.016049474511122597
2024-06-05,0.011845603201319,0.007338005912404633,0.011885061250984874,-0.009540062216435885,0.003994155951915879,0.0078207650470552,-0.012381456465053398,-0.0003128265238201422
2024-06-06,0.007391356612921562,-0.0014999631244538847,-1.852301249838373e-05,-0.0017742748864119084,0.00751417460322501,-0.007096409999643005,0.003082778988511281,0.0035983124997134297
2024-06-07,-0.0356833014337965,-0.018345500996643005,-0.0012158589936518416,0.01543848230613798,-0.010704749666595736,0.01239199198036256,0.004507712049088175,-0.003741122018206533
2024-06-10,0.009168181127878539,-0.0066664623725875005,0.0030900059757721365,-0.0017002700010212424,0.002926887427267655,-0.019147758292158423,0.0003398361166404573,-0.005007000199714673
2024-06-11,0.0028566106093963484,0.010342110184914155,0.0024081043553234593,-0.026301353185446352,-0.008047389220334211,0.07264900217324088,-0.0025149208170945903,-0.0006290325490913018
2024-06-12,0.0026617200115086614,0.0075138139019053085,0.008212992649689665,-0.01456071687072702,-0.011054696422923005,0.028578463594134185,-0.009198665333555511,-0.01054291103533278
2024-06-13,-0.008150148984962247,0.014699442536021401,0.002013509852188289,0.011121068776563936,-0.008022983158712527,0.005491108893677987,0.0002752134320147537,0.0017493556146519484
2024-06-14,0.012959545903254766,0.008414916373957304,0.0006083856691376788,0.0006196735197308012,-0.008451396842279801,-0.008168333973665676,0.0006187822680296939,0.0007198363289586673
2024-06-17,-0.005191652247571343,-0.009928995241814675,0.007958943634686966,0.006192402586858936,-0.00687385089542325,0.019671523197995144,0.0028170305012042984,0.001119061870237248
2024-06-18,0.004007271832187076,0.009174833054541809,0.00254083472097566,0.010360062285830862,0.009413000401866656,-0.01098443514149805,-0.0020556890569468633,0.00015970570307310972
2024-06-20,0.012484347826456244,-0.006659719368440453,-0.002716672394016739,0.00847721526229872,0.021576190975590714,-0.021513022026269812,0.014624260196583139,-0.0071849644039502225
2024-06-21,-0.01549323810998593,0.0,-0.0013407223559952497,-0.01192932121022805,-0.008770420433929949,-0.01044424906415864,0.006563669517676951,0.009488533063217508
2024-06-24,0.003957566385821121,0.004044007771301761,-0.0032505104166534737,0.01314323324091582,0.029703898126791417,0.0031325646529565265,0.0024875319409871643,0.019117470837170414
2024-06-25,-0.004962237629221877,0.0016958121198331622,0.003850753763464221,-0.004072889807123725,0.0028058035086044875,0.004468142421827137,-0.012942663614640693,-0.002032232845071036
2024-06-26,-0.00922816811180438,-0.01428531185626658,0.0012481564062454265,-0.0032310997935934838,0.0003498331685440892,0.019993239075961844,-0.0025137862705642,0.0032895373435914976
2024-06-27,0.011336925587312363,0.003972026939582651,0.0015765761896335828,0.008813202952359322,0.004282836091439313,0.003985917823851937,-0.00694702553417148,-0.0021858345114750266
2024-06-28,9.297647872519299e-05,-0.018605920342996463,-0.003935293451698185,0.015514394865150383,0.0019146752415679646,-0.016254184891173473,0.002468965688355196,-0.004068281529782114
2024-07-01,0.002604589701363791,-0.017258739615742202,0.0020581387752909297,0.01577173433349688,-0.0013899329505968616,0.029104658008010098,0.0019156139831755237,-0.005812980617054708
2024-07-02,-4.643394389258759e-05,0.007785573415452829,0.006729662300142714,0.01645173322214455,-0.006784999976613304,0.01623993862074924,-0.0027997179879922784,-0.002054455971445379
2024-07-03,0.01127300038083301,0.013133013962944862,0.004462634526017029,-0.0006705117096086344,0.005079773536514898,0.005811003783563251,-0.0023281656284366292,0.002850448202035727
2024-07-05,0.013486798057396943,0.008278718799397344,0.005766484349109424,-0.013250304070173358,-0.012112176708914402,0.021620506729997047,0.00542241327708104,0.0067897164239403285
2024-07-08,-0.012402074526820739,0.0021610722283076367,0.0011540968862364664,0.0018553639132068422,-0.010496732463897152,0.006538882794260736,-0.006826989153574381,-0.01254694267411871
2024-07-09,0.0016957473442753557,-0.004420169438782207,0.0009722845457502682,0.011990219973108784,-0.011053493449781682,0.0037747792725266738,0.010791879226331957,-0.004288510875759766
2024-07-10,0.0036603361122540257,0.003140346548766937,0.009895281643110376,0.0008186194966215421,0.00883351706048141,0.018803592527021573,0.016184884889535178,0.002233318795325623
2024-07-11,0.017733403441032136,0.009715077550369378,-0.008622454289494041,-0.0016842575631672574,0.011883471399245504,-0.023220885948426084,0.0018071204501275417,0.004297255464071448
2024-07-12,-0.0006270969301160889,0.004276238326051729,0.006307288783128584,-0.012099333131400436,0.00017653853259225194,0.013050839834721106,0.0012022141712613177,0.009508681035220734
2024-07-15,0.0032271131671974818,-0.011496813760932811,0.002750288222395536,0.024934083356187964,0.017127256924389878,0.01674333666646355,-0.004269825563936069,-0.0045526242366077385
2024-07-16,0.019925798233449088,0.014107113263071236,0.0059302261279106094,0.016996057005004284,0.0072042561520841986,0.001791957838201963,0.01185986919277826,0.013562556580691831
2024-07-17,-0.004643206403117328,0.00021244781667695278,-0.014021125043746863,0.015213950174990387,0.013788289502405293,-0.02529605750854602,0.03688502587726794,0.014625856835827955
2024-07-18,-0.006381186355259083,-0.007643759087832436,-0.007684977726880926,-0.031770188578125524,0.009860667507001208,-0.020534918156473014,-0.007408532013253866,-0.0003067250488554274
2024-07-19,-0.017937829186175036,-0.005884241256650435,-0.00664064103061246,-0.0009524949666329663,-0.02297983413926541,0.0005799247052180601,-0.004696714835010218,0.00153397192264082
2024-07-22,0.00031573231212611574,-0.002906134071776534,0.010309968244979206,0.0023833940058164416,-0.006892433190005209,-0.0015602302463179063,-0.0029091048037761524,-0.007964461510843401
2024-07-23,0.003516676143213937,-0.0014028923735089904,-0.001568506940001102,0.00023780293977360145,-0.016136027142779175,0.00468827999410637,-0.012253573906703896,0.002933558188969565
2024-07-24,-0.0035043524704835294,-0.010808410909507127,-0.022662644692026945,-0.008272743278259331,0.014108258982610034,-0.02875424951399197,0.025795945642690166,0.013084739138687684
2024-07-25,-0.01564473026582147,0.008194700045001557,-0.005210424496925881,0.00038349117375791053,0.02104156665198187,-0.004804553934834699,0.02149973499026503,0.00395101092468253
2024-07-26,0.010534525866662925,0.00780335491520745,0.01119967061635374,0.017108381095151115,-0.0008515501278851811,0.002160991113448807,0.0062641020951221815,0.014832733245825569
2024-07-29,-0.0014050562105476505,0.005376712013217322,0.0005879168006492907,-0.006549121935509383,-0.010483257229832565,0.0012846754872148924,-0.012948155002268535,-0.0032812655525465972
2024-07-30,0.009985461488319025,0.0038506291173086016,-0.0050663262889381055,0.02058345749360191,0.017829452033358173,0.002565983904084357,0.017469731157967905,0.012718852693986316
2024-07-31,0.018110725786084636,0.010229340489537275,0.016254267549287826,-0.011106583434590367,0.0035541965331691294,0.014990787577857656,-0.021570711361488915,-0.013888885574720233
2024-08-01,-0.00344294314186655,0.00862471206066373,-0.01416064620560653,-0.022744260791910942,-0.013829188815462579,-0.01675070665527678,0.01843523440954553,0.018279849081294985
2024-08-02,-0.0019046282784817015,0.031161572644992752,-0.018618369282101255,-0.04241205108061785,-0.0005985455593694455,0.006869336492537181,0.021025057441889095,0.020159105116004383
2024-08-05,-0.012691935106198926,0.005290837909047275,-0.029123923892752424,-0.021291531452810708,-0.018052718471539886,-0.048166884972566715,-0.017606875448901493,-0.017741495901400728
2024-08-06,-0.00800071383261225,-0.022368283584124793,0.009219668747423526,0.027911795264716766,-0.00531496036442114,-0.00974829845868963,-0.014139464096693866,-0.0007339746303269834
2024-08-07,-0.0006796279952806517,-0.00704005501778493,-0.006684044376339737,0.00029936324992307917,0.013314688820085907,0.012498226804184664,-0.0004403890052084858,0.006024792627427944
2024-08-08,0.015688013635013043,-0.006151779982666028,0.023117361125918112,0.018263547905088107,0.019104418830904857,0.01663327751399568,0.008307048261374073,0.003943918207309549
2024-08-09,0.0024552612171104826,0.00986164060305117,0.004409692610797711,0.008526933062387165,0.008143093767484011,0.013735921405697349,0.002496630873795702,-0.0007272467518857351
2024-08-12,0.017144665770273848,0.003635839647869732,0.0005252878444923503,0.001895008875128168,0.0012621325680657325,0.007129852889710353,-0.004607098577591895,-0.00742601962714351
2024-08-13,-0.001532358906807807,0.006935273158176658,0.016445730436944528,0.008487351522050046,-0.009579828595918771,0.017193108226645437,-0.009319471130972978,0.004254102868646914
2024-08-14,-0.008155751250824461,0.0062705430726326394,0.003154779942889041,0.011060961837861871,0.009248267703858781,0.0020338694780206446,0.0005679236710585123,0.0017528656422174382
2024-08-15,0.0031388449312386157,-0.008070485873960642,0.017140277998652476,0.006230940480262737,0.006186523918748632,0.013530429616777306,0.0038492948190533838,0.0010208433366953873
2024-08-16,0.022387738526589374,0.0035017535237189534,0.002241993397156694,0.011439211376859326,-0.004716687015268506,0.005918521493608608,0.001885798396101812,0.007720267882179943
2024-08-19,-0.0016380226467286318,0.004618223142985212,0.00956154282281263,0.006916908301085156,0.0030465791829834554,-0.0007078256491040991,0.0015057382905063754,-0.0028909982312945726
2024-08-20,0.0036699887797402297,0.007968087672510116,-0.001626395141559045,-0.004316626613716568,-0.033325010149420575,0.0027446310948757713,0.0033201685315846774,0.0057986436078836245
2024-08-21,-0.0013336178629831386,0.0006082719949691562,0.003436459935198366,0.0003729644088781292,-0.006371109735812341,-0.0004855401145110738,0.007929411119366181,0.0027386944908374122
2024-08-22,-0.011975011209935715,-0.00992638244431443,-0.007848180831358853,0.009459480285006538,0.0077295777223469475,-0.008259753392300673,0.005699140066911523,-0.0034496802943411176
2024-08-23,0.011553425520715921,0.006547689729227146,0.010625272399678254,0.007755157762314058,0.013858508956561044,0.010288174603870104,0.010964041881804443,0.006634745966041855
2024-08-26,0.0031893380775309677,-0.0025411309549541183,-0.0023839189947704176,0.003939397845825532,0.021406485388761,0.0014988234276755996,0.002924506562084206,0.015045080746168171
2024-08-27,0.002706671669018057,-0.0017322799922041554,0.0013731822465194998,0.004608266179931597,-0.00951096577974686,0.0037415861342333656,-0.0025709314139661377,0.009317033208223968
2024-08-28,-0.007026862307456638,-0.0012248131764273085,-0.005805407691981568,0.005041348561462211,-0.009857294527752303,-0.006753530746548386,0.005952629783076979,0.003496490070578062
2024-08-29,0.005177980359189593,-0.003270202066205097,8.964094270047518e-05,0.004157441599161427,0.013817492488118477,0.014570203763614176,0.001891344354425506,0.00418116866995577
2024-08-30,-0.0071260085162319076,-0.01066355827569987,0.009545960644327556,0.011655708009040922,-0.0016084706126400228,-0.0034379069042265176,0.009925183917177227,0.0058291733471886875
2024-09-03,-0.0043235765879541255,0.01635557623877948,-0.020579139961317994,-0.020017893049245616,-0.020942777559901038,-0.027205279993480325,0.00783782002555422,0.007451376188087444
2024-09-04,0.000607926500195255,0.012889727327618505,-0.0020464917938316507,-0.004403111588966446,-0.012211032442645986,-0.008618762752463982,0.0011964409764255723,-0.006163626936495303
2024-09-05,0.008332306942507417,0.005656050623672915,-0.002432293711486455,-0.0077508140609297005,-0.007802926453480241,0.006927847503684692,-0.01416104571813348,-0.019156535104085215
2024-09-06,-0.00740263040895639,-0.00010042692231637673,-0.016830203968230317,-0.023755901733435003,-0.004683252704610896,-0.0070149173973669265,-0.0036971492859299016,-0.00042138823255777336
2024-09-09,0.004205876079289794,0.004319040399915153,0.011196253508404475,0.020474325427160878,0.021040629520538978,0.00040740783285397875,0.013565957043508714,0.00998046426956778
2024-09-10,0.004404097525006145,0.007000769047352362,0.004355572316210532,-0.0518885767234063,-0.03643169714710737,-0.0036214050305509726,0.0046216676964938586,-0.004175461306264339
2024-09-11,-0.001590555949419148,-0.0007946428498147862,0.010259078447624193,0.008124064413015164,-0.009925981773632575,0.011585091506389311,-0.015294468797301453,-0.006568943206618494
2024-09-12,0.017567284525531468,-0.00467152078359756,0.008423235345493163,-0.0030399560759686306,0.013762294036832934,0.0004940736364420495,-0.001092162211809855,0.002110403995192245
2024-09-13,0.009943683944142245,0.0026964229936201622,0.00522267149470057,-0.011035963253526071,-0.0007191942989357436,-0.001212008120723529,0.005344994762481514,0.009400014079785635
2024-09-16,-8.374817448175698e-05,0.009162229225851304,0.0014770382037720964,0.01732577496468579,0.014035036692728209,-0.027775213662930787,0.008881136568572368,0.009662204141114739
2024-09-17,-0.005530911354914458,-0.004835692636123934,0.000408622523593305,0.006687200026619822,0.013042257692220671,0.0021727256097643366,0.0004789483944143136,-0.004160683702500112
2024-09-18,-0.007710465405288858,-0.012395839812677,-0.002965935955357324,-0.008219927317113851,0.0035032771599536883,0.017989781332774957,-0.005506516959655872,-0.00069632593683433
2024-09-19,0.015540757281972128,-0.003313588884291785,0.017064380731744544,0.014214835585417696,0.012393135927023735,0.03706544266431733,-0.008004822572789339,-0.015749228466646614
2024-09-20,0.012710660066880486,-0.003828557869628546,-0.0017286028901163375,0.0028980613492484153,-0.006293118265740416,-0.002927465514640404,-0.004004367870884651,0.014443471575377842
2024-09-23,0.0019404068737312041,-0.002123598994238751,0.0024989046670664816,0.0016581578178482825,0.018131327214301995,-0.007580888193570501,-0.005726173351481956,0.0012563875884623599
2024-09-24,0.01396907347432852,-0.00020251839751495027,0.00286115915488927,0.0007094948915238319,-0.002641398599761202,0.0039739312499438295,-0.0026958460520972727,-0.005576379006383747
2024-09-25,-0.001381767735032069,-0.00831239186150079,-0.0022054652318131973,-0.006616581106715591,-0.019478843055861006,-0.004398159573496652,-0.013392094046549063,0.0016820137302240301
2024-09-26,0.005086884066794806,0.002350901684413209,0.003964690943036642,-0.001950667559181385,-0.017164729006427404,0.0050802033901387045,0.004918871111744494,-0.0006997370429947525
2024-09-27,-0.007935830791900744,0.005201148405747036,-0.0014501814141685276,0.0034321449712324537,0.026772885233249166,0.0011867722329081953,6.18714228410866e-05,0.005462309893250694
2024-09-30,-0.007999374253898295,-0.004768285743677381,0.0040071973467303845,0.0017103161225866526,0.01208788386878168,0.022872006106886333,0.004089418238050646,0.0009749250876143201
2024-10-01,0.010491249392624358,0.007219972094276272,-0.008958387433809278,-0.018116358395851795,0.0231188103179214,-0.029141793029078378,-0.0004319027695579569,-0.0020873455277257147
2024-10-02,0.0002035871977259518,-0.008427209920988665,0.0004219641312961375,0.0012073913052161878,0.013257691647273973,0.0025198114551996387,-0.005062183965990896,-0.009761358325315439
2024-10-03,-0.0006920058878574498,-0.009420503170223804,-0.0018280684887858056,-0.009937728883783525,0.008722905361438382,-0.004894631936951388,-0.004157010715383547,-0.006900679903322771
2024-10-04,-0.001996030315693398,-0.012300807973880001,0.009087204273414695,0.035493674126237273,0.0183552788255954,0.005007402516726156,-0.0013085018567484674,-0.0049630960639592825
2024-10-07,-0.0033877625757333663,-0.007535335192496495,-0.009040375451706217,-0.0013729855901231103,0.004326022445826361,-0.022530848527954284,-0.004741397024730087,-0.01653119352865129
2024-10-08,-0.007371925565205384,0.0016868370766771612,0.00945755137938109,-0.0008534238697359697,-0.026561509750110623,0.018404049879838347,0.001003092264997285,0.0024635030134274594
2024-10-09,-0.005446185963701722,-0.0056846045227259,0.0069263742769880565,0.012669221201736303,0.0004097970908378823,0.01669838287187364,0.006011518782207181,0.005637363613198998
2024-10-10,0.007342892553628744,-0.003917339565120859,-0.0017499289570287457,-0.0027176645530262444,0.008600095430105537,-0.0021781899049676534,-0.0008715866348734114,-0.0045996113270789785
2024-10-11,0.010913408354139564,-0.004039040615342104,0.005988125594301508,0.04439959501869417,0.0038168815706740578,-0.006505407659549878,0.005918798238210732,0.004620865512430905
2024-10-14,-0.001629502157067031,0.0007470835565221989,0.008178347889252757,-0.0036440384801591508,0.0038023029975322586,0.016479864556647295,0.000867015557538986,0.011067886804833282
2024-10-15,0.003468359323146597,0.012157355137486725,-0.007769709751462295,0.0041087394623648965,-0.030061288114060947,0.01102468474196372,0.015470369023317998,0.0
2024-10-16,0.005001609209081437,0.004214623267272177,0.004346629347838027,0.005620927721326163,0.002575842363309322,-0.008852014897875349,0.0010967588621955127,0.003269880839015915
2024-10-17,0.005988310835030708,-0.01584316946705755,8.568347817150546e-05,0.003487640238560852,-0.0025692244461401614,0.0015964144381819256,0.0011567305502724334,-0.009494126544789983
2024-10-18,0.010618185005034864,0.0007461114997595608,0.003846548369420555,0.004232998346248573,-0.00282505244257103,0.012276553423913095,0.003951884307787701,0.0077252867295034555
2024-10-21,-0.00019900127714234106,-0.017470616120315197,-0.001642173469649788,-0.010515906211823856,0.0005832049238658765,0.006297833056365665,-0.013868588056710651,-0.014054451006902391
2024-10-22,0.01078732362833379,0.0009757559697285423,-0.00053117967032279,0.005022397474798268,0.005163335799628355,-0.002621786637404089,0.0038076162562239446,0.0
2024-10-23,-0.012050555849465017,-0.002708217412610181,-0.009137365781024864,-0.0031678752474693095,-0.00356259037047324,-0.021622949868696506,0.014744757542660691,-0.020734361754350616
2024-10-24,0.007693259346016168,0.006408237616108758,0.0021626945959039023,0.007027308363915852,-0.0056539973750688866,-0.0008233534729275016,-0.01320408907556303,-0.010439698448019064
2024-10-25,0.0020569789010425055,-0.005611964818873716,-0.0003452972949489208,-0.01186768077502287,-0.000836114581217906,0.003643102624613981,-0.017046335902980214,-0.005646241479574932
2024-10-28,3.945407605776552e-05,-0.002713151058359564,0.003091322288178766,0.014349431449424577,-0.004937758727079022,0.008599437514968056,0.004475239779501816,-0.0037357600513600042
2024-10-29,0.010894858433216914,0.0015235088304346167,0.0016183796278272933,-0.011530067829823465,-0.01362485759575427,0.0011569400164967991,-0.009343933088754586,-0.016649430708138513
2024-10-30,0.005505891218995584,0.0029340776832422755,-0.0030252091843017137,0.006774473479354004,-0.005030529530439809,-0.015278039476163463,0.0032481451542336615,0.005491251326740443
2024-10-31,-0.015495166963743867,0.0016247290816688853,-0.01960297886667106,-0.011095804044572555,0.000771079657660767,-0.018209493659384512,-0.0046696781282168365,-0.009253511317589558
2024-11-01,-0.004102375877353404,-0.014098091890422881,0.00422036880029264,0.004596218658779128,-0.01567041516803891,-0.013279615577432402,0.001688922951425198,-0.0045934969482908095
2024-11-04,0.0014259144001700363,0.015521840410124721,-0.0021538926051214435,-0.014174342075416901,0.03183998372202912,-0.0040376045849588316,-0.011803027568657365,0.001538293193414919
2024-11-05,0.002254447895035039,0.005311358620118334,0.012091813566522003,0.007780589784064373,0.002950852289762107,0.006486287433985716,0.0006952479337796191,0.003993271443240687
2024-11-06,-0.030386729020158265,-0.02738830357225852,0.02486548513056608,0.11544541286279042,0.01714850656964262,-0.0032669283786925796,-0.002968237280027819,-0.025546957649481672
2024-11-07,0.01607650385553039,0.012527752199492426,0.007732061978746874,-0.04322834332394465,0.00123969072922403,0.02137210678805812,-0.007283856817819068,-0.0006279335829455501
2024-11-08,-0.006769426092267272,0.012701210442542354,0.00433181667633864,0.002538264163456594,-0.00033015264272873157,-0.0011881973656511224,-0.00803934907176218,0.00408416434846659
2024-11-11,-0.02347155656813127,-0.004865299325708894,0.0009528857307679051,0.009747645128208138,-0.005284387070959351,-0.012028588279958119,-0.0027659005259323965,-0.008761001439056892
2024-11-12,-0.008631355179477884,-0.014993542556466122,-0.0031063360412690866,0.0011283845510245971,-0.0009961827195942297,0.0,-0.015479754857963601,-0.002525149601459331
2024-11-13,-0.010081225320474285,-0.009486191205849037,0.0004857686482722112,0.006678898274018685,0.009306126209627452,0.003969155952552539,0.003930760071903183,-0.003164633863530164
2024-11-14,-0.0026091417886486834,0.005790875189004341,-0.006430102156933848,0.0029440379839680286,0.0006640882486186328,0.013770513408025709,-0.00894027194216207,-0.007142888058664143
2024-11-15,-0.0017720694429753658,-0.0026571625815734468,-0.012808639480448747,0.01422256139392597,-0.010368287475539417,-0.014109311366316435,0.014025192006971388,-0.012949581345207184
2024-11-18,0.019020246289590537,0.0017763739260279188,0.004097409691839804,-0.001141407491106472,0.008381599302591525,0.013422275081188761,0.004999999999999893,0.0019437338824566108
2024-11-19,0.008959325127211315,0.005097325352991344,0.003655474203944742,-0.00791746161390039,-0.013963957841276131,0.0011402383381653447,-0.011436230723736118,0.011800734602130492
2024-11-20,0.005632045702723465,-0.00319726731084502,0.0003387221816493202,-0.009502576310941202,0.014245907130467694,0.003154064412282276,0.0007188494218930419,0.00639076069919553
2024-11-21,0.00833950039098208,-0.000774389289891042,0.005368247246335223,0.016529552114632695,0.013381040355983753,-0.0020960313209054116,0.015609663976738686,0.01222411378182997
2024-11-22,0.012892210445830887,0.0005535249342036863,0.0030994993753996614,0.015484690991866223,-0.0011481531032973002,0.0059075165320885414,-0.0021220835009141403,0.0025094967742633756
2024-11-25,-0.029458856541119016,0.02588792920544325,0.003392105066349016,0.00700046064446358,-0.014943805559528456,0.013050798837767719,0.003931228345913418,0.0071964136687254765
2024-11-26,0.0019383092584317474,-0.0038822888532333844,0.005221380682413512,-0.0012785018980850937,-0.01667091072843807,0.009404476157146568,-0.00012943376227214642,0.0026407326708031142
2024-11-27,0.002222714763140843,0.006928627739574811,-0.003029984694522536,-0.0007200739874441142,-0.0026277286356983787,-0.00055314218667879,0.005694999557007474,-0.0018592430795237869
2024-11-29,0.008624546377060671,0.010321251740848414,0.006211945721408041,-0.0002802657070738457,0.0025497619166197083,0.010215818045905767,-0.002509683738716628,0.002111345137962406
2024-12-02,-0.00875440338997513,0.002402723424360431,0.0017924309359995672,-0.01389545715070617,-0.0009325009823133446,0.009522601093399752,-0.0013546261776431479,-0.006710407774327409
2024-12-03,0.002012776164397767,-0.008628705001359593,0.00046384228165408103,-0.005807055808971562,-0.0015275266325768255,0.012771881095138049,-0.015762342140075658,-0.0020424727538472798
2024-12-04,0.003033679807253664,0.010745623809801375,0.006209510619023417,-0.005800372903707607,-0.028809284937135415,0.0014835436581230876,-0.012404832191679649,-0.02062341528654177
2024-12-05,-0.007397709454119106,0.0020200219102446404,-0.0016455346383350555,0.00854566618162389,0.004375151206216454,0.00012354028933203587,-0.00631345046246079,0.011412959026593006
2024-12-06,0.0003705687954558279,0.0014854000332809036,0.0018955917276137768,0.007658511685917357,-0.010541767939610813,-0.0008229104746191318,-0.0014045771263636597,-0.006198382522985213
2024-12-09,0.009919751769426055,-0.009217194994886602,-0.0051497755511149546,-0.014351488583858707,-0.00589950763088487,0.016101073700015567,0.0019424229212721134,0.0011194674621555212
2024-12-10,0.01316431251835759,-0.004704966363103469,-0.0031089913624822163,-0.0038965459151830695,-0.002037270411240688,0.004133779543955773,-0.0024733822575025988,0.004952152398254306
2024-12-11,0.009533812345188464,-0.00945406384991343,0.007730637008498853,0.0027587361115601894,-0.0066565409835459555,-0.005166048550183877,-0.01735585947518159,-0.004291908754996632
2024-12-12,-0.014663722649505995,-0.012147592656251427,-0.00515253763170509,-0.00821242775044706,-0.0008935818249066196,0.00596364831613605,-0.0027277026088508016,0.019157124636465683
2024-12-13,-0.012091578404740733,-0.010210587586434894,-0.0001985150947229064,-0.0065830715465258205,-0.00876401646188718,0.0006856941423871721,0.0025984921373840564,-0.01127821658115713
2024-12-16,0.002415209844427002,0.0029949208588919696,0.0042697467151651125,-0.0015004149670558853,-0.021382130402269217,0.011727596362295811,-0.01889253364762511,-0.009030411688136009
2024-12-17,-0.0038386247250202787,0.0024332269573172915,-0.004119889249361797,-0.0050922300484843586,-0.004240874268221062,0.009719587636433547,0.017796394252424408,0.013589141055958542
2024-12-18,-0.01918507783771306,-0.012504510834215998,-0.02980335807549228,-0.033520712381603035,-0.014720770478126699,-0.021421730443265674,-0.011337922412246515,-0.008675034953301353
2024-12-19,0.0014210967336201197,-0.015141294434380725,-0.00030725896108219075,0.011242901243926129,-0.008551052959642202,0.007014608986329218,-0.008082891628308886,-0.006364286793922869
2024-12-20,0.010434056495473909,0.005694082291888503,0.012011013709321894,0.019917378537033903,0.0034119795285785237,0.018815822396105686,0.006198472951060907,0.0016011510698938913
2024-12-23,-0.004708795377563857,-0.009172071697363449,0.005988313845908255,0.0033250285216706033,0.004061614607274722,0.003065040651387685,0.0055375680529627935,-0.0027178282111917085
2024-12-24,0.001992014086009908,0.004228410740101829,0.011114993282984376,0.016443563896469504,0.0009406739686919074,0.011477895700874097,0.0039926657014277556,0.007374262683784716
2024-12-26,0.006751179863859091,-0.0005688153939457097,6.659179477574995e-05,0.003425399281541175,0.0008458410754499379,0.003175811920184346,-0.0018513572295271175,-0.004296689432584766
2024-12-27,-0.0068705038771270655,-0.008198925679134383,-0.010526584203640499,-0.008102303286346757,-9.371890621212575e-05,-0.01324219798159354,-0.0036405545456252852,-0.0019177601406233924
2024-12-30,-0.0031896811646237033,0.008036904168982062,-0.011411586367528481,-0.007670942979625561,-0.00676194469072533,-0.013263394237144177,-0.011789091837074772,-0.006725471767612179
2024-12-31,0.006233636577161361,-0.005353243728017709,-0.0036379248440820966,0.0016296330535727765,0.017114239675909415,-0.007057860475719657,0.008929911476270647,0.0037078072597211964
2025-01-02,0.013587714119632333,0.0027483728458783663,-0.002457123996579935,0.0012098694281119649,-0.0024171453674176613,-0.02623586096466035,-0.0041488128084467,-0.006745805381354164
2025-01-03,-0.007864039973028758,-0.0031975070649847837,0.012503404560544995,0.013666619016047488,0.0051253860268314355,-0.0020094462677946456,0.0011804401986477142,-0.0014554115696692183
2025-01-06,-0.0012320959587240887,-0.004467696796008003,0.0057605105090932085,-0.004875447278684386,-0.00111249751120579,0.006739005741566828,-0.003675869757717276,-0.015222598430195466
2025-01-07,0.005633435188264091,-0.011277464624283806,-0.011303942339435435,0.009632473270872133,0.009374389431459518,-0.011387839595466742,0.01788954859526215,0.000493332614299069
2025-01-08,0.005315681488124113,0.0012802122551511808,0.0014609060507264626,-0.00016434997000713825,-0.01673561551655378,0.002023115761847105,-0.027080577794382887,0.014299853015151909
2025-01-10,0.00955831000439944,-0.0066255347527727215,-0.015267218983367026,-0.013408557897816253,-0.0036472689413293846,-0.02410385171770446,-0.0014760418964774313,-0.010371216213497125
2025-01-13,-0.009951255605703535,-0.0003509327707219567,0.0015503706847863619,0.018093154817928614,0.025811917014705976,-0.010344173195219075,0.016964484685043857,0.00949737573884435
2025-01-14,0.005249423200524239,-0.001638801758218067,0.0013759502770052112,0.013349196186606127,0.0039344415723947535,-0.004778004147505732,0.0019382698847383306,0.006325940545816255
2025-01-15,0.007488993695735191,0.01723523431318963,0.018189922211973686,0.019719449826879787,0.016314343573792467,0.019675822460687886,0.0015197369729103016,-0.0043519670163468804
2025-01-16,0.006910965874952435,0.0032275472472620415,-0.0019231018964384061,0.007608548159373507,-0.0017038034621262854,-0.04040024064431946,0.019314641129517085,0.007770712283400316
2025-01-17,-0.005307269747253374,0.0017231862841713408,0.010039901270404217,0.019231537366742657,0.00898297184383523,0.007535313857827575,-0.0050079179140909424,0.007389598748975379
2025-01-21,0.01548521901629396,0.008945827494184044,0.009153480443916395,0.014932738010379643,-0.0075676826066697345,-0.03191585897303639,0.007617329058622779,-0.004624499394402459
2025-01-22,0.005135652699768123,-0.005229042996381383,0.005621538331987974,-0.0007223463291117227,-0.017403787855742814,0.005344970004767413,-0.01943969436039894,-0.010253121976274815
2025-01-23,-0.0014148699521492336,-0.007770619217959407,0.00545805853915704,0.011832373227199877,0.005660570682482824,-0.0007593409814914409,0.009430672446425481,-0.004046643398263106
2025-01-24,0.006218705580031125,0.004491835002543132,-0.002919264959769352,-0.004173698499142509,-0.013526906078924372,-0.003934711040624261,0.0012274444876845259,0.0063384725042552326
2025-01-27,-0.0104048052682425,0.011808955849774705,-0.014145356222404648,0.0038136385573923626,0.013896529508316213,0.031780286792531864,0.041343300699727914,0.031492168156876055
2025-01-28,0.008656417783572623,-0.0006795839642195212,0.008592418892591214,0.0048525178520189005,-0.01933389505423677,0.0365439462721342,-0.016417162897434445,-0.023641694703313787
2025-01-29,-0.0038404097330004827,-0.0020410624392114274,-0.004483069391403416,-0.0020964444485771505,0.005831233887814591,0.004616744646861681,0.005120417626958584,0.007536877551219456
2025-01-30,0.01514551884715587,0.003749246011616636,0.0053671859760371365,0.006189430009570618,0.008282018539346625,-0.007394636170183988,0.011379274723244848,0.01941748433774504
2025-01-31,0.0019763991077346166,-0.006565202241716972,-0.005321911081975883,-0.0034670984362420443,-0.025006820361161086,-0.006692219313426562,-0.0047096874985048665,-0.008899352225332002
2025-02-03,0.00533727141028395,0.008141941328842162,-0.006729655863189077,-0.0018331000247032714,0.00243373851620432,-0.03385603892478206,-0.001840328077930442,-0.0020478798252835384
2025-02-04,0.00984841707528572,0.003062570748488591,0.006708369785656254,0.004235316134918676,0.026799845739912342,0.021008018792029626,0.010667094111232123,-0.010734089467896002
2025-02-05,0.006209542410714253,0.01651023597346679,0.004054526223509436,0.009293114687918713,-0.0007276222796906984,-0.0014176192440016333,0.00781801224689671,0.007180490798535555
2025-02-06,-0.0026502562908058414,-0.00044519627527550565,0.003475526445625654,0.0239245787775606,-0.01319617917487903,0.0032262255941553075,-0.007628159598054851,0.003802351611913668
2025-02-07,0.0017841598670260694,-0.006455057853843482,-0.009153513951071335,-0.003972425809707136,0.004242365143703575,-0.02396868746614378,-0.0025405827223388133,0.007575708563259731
2025-02-10,0.016938239196991,-0.003024581444467156,0.006791328320455037,-0.01725893672308454,0.01910194355762429,0.0011873236470210102,0.007314575880456253,0.011121618841600567
2025-02-11,-0.0036516022155236305,-0.006404385822684322,0.0007606437523806076,0.014573468980057847,0.006307971276745317,0.02183182989334731,0.01225373539143626,0.047249968140207654
2025-02-12,0.0010471549570203464,-0.013570336233469926,-0.003221689530170546,0.0016727530606441832,-0.030086713416025646,0.018270070070558475,-0.005572418681457969,0.01642035022748911
2025-02-13,0.009862831092105395,0.016622953899438464,0.010557604278849553,0.003158642626127639,0.007265972071887283,0.01967333077751987,0.01281719626673583,0.011497737475838044
2025-02-14,-0.014871773334245386,0.005300051134257355,-4.917696795181392e-05,0.0009771543653549486,0.0010172194742126273,0.012710570000191712,-0.006995263350971892,-0.00906472742198583
2025-02-18,0.01656090548123368,-0.011777849637689464,0.0029357955473410247,0.01214788089922303,0.017553721354721663,-0.0005314235032047865,0.0005165718973278999,0.0026135807963874047
2025-02-19,0.000554096378723612,0.001248427137583441,0.0023549188372289365,-0.0025003352724849437,0.0014526097345410882,0.0016360910581458832,0.018710847110970708,0.014771684189401224
2025-02-20,0.0005168326664386491,0.0037411638961757365,-0.004160346116164559,-0.044583994158279294,0.015412482794323612,0.003920517943111657,0.011336910427158342,-0.00042813699520527493
2025-02-21,-0.0009225433005247696,0.012084894175776517,-0.017104107843856187,-0.009594935625787504,-0.011696320447399877,-0.0011390214561466383,0.016407839449249062,0.018703701851744192
2025-02-24,0.005429568123388684,0.002901639767662223,-0.004550303389776356,-0.010975019705877886,0.0052397881374210975,0.006312429397624886,0.008872485178345713,-0.010651856728934872
2025-02-25,-0.013188334192659745,0.017246788461430684,-0.004973390324342075,-0.015076122670498515,-0.013840194486757107,-0.0002428481619800582,0.01435200888915511,0.012749719882096278
2025-02-26,0.0015263333689308212,0.0059067227078115625,0.0005050065539069504,0.005400283641020298,-0.0024605693810981766,-0.02704018567246458,-0.018122724022479386,-0.009651780367079144
2025-02-27,-0.015239958822878874,-0.007068239925956621,-0.015961909523318774,0.001004585700437044,0.006303600016491107,-0.01273095992779305,0.003985704624136943,0.000988985910014284
2025-02-28,-0.006265820058134697,0.012265950204262133,0.0156054888944539,0.021617397237236213,0.010712647594726787,0.019131927494021816,0.007878875345941116,0.004797407659027808
2025-03-03,0.013180390342641513,0.004667171262131564,-0.01751997766630431,-0.015227486751810626,-0.03206671342521206,-0.0157541055956002,0.013695445576581644,0.015587467789014653
2025-03-04,0.00869763593445505,-0.01231524444265275,-0.011836974335409756,-0.03978984993348578,-0.0020415716784092375,-0.008822465720090822,-0.011119023739267542,-0.02945233484501042
2025-03-05,0.0020813110966890758,-0.007984346155378574,0.010747948385052775,0.005114930444020116,-0.01952769739180027,-0.0008052980366682894,-0.0018137097000284763,-0.0015670762263116922
2025-03-06,-0.005081207410422395,-0.003307517949563743,-0.017751263194117906,-0.019838751041566516,0.020675340920008445,-0.0017391694763002619,0.004299863562205353,0.0054222186482979495
2025-03-07,0.0005219558189655249,-0.003207901343176056,0.005604886452460267,-0.01727906740646712,0.01300864001729285,0.015892550982701925,0.005186066792583155,0.013766889201326515
2025-03-10,-0.008755937163287819,0.01043176393465961,-0.026635514522396653,-0.04152212939520983,0.025499962941820442,-0.04847958752014625,0.00605906672127543,0.00027980453129572425
2025-03-11,0.011727541035094546,-0.007139065793813848,-0.008312891177371884,-0.01326331725919061,-0.023613571450348037,-0.029189390099861323,-0.010971908317791268,-0.0057378974945282435
2025-03-12,0.004346793335703092,-0.005973432347874286,0.005306600218026203,-0.005411672506847265,-0.0002748322711604301,-0.017478623870416543,-0.018147760189890616,-0.015484487277826697
2025-03-13,0.017756144523255468,0.008791388568780478,-0.013330547411436466,-0.01189115363182014,-0.004215277580094767,-0.033643703453495544,0.0008596584148499176,-0.004575206912543317
2025-03-14,0.00039975774946587883,-0.00529496527771578,0.020655906135268243,0.03219523236267907,0.02972316662833152,0.018170488266351592,-0.0011044501929449169,0.0007233566216742204
2025-03-17,0.0054135329342379634,0.0049904373965263815,0.00771133679017999,0.00641008861506176,0.016621940285239445,0.0023888932558169262,0.00018427855864722176,0.013880875809003657
2025-03-18,0.011671955843306048,0.0009930955871251257,-0.010808487898628982,0.004445847738435038,-0.0010548766323733583,-0.006121429375263054,0.008658818414734926,-0.01055354919404361
2025-03-19,0.004107707999658539,0.005181516387579688,0.010890956650734918,0.017619234457521005,0.015575581280721451,0.011989176082662256,-0.007671172096936241,-0.0014410836621153722
2025-03-20,-0.0012805854303336028,0.0006580566482721206,-0.0028918080871890295,-0.00041818018634665055,0.004245646649462476,-0.005296245456846038,0.0001839782524351019,0.006206492113923101
2025-03-21,-0.008049901213267985,-0.005918615050466314,0.0003298919546212975,0.01096182542290225,-0.0034513535801957707,0.019476753412553283,0.0037419769853708207,-0.014918860053285576
2025-03-24,-0.004452548665506595,-0.01025350199907682,0.01790848775160092,0.026610964210453947,0.0025974628098837105,0.011270360897519094,-0.002078024037829418,0.004077420477241356
2025-03-25,0.004400365088198743,-0.00011118836282575373,0.0024038215328545665,0.012376009521089637,0.006822150469333987,0.013681982036074514,-0.013901500807592115,-0.0020304886133237776
2025-03-26,-0.0008259812019960622,-0.006573288719565529,-0.011938335860707916,-0.00039816456153862756,0.014409392757046557,-0.009921772080253355,0.004347338397733935,0.01758472396504107
2025-03-27,0.013405732882559862,-0.0029156149354726546,-0.002655627315210407,-0.011592268647677262,-0.0032129048779427904,0.010472664818015787,0.008718784358371812,0.01028279172407065
2025-03-28,0.007412123023167627,0.013834127769174698,-0.020138321487112032,-0.021239599281249966,-0.0013571837702173184,-0.026580387700292918,0.0035553427369543478,-0.005230303345754472
2025-03-31,0.014363222998346359,0.00987328510281582,0.006712689237152292,0.010088535747769578,0.01019277914522676,0.019412629300025186,0.013010788670725137,0.017763036970574797
2025-04-01,-0.0019782303576065807,0.008665767417440184,0.002824443055722714,-0.006685733725852239,0.0009249797097021784,0.004771977732473731,-0.07591641462367427,0.0034908022512707415
2025-04-02,0.0020516615880092903,-0.0006557705427308047,0.006328409324741324,0.008864793128372295,-0.0031083594860594754,0.0031363356171891787,0.013768212681944059,-0.007513714218746359
2025-04-03,-0.006038278082531101,0.00459358246498609,-0.04928069685329273,-0.0696850446578473,-0.05258267285411855,-0.0924561866874124,0.028707673916206433,0.025935984281248547
2025-04-04,-0.02339226273628292,0.010887316180926199,-0.05854305020680883,-0.07483844684024832,-0.07195596480582123,-0.07288731642094837,-0.04117133590122646,-0.04441108890887768
2025-04-07,-0.02148580630415131,-0.030155974475166603,-0.001781127314375297,0.01978311242739772,-0.013417653623525538,-0.03673429969943298,-0.017097591748868157,-0.022307884647912113
2025-04-08,0.005443793790763651,-0.018878683638214433,-0.015662815673295305,0.011331925929725761,-0.02108021393263504,-0.04981826186352967,-0.004116124067475857,0.0007311858327225806
2025-04-09,0.03699125081478161,0.00588572990555547,0.10501944686832076,0.08055511544634886,0.049915751361377714,0.1532887171856685,0.006466550491979195,0.022361726467233112
2025-04-10,0.0244235794430141,-0.02756824123361512,-0.043819062573260736,-0.03085262909005604,-0.05548216644649939,-0.042393935513532766,-0.015102392867423431,0.011579760292320218
2025-04-11,0.019086664805096243,0.005438669294297371,0.017842893761116585,0.04002466138414196,0.032122513379974516,0.04059450740721626,0.020445261364236744,0.00946865457382895
2025-04-14,-0.005705977012200658,0.007135282683427668,0.009701389940211191,-0.006265926207252859,0.002423817486735924,0.022054074005721125,0.017333451849818715,0.014279652570819756
2025-04-15,0.005232379352138938,0.0035423655620605565,-0.0028009069165995104,-0.006773897971731668,-0.0028047223045968295,-0.001876449715328743,-0.004793961439839789,-0.008143464392968869
2025-04-16,0.0325408102664011,0.00557966294236012,-0.02222796326408627,-0.015098932755485683,0.010572220439091895,-0.03893338032138538,0.0018877200851199483,-0.0025049566959817193
2025-04-17,-0.004390692094044635,-0.008832547324916451,0.0014267171117980926,0.010234810974314446,0.026202047835911957,0.013949572360662854,0.023130400417500363,0.018415262104681362
2025-04-21,0.03093558529908469,-0.017479885626281666,-0.02380276591259234,-0.01280389910226798,-0.014683794056676636,-0.01939270154435291,-0.0034926065848045473,-0.0031508654191573227
2025-04-22,-0.014195668551963636,0.005581816589040445,0.026017821531153285,0.028822198025340695,0.028001965044886168,0.03406499428742693,0.005289237888140841,0.015528551875159113
2025-04-23,-0.023978630729734163,0.00971321132171421,0.015495480308824972,0.022454289148807982,-0.008587308076921762,0.024331638502555597,-0.01502366919109377,-0.008119038314628901
2025-04-24,0.014556277018207942,0.010535765290041521,0.021048912949868326,0.015609335177599215,0.011735095615337476,0.01842618826092579,-0.0028962546145765433,-0.010641350485684042
2025-04-25,-0.010841679678267213,0.007366081671628111,0.007225424527655733,-0.004455511313627536,-0.0005523463346094326,0.0043672089188706575,-0.0022589594003286084,-0.008411363414001172
2025-04-28,0.01424210344049559,0.0063001546182153145,0.0003812727202627819,-0.00135501155063944,0.0005526515896892015,0.004109347264288132,0.0049811257448268975,-0.0016689198751447254
2025-04-29,-0.009738925467677295,0.00838434641856356,0.006299276475910887,0.005756141015529126,-0.0024854853666618215,0.005091920047891385,0.0036048476885344183,0.007800652152833987
2025-04-30,-0.007482221012837242,-0.008092857622562732,0.0003968300935219826,0.0,-0.025193865234535262,0.006107585626286438,0.0025654834672159677,0.0027645080155334067
2025-05-01,-0.02077228754256477,-0.00507070214403138,0.007087092087886715,0.009279747251048631,0.0014200839128186704,0.003858818787250806,-0.01183538959099284,-0.01736749241485902
2025-05-02,0.0017481999132260562,-0.01082413267255733,0.014844024038501491,0.022763188248856592,0.004065009202058212,-0.03736166699984034,0.010747055959241747,0.005049859647306754
2025-05-05,0.029867754776654154,-0.005585338347138924,-0.005734434003937805,0.0001979579085422678,-0.027681050030707532,-0.03145853122308051,-0.007173934415313998,0.0006978239317878554
2025-05-06,0.02802400275899264,0.003324002090041356,-0.008358107840196416,-0.013105820629578324,0.013944045022484142,-0.0019106203280500056,-0.0034194237721393295,0.00027902308420135746
2025-05-07,-0.014993060801348546,0.004227291495258134,0.0042055270964584945,0.0005617699999147518,-0.0009549901154803919,-0.01138482578047606,0.018320741023569065,0.00948127420252165
2025-05-08,-0.0196942722998793,-0.011149163988702249,0.006967651505141115,0.016359938444877598,0.013956593831911723,0.006318587695328448,-0.010425866361145286,-0.01698909715389274
2025-05-09,0.007254674259445482,0.0014957280169727305,-0.0012740022807390394,-0.0015387044269007388,0.011690388482895164,0.005265995369670984,-0.00925085766621958,-0.009133117637543764
2025-05-12,-0.028190568373488878,-0.009304956975144885,0.03304731611541567,0.027540615463398144,0.01723985002709827,0.0631462586334901,-0.0005188830257846222,-0.014038607430914785
2025-05-13,0.004258992599597278,-0.0040584825556353454,0.006603860821533747,0.011382637506053728,0.0027482499276347827,0.010152222286661683,-0.03697924730985824,-0.008197729149819866
2025-05-14,-0.021037827999516923,-0.006636470721763654,0.0012780826440004223,0.009999538972726763,-0.008953079063091174,-0.0028178117705190964,-0.014012448212589845,0.00290029362708788
2025-05-15,0.015963953531585195,0.00879066039547749,0.004884285134641564,0.006964234958843019,0.010140547240634623,-0.004144435260722168,0.022205457033125597,0.03542490903170892
2025-05-16,-0.012087047232674286,0.00267224889273332,0.006334043929497213,0.0002618192218299953,-0.003591823961980878,-0.0008985839062414236,0.011496630614228343,0.005446354822828292
2025-05-19,0.012880671121226372,-0.002897099873583664,0.001093923806363195,-0.010016489943096785,-0.01589798974256551,-0.011739086232723905,0.007665352103984668,-0.0009721824568857951
2025-05-20,0.0186222454642182,-0.007204954789830964,-0.0033622573759429786,0.0030201189854675015,-0.014276399723221034,-0.009196290225973569,0.007672521303191848,-0.0033365818550582516
2025-05-21,0.007378683875855163,-0.017090009755345026,-0.016850775346555102,-0.017464488003949508,-0.012291518860237716,-0.02305911477177236,-0.0031237209697670965,0.0022317243881548876
2025-05-22,-0.008861493387459118,0.005239940040591806,0.00039460189702000825,-0.00141740343232033,-0.006656387085396953,-0.0036123101903565713,-0.0037211000739586497,-0.009881671549640592
2025-05-23,0.021906288045034472,0.0016587403151682167,-0.006825639685453577,0.00015327695275124675,0.0005827414491179628,-0.03024417951607783,0.0021623402806267844,0.008855748723044732
2025-05-27,-0.016949152542372836,0.013956179002797553,0.020790575620218688,0.017567509738517284,0.004755799550078654,0.02529826078968056,0.010617368270197769,0.00013915529433594642
2025-05-28,-0.002266017869971493,-0.0043159532782121035,-0.005785451740996206,-0.006785060662433451,-0.013620525743380796,0.0010488851004830657,-0.005350885563345287,-0.008776681434081945
2025-05-29,0.0059247154716219885,0.009254747038044187,0.003947442276660329,0.0033396802835514716,0.005680277513649301,-0.0023450596251282096,0.007544529964394142,0.004778616283475534
2025-05-30,-0.006576942326457891,0.001508910079034198,-0.0011185059286688004,-0.0013994910339897304,-0.0037978404157256174,0.004501176550088193,0.010613397770025568,0.00853266141604192
2025-06-02,0.026581051258171673,-0.009306404076889097,0.0056330263090189625,0.00250009913982141,0.0073312820478090845,0.004231977181112123,0.001224016725709376,-0.0013868277337492074
2025-06-03,-0.008855551213511115,-0.0017614835612261848,0.00570245224869792,0.0060831630511339885,0.007278078314744585,0.007783765588379676,-0.006306139745336892,-0.011666738180257541
2025-06-04,0.006441974072654677,0.016233303250032582,-0.00026851243178294126,-0.007698788141546897,-0.014450829568508516,-0.002213754276742086,-0.007771103147830027,0.002951197700599595
2025-06-05,-0.00504987891618125,0.0006947470781417664,-0.004832756264298466,-0.008591487391755526,-0.004594421942962779,-0.010797698521272103,0.0028715950336473117,-0.006445211111164029
2025-06-06,-0.013416073696802311,-0.012724327810767266,0.010269030973764526,0.014430389638355967,0.023961497210112315,0.016398234280647683,0.008915926649945671,0.006204889724091611
2025-06-09,0.004718534884218695,0.0010544437251169825,0.0009012287764704752,0.0038006478636305463,0.006713408931445564,-0.012112498170725905,0.0012900036570449025,0.005886456156499298
2025-06-10,0.000293510988597534,0.005149898944689646,0.005669821601985259,0.006973125033903127,0.0214346398768106,0.006055942410600368,0.007859418314784206,0.00808135564559298
2025-06-11,0.005412290790508978,0.003027454345546632,-0.0028521799815779403,-0.001675420155234697,0.019492628349035757,-0.019193715350202534,-0.007606390295554322,-0.0038700272792311363
2025-06-12,0.0124202002480438,0.011957169872791384,0.0039742757913145965,0.0003357629236384607,0.0038423082139042997,0.0021129385173965787,0.009017153080261187,0.002358752754253679
2025-06-13,0.013100564311248064,-0.009636212295927815,-0.011180060931265445,-0.012265039017445467,0.021780666171960172,-0.013805233102505365,0.0028087391782076754,-0.009898214574190711
2025-06-16,-0.01425909653729851,-0.010077494575472468,0.009514344503849026,0.020418928139852577,0.003210896474796554,0.010028016154186137,-0.011966974118164275,-0.0070402612003075404
2025-06-17,0.0005131941200071655,0.012169424350597646,-0.00854517139843114,-0.0031070913117265953,0.013513517296812383,-0.014010749776737996,-0.018296597226889366,-0.012762231227176679
2025-06-18,-0.005385627565021256,0.0017338256036731892,-0.00015060950756184965,0.016473688641092776,-0.007105220142147206,0.004804711498842984,-0.010828253243528763,-0.00588928203858563
2025-06-20,-0.00041901914110908933,-0.0018463300113684689,-0.002348577608368929,0.0037962112490776967,0.013340350665852485,0.02248452676471091,-0.00623640782577195,-0.0053460484063310165
2025-06-23,0.0030631724583116693,0.003237447634832913,0.00987738189722287,0.011890926128774959,-0.025806516706742166,0.0024876753748261926,0.010214531473052624,0.013073914795096453
2025-06-24,-0.015719378751237634,0.007260404840860435,0.011047392828865465,0.010744936680500139,-0.030427839466213857,-0.005955377207721546,0.005749359907490925,0.006739292526716678
2025-06-25,0.003037305817845004,0.0012587397212084905,0.0005603843646864171,0.009955152037847359,0.00027707395084131115,0.006290559304443111,0.0005914216625781954,-0.008261036645059727
2025-06-26,-0.0011070472235482631,0.005027988676434836,0.007823707286618964,0.01651070200435467,0.014948695585087046,-0.0027783944640664693,-0.0017732162692207787,-0.0022976409519119834
2025-06-27,-0.018123728993798327,-0.006367409409713254,0.004968423150459644,-0.005679662203069924,-0.005545957278864755,0.0003980737892990138,0.0026314706439161117,0.012379390246959998
2025-06-30,0.01198454729743359,0.009841190988334692,0.00478117884896645,0.00975241957358719,-0.014444959303354099,0.020340157852722696,0.0022308179823282703,0.005971834191076608
2025-07-01,0.008923010663382636,0.0024792589115321118,-0.00032381401369563356,0.0017247414046703824,0.013358062127590387,0.012916107943551358,0.02075288265767128,0.013003400218830174
2025-07-02,0.005527596405484614,-0.006353419551589745,0.004533365945032841,0.005474803860599842,0.016569049621821597,0.022230784557691008,-0.002308892919047345,-0.010604022040865413
2025-07-03,-0.006822911403597365,-0.006965044437692192,0.007881400243543668,0.018582394485054943,0.010355592948881442,0.005225040243511225,0.002892745033259647,0.0062051196773567074
2025-07-07,0.000748780548875283,-0.009543591794871964,-0.007451971921066947,-0.013614743577350485,-0.009714791187946603,-0.016857998591239265,-0.004743241977922086,-0.004765335957944372
2025-07-08,-0.010443411868664265,-0.001277035130041848,-0.000547635869473373,-0.031476037585853156,0.02772029154447897,0.00028588290096287494,0.003348905891785936,-0.010843667540999746
2025-07-09,0.004471282664348264,0.01046134045950442,0.005996456521760729,0.0013437900687116588,-0.003415293812270348,0.005380692590104097,0.0031453773514158456,-0.010819907020507946
2025-07-10,0.0022257895319868215,0.0006903429617961532,0.002820357441072119,0.01776402473877492,0.009929633017615513,0.00601490590341025,0.009022248936130683,0.004173859471783947
2025-07-11,0.009601575193336043,-0.013794491611879178,-0.003515507092989867,-0.0046152967852967075,0.004350508865415437,-0.005884824586848469,-0.005009793749555569,0.0014332563142664956
2025-07-14,-0.0036553174266280575,-0.0020982696110009025,0.0019082832595347377,0.00641446186142014,-0.013081540476968745,-0.012028817972970951,-0.0005098714705231711,-0.0057248201224777695
2025-07-15,-0.004155705135267751,-0.007008565962946411,-0.004273310957695342,-0.007447207337646811,-0.008865786496475292,0.002348860273691633,-0.01052167560518913,-0.0015835482638903997
2025-07-16,0.004988096125243757,0.0014114939258467185,0.0033433729083833796,-0.0025475906805850768,-0.006022590588995347,0.005021288884659469,0.061932044164257904,-0.0012976236475169545
2025-07-17,-0.0021735334020257513,-0.00023482369856508978,0.006119538410830128,0.014274849920113741,-0.0050788486642970865,-0.0006662476741466916,-0.01092363978194677,0.019055862160822556
2025-07-18,0.002600924347578637,0.0015275560883392103,-0.0007322363413652111,0.004725503061647984,-0.03483794103622784,0.005523257552692229,0.0044176558450812475,-0.010483071288041157
2025-07-21,0.015370115792427752,0.00891580728806951,0.001896143305678999,-0.001029772974780685,0.0025981668704393446,0.006155875978032466,0.004031922130333099,0.0031495304177180383
2025-07-22,0.009484882235462067,0.006046434532036793,0.00014309727876682388,0.0015808836851201047,0.004534918236533958,0.009036224276702809,0.021720498231930785,-0.005851013623701773
2025-07-23,-0.01240118112003663,-0.005547808264456666,0.008507378219608341,0.018289242509084813,0.012806269640224688,-0.0011660263132247106,0.006967285637383469,-0.007177822407347878
2025-07-24,-0.006118276977772341,-0.0017432923851694593,0.0003310296833012316,-0.0007078408412427573,0.007823320516232357,-0.0018212933514850649,0.002720128553589829,-0.0008674706339579785
2025-07-25,-0.0092499926477293,0.006287295290936967,0.004224435835635587,0.006980327823806753,-0.0035202465337934585,0.0005615031572099305,-0.007430867547629227,0.0010128709891199517
2025-07-28,-0.00647361832754334,-0.006479211533644391,-0.0002510690047468067,-0.0011385725724407658,0.009420225056259834,0.0007949029943306041,-0.01235888877799296,-0.015613689605399328
2025-07-29,0.002750389076383808,0.016885895952522212,-0.0026376616892719307,-0.004157106923013076,0.012921745073148694,-0.012987679414280251,0.011370413158037884,0.018945375444512136
2025-07-30,-0.017273497289540862,-0.005153578239371459,-0.0012593696215839056,0.008719470153742748,-0.008681610176453969,-0.010507952278425825,-0.005056244533635734,-0.009080296051575232
2025-07-31,0.0066454015709211944,0.0005753922740960871,-0.003751164153554032,-0.011314128793398992,-0.002323645193421542,-0.007079572477626139,-0.015066192484417651,-0.012509152091789266
2025-08-01,0.020299689958884537,0.014216754642065066,-0.01639041762130744,-0.023190619353001818,-0.01791465755992261,-0.02500355362250284,0.015721596192160847,0.014287900047680546
2025-08-04,0.005823229257701401,0.0027329314621653555,0.015199764160073403,0.016898819249443253,-0.020704108574539304,0.004792908693340703,0.02217170365658183,0.0014521971802583522
2025-08-05,0.0008040912066364925,0.003066055464957751,-0.005070024116712868,-0.009821155844169427,-0.0012107672868322261,-0.0021146466969287347,-0.0017538360362646666,0.0013052642548612159
2025-08-06,-0.00212110700071233,-0.005773835469350175,0.007659759469106797,-6.87418082233604e-05,-0.006807250594004555,0.05090685764737568,-0.000878641893704124,0.006661770400251621
2025-08-07,0.008437987494967825,-0.001708059541746687,-0.0008377339559806352,-0.0151364068940818,-0.005257657907500546,0.031793575553679565,0.005510368510650121,0.013235482673837229
2025-08-08,-0.00022357985855403495,-0.004334469606910085,0.007797750804225512,0.006342760762549027,0.008022686138281276,0.04235793525056386,0.010493775210604461,-0.001277909575198688
2025-08-11,-0.014374701087597641,0.0011456203237270035,-0.0019775980053369224,0.0027704330748479222,-0.009082448133783227,-0.008337425610942972,0.002827082969394379,0.005828888331950832
2025-08-12,-0.0009074665058316222,-0.005034724842880256,0.010646078845516938,0.011362065504348928,0.0028347426210362237,0.010872419065924843,-0.0059832933514334385,-0.0005654279038392884
2025-08-13,0.0030492830145867345,0.008280462770773545,0.003423132386020322,-0.007922175655965091,0.013850878461829641,0.01602444528652036,0.009491655956641587,-0.003535618589014522
2025-08-14,-0.006338706734070332,-0.007414255337142572,9.301357079483097e-05,0.012494514996126416,-0.0020446787101214836,-0.002357234632724192,0.0017201184454389562,-0.012915065876968446
2025-08-15,0.0005858183101099534,-0.007124537633789951,-0.0023411979263346927,-0.012476296759548311,0.0009400481402599414,-0.005112134601489071,0.01098912017754028,0.005319913358091455
2025-08-18,-0.0015612675411803556,-0.0028935525835579456,-0.0002176166478941033,0.003580050005925983,0.0021598897026482433,-0.003022531587090427,-0.002207969924079678,-0.011298614083799063
2025-08-19,-0.005473279447945512,0.0058037145691887115,-0.005425196437217061,-0.0029840409126506984,0.0065591841331813505,-0.0014292607707683258,0.008794364933356169,0.014465480181490964
2025-08-20,0.010122175284489776,0.0021927921975850584,-0.002657080804944645,0.0054357363282671045,0.01033330477251293,-0.019734587754066668,0.005849183687238524,0.008127713833949946
2025-08-21,-0.0034698951143765644,-0.004951492594677642,-0.004011809805612443,-0.0026347436666964708,0.006449865776327002,-0.004911237335397112,0.0005032904966510987,-0.0005657168696926451
2025-08-22,0.01070642694476942,0.007406397836542844,0.015356833041096918,0.01636528990824737,0.018767648740716014,0.012716749948596728,0.002011974473499878,-0.007500713097918332
2025-08-25,-0.0024148368614391735,-0.0028719467764177775,-0.004401115665894628,-0.004523267889921301,0.004133626034589444,-0.0026343741790885167,-0.004908265095863618,-0.017111011819993527
2025-08-26,0.007262047243691283,-0.0005761352739622749,0.004186969160700382,0.012444884394331668,-0.0022373196448547406,0.009464701590599311,-0.0035005792366349375,-0.0029015584850753395
2025-08-27,0.0020187288833615202,-0.0011526599806952476,0.002278644276482167,0.002377839993774833,0.011301512924724921,0.005145918125483151,0.0016996965776374662,0.0014550580876036001
2025-08-28,0.007419038046796889,0.006578101461989894,0.003541324132844581,0.0059812635019051985,0.00532150840477752,0.008980879291928812,-0.007579494010702348,-0.006828506106422494
2025-08-29,0.00964990177666114,-0.007108291612884621,-0.005963734491660877,0.0011624673356285253,0.008292850932440032,-0.0018060204541949787,0.009803245725637177,0.009215896500458953
2025-09-02,0.023642559312442524,-0.007441628282885748,-0.0074102526816088865,-0.005706325887824826,0.0034999375876425542,-0.01042469754672981,0.005023433722845194,0.0010145997976940269
2025-09-03,0.007831992196408066,0.010977561265320235,0.005419546163007771,-0.0006340659233461388,-0.02423926283152067,0.038089829254487784,-0.0003369245796420728,-0.0010135714283280306
2025-09-04,-0.004418882618094533,0.007623871334357268,0.008357417548391144,0.01439027915770863,0.0043784875608297025,0.005493291605817241,0.004269673074752456,-0.010726077955425573
2025-09-05,0.01334594055214322,0.01524690871194756,-0.002896289175246314,-0.031071099385670098,-0.02820272250843836,-0.00037536957821637795,-0.0018461760808676786,-0.004249195394476879
2025-09-08,0.011388067271604019,0.013324302312037295,0.002456577970201934,-0.004993572221855924,0.005675946412381894,-0.0075513878695669945,-0.0016812167341671014,-0.007798710947136689
2025-09-09,-0.002269905468609279,-0.005683116876701089,0.0023119799519342177,0.016865325540091014,0.007282730339734478,-0.014839387013392824,-0.006568144499178974,0.006377014683573989
2025-09-10,0.0035922056391106683,0.005715599295518015,0.00289071040325517,0.009031362345783611,0.016719369299702525,-0.03225947784379701,-0.006611745723549611,-0.0005895081878514175
2025-09-11,-0.0014913797811720864,0.006685967962577699,0.008310385862863257,0.016703214142683276,-0.0032000141994823483,0.014286370691166894,0.015416034834812242,-0.0029488168408895454
2025-09-12,0.0019715725978484144,-0.0043168843000170876,-0.0003345365701959979,0.004418178503694303,0.000178411114435173,0.01756295951024689,-0.0024649508414572585,-0.009021123465351444
2025-09-15,0.01040483601055886,0.002334493231025858,0.005323774557475458,0.006483959739133738,0.0016939425870434732,0.011235861035975292,-0.003706606355074249,-0.004360842219630845
2025-09-16,0.0020064107533963593,0.0021073457330726963,-0.0013768849532600491,0.0009387810827758969,0.020738789613595987,0.006125955224930424,-0.005298648259183691,0.0004530812760545899
2025-09-17,-0.007715171664187115,-0.0025454899763720507,-0.0012422701734727815,0.008279759131353481,0.005319146041897094,0.003527257082143187,0.004193520486888591,0.01207732250912863
2025-09-18,-0.0040063094596702875,-0.010319683005930558,0.0046724054804268,0.004747465597410239,-0.011796354353530103,-0.004644626316983702,-0.017155709095165728,-0.00865154777867927
2025-09-19,0.010607227252210416,-0.0019060540961123307,0.004952868450893266,0.004948243271863495,-0.009742787987233381,0.03203299068174581,0.011655973169188538,-0.0004514940834242642
2025-09-22,0.01730643093326134,-0.0035946607180445955,0.004731049353107419,-0.007433688440153352,-0.0070910109984819725,0.04309567263758818,-0.011237926397785869,-0.0033116708150453533
2025-09-23,0.004086375052867464,0.00698989817491702,-0.005443562937222368,0.0009601975900692672,0.017229093128151796,-0.006443278871197444,0.013604239322174694,0.007551628981820713
2025-09-24,-0.009063049726670935,-0.0038065596236479537,-0.003181571733739008,0.0021744329841544285,0.005353153866278326,-0.008332328960039437,0.0006230480838194108,-0.0038974292419469148
2025-09-25,0.004165188877066628,0.0,-0.004613467564511753,9.56599744377229e-05,0.008990981375435414,0.018072939472633998,0.005885922090155704,-0.007072910049165659
2025-09-26,0.00577227044053652,-0.0008991358384637937,0.005728940562627516,0.008326682095157967,0.014101625092936887,-0.0054890943685314,0.01114055259684732,-0.004698474898435889
2025-09-29,0.016496514338703028,0.008211530712426862,0.0028105400319002882,-0.0011707061128138907,-0.02559290410840598,-0.004031963397017835,0.01062816573642067,0.005634268702795042
2025-09-30,0.008540004081594166,-0.0029006905005367623,0.003766742028707082,-0.0008236172441806744,-0.012869945547446249,0.0007861175643599783,0.020922770170701543,0.004239722957294578
2025-10-01,0.0015753722020723782,0.002582260558248839,0.0034075725394382417,-0.014963637299440169,-0.006740591148653774,0.0032203038937570483,0.0033977858708276187,0.006936154926204363
2025-10-02,-0.003482825151325697,0.0029119736294891396,0.001151824796685963,-0.010170341508824898,-0.006250524109890798,0.006576637201686886,-0.0003762811522031173,-0.01018269009139694
2025-10-03,0.008032937892485048,-0.0018984138478758128,-1.4713447336833774e-05,0.008063915079767003,0.017701582983323583,0.0034612549164674267,0.014302563448403527,0.008320863561536385
2025-10-06,0.01884573861512795,-0.007943594363249429,0.0035861796762737264,0.002106564749554618,0.008299439867696101,-0.005154640398047916,-0.0025444704127020046,-0.008252198146675216
2025-10-07,0.005159462258136571,0.005751763711386415,-0.00370742225752696,-0.004819127069288998,0.0005253735910295543,-0.0008180041021813578,0.0038796230138866683,0.010438683116714254
2025-10-08,0.01649095687844504,0.0007849325504707405,0.005962962748359724,-0.01189511831594936,-0.002100527405090258,0.006160338232429563,0.0042353356220108385,-0.010031372665133098
2025-10-09,-0.018452848086064955,-0.0007843169145946849,-0.002896974724933221,0.004933742537515995,-0.009735029551375507,-0.015577920734133444,0.0073277645476717,0.0037810130500881556
2025-10-10,0.01009770001194199,0.016147070157205956,-0.027027862178845674,-0.015186548903284858,-0.01930748970718088,-0.03452204809648318,-0.0018840448290050604,0.01009496931389764
2025-10-13,0.02430104394061705,-0.0005518563449767866,0.015344118135168339,0.02353006525728496,0.01363673697733847,0.009744415443628807,0.0009436784654968111,-0.003580006870603003
2025-10-14,0.007141189222626965,0.003201994086240889,-0.0012216462876413203,-0.019125314011642858,0.00044552617294257857,0.0004441188177246591,-0.00026180444013512716,0.010628837223180199
2025-10-15,0.017332403569977117,-0.0022010737766935407,0.004439529909605389,0.011950451466736789,-0.006055790796115068,0.006336506208048043,0.00167667055693288,-0.006369533264175331
2025-10-16,0.02338727694573106,0.007500594339107103,-0.006810227081276099,-0.023389623273267435,-0.008690849466467143,-0.007579973963228515,0.00496937015606802,0.007602833652613494
2025-10-17,-0.01881705572696668,-0.00153282735433935,0.0056762988463516795,-0.003282639365214668,0.014461175185682018,0.019559419889786378,0.005725627453983417,0.012575969858680258
2025-10-20,0.03640197438905224,0.003837648539766203,0.010400500262923273,0.016131073986504374,0.00409834043411661,0.039438767662544505,0.002587734184961832,0.0
2025-10-21,-0.06426889260666147,0.0049153919387605605,-1.494287878323064e-05,-0.017429500547240573,8.879690983976118e-05,0.00202092745830873,-0.009498225063772958,0.04061936104488373
2025-10-22,0.00010605594835544352,0.0006521398548005042,-0.0051990077413519575,-0.010030584212953886,0.017744656326262875,-0.016440071254245958,0.005524350009119328,-0.005756779876413987
2025-10-23,0.004002358382396931,-0.006843391508631225,0.0059300554070227385,0.0014620421528654948,0.011071442802362386,0.004372055505519334,-0.002436099758659438,-0.012286231220756005
2025-10-24,-0.0033528327110016187,0.0004376429166863538,0.008172554694480416,0.020031198920174687,-0.005087154903604674,0.012481961631328753,-0.010755001509290096,-0.0032887405803403436
2025-10-27,-0.027839530498784404,0.0033889551611381297,0.011797664492784632,0.012348641116870729,0.00476652935703914,0.022791192752595002,-0.0005251469983484913,0.005020812459352708
2025-10-28,-0.007166030388359279,0.002614898310274283,0.002656016019079832,0.003978183439713678,-0.007848985275718534,0.0007067783895675639,-0.017708873764940014,0.0014274625117449702
2025-10-29,-0.0037872684129753864,-0.010106271845261139,0.0004802810674313651,0.000491286182563444,0.012344600773871006,0.0026022429598195895,-0.001765320660190417,-0.0257983005838206
2025-10-30,0.01964188672951095,-0.005818506456894856,-0.010998009070644743,0.012863715932680986,-0.015113731431859345,0.006303249053230431,0.01312960826593379,0.009217491168834968
2025-10-31,-0.005430550723012573,-0.0029815107134021357,0.0032802217906446884,0.00542911503594512,-0.002877345562346534,-0.0037950435186790976,-0.0009520967934139035,-0.0011598492602292731
2025-11-03,0.0017929035935666526,-0.0025009491164370568,0.0018766494782573861,-0.005689093389093847,-0.005246522155066713,-0.004882341269010548,-0.013819012239522643,-0.013497830836920022
2025-11-04,-0.01751719582531963,0.002228581199120727,-0.01185363741888057,-0.00032326635286517025,0.0033403041564388225,0.0036797500454426313,0.003221333135943638,0.010151491738818796
2025-11-05,0.011564369498526794,-0.01089604545628553,0.003465476656154154,0.007857682380530084,-0.004030118393526183,0.00037036583712879434,-0.004602404390908532,-0.002184569782064605
2025-11-06,-0.0012005195756796816,0.00899275029038149,-0.010729273044794985,0.00558274596941799,0.007213292564886009,-0.0013697782796735503,0.005215011218847598,0.008027815517071879
2025-11-07,0.006119021470095687,-0.0021167767893861544,0.000984473178775147,0.0025204533162137555,0.023755418451017807,-0.004818894404181151,-0.0021392896631584613,0.02157553879377172
2025-11-10,0.02734111859838051,-0.00022335131406481246,0.015604278627143309,0.008529458003624146,0.0085309680361354,0.00454869456011342,0.00986231242853064,-0.00042531960494940346
2025-11-11,0.003937814406542062,0.0045786275704307045,0.002289357854538432,-0.004007729282882844,0.013195684936667451,0.02160114657791201,0.028766968184098518,0.015456689417809422
2025-11-12,0.016110762091908537,0.0017785397344685094,0.000556300212536609,0.01517646646955173,-0.013858658084616726,-0.006466862149501096,0.0028890225872750808,-0.001396564982891646
2025-11-13,-0.008083098515826892,-0.008211295072978686,-0.01659390636118807,-0.03411247895856662,0.005672174877608294,-0.0019014031834500011,0.004424203408566196,-0.006152935276647509
2025-11-14,-0.018047911171504505,-0.005706026198645908,-0.0001638243733123046,-0.018967392418583584,0.012992506437025764,-0.00197850671637112,0.003482693327370834,0.0012665135077427614
2025-11-17,-0.011463979297139493,0.0024753318169696836,-0.009316347515515466,-0.010671601797418995,-0.01349655870681532,-0.018171161859606544,0.01862908159962129,-0.006745465148466523
2025-11-18,0.007264932736103624,-0.00033652327516375813,-0.008397553343794883,-0.003196074651120706,0.011471816643323196,-7.464669137968727e-05,0.0021043997287488736,0.0076400196604626824
2025-11-19,0.0016294519610446923,-0.0020212315814168713,0.0038631766432766224,0.012892068184872096,-0.014114136840912006,0.0041877290655558674,0.012550044451179243,-0.0015444699220276137
2025-11-20,-0.0002933255655774847,0.003937975166505625,-0.015242227316648038,-0.01612424214775965,-0.002812120835141596,-0.00860134970367199,0.0027652697817071026,0.0014062752679822044
2025-11-21,-0.0015473311468576778,0.0030259831604200205,0.009961138168965045,-0.001206586184712699,0.0005127606026471554,0.019680647235321702,0.004087228043133662,0.02443476196812422
2025-11-24,0.01584423909859045,0.005698375532608768,0.014718606876234608,-6.69866099478611e-05,-0.009480681209980912,0.016317468883471742,0.010544411987812863,-0.004934962532322396
2025-11-25,-0.0003156907704157108,0.002555154188246034,0.009405928065710611,0.01677851756491,-0.012589498743030503,0.003805495657415614,0.009377362961868752,0.0002756494198437043
2025-11-26,0.007998338908444147,0.004432814780764849,0.006903490619724062,0.015313557904943043,0.0022705543238479287,0.002093957526739132,0.004306318820776811,0.0037184188259777873
2025-11-28,0.012424331348639184,-0.004744280217543917,0.0054584342293309,0.017682894070448985,0.010020087875697525,0.0046839067924580036,-0.003083395585486426,0.0032932418941562513
2025-12-01,0.004821066034977672,-0.012448738770281187,-0.004565470301164498,-0.013287209450729809,0.006124866674537932,0.01524119743713337,-0.007635849085302349,-0.009089803643971273
2025-12-02,-0.006440050713598433,0.0004506245389634955,0.0018521864059071191,-0.003366609350882177,-0.010717659116543987,0.010914832876105063,0.00038964775197047885,-0.017790073118353567
2025-12-03,-0.0009296182229129313,0.002815068652025854,0.003462839691083186,0.013804165125219203,0.020974189690391887,-0.007128157809805358,-0.0004381642076319858,0.0019809447707301864
2025-12-04,0.0006461951944911615,-0.005389710017910887,0.000731139787988333,0.012718902691460032,-0.005602691182195807,-0.012141479874668626,-0.013880054932038033,-0.0050840212497522685
2025-12-05,-0.0017823532991586566,-0.00462856565309655,0.001899394752821859,-0.0033533925242493767,-0.005122088906092337,-0.006840055245008081,-0.0027163804676014758,-0.006387528187695279
2025-12-08,-0.002639449868615973,-0.003288926926958813,-0.0030042091058060105,0.0005396567123105989,-0.0048051671968879495,-0.003192433705098474,-0.0015351724331837957,0.0035714885296194154
2025-12-09,0.005137202012788666,0.0010241064314864268,-0.000863028073573191,-0.04663544047604784,0.019572285851244597,-0.002555062909471273,-0.008233257493549861,-0.002277723825765965
2025-12-10,0.00425914796716631,0.003864829102449896,0.00663205445836712,0.031945542195775944,0.010909092098001505,0.005772469911613065,0.03290652141574579,0.0017123030790791027
2025-12-11,0.010769830543307712,-0.0013588266478677946,0.0023270357445543954,0.023443298901162812,0.0,-0.002690246960942222,0.016800628837750464,-0.015667390625201283
2025-12-12,0.005594579039939651,-0.009638325861015873,-0.010751986278262682,0.003591860075829567,-0.006023090659561858,0.0008992046267306542,0.00747589414780947,0.020402259181139693
2025-12-15,0.0009103412637567754,0.000687138281601829,-0.0015108084138407696,0.004709298659068439,-0.008920997001540143,-0.01498499906996098,0.01224114428601486,0.006381297344446146
2025-12-16,0.00022745542760294057,0.005491987278298582,-0.002732375302379353,-0.013967861210784638,-0.02615494655067152,0.0018241281266524467,-0.02273892959610091,-0.008454373498198331
2025-12-17,0.008588228474273762,-0.0009103762481463828,-0.011003593983400228,-0.0018063453766493653,0.02380544455603384,-0.010087028861802239,0.00492115253789005,0.0042632296851661255
2025-12-18,-0.0018032036998042456,0.004783518148241406,0.00755126270975226,-0.0062860902124498574,-0.00741000172086681,0.001287574790797441,-0.00960397837817506,-0.004386698098634345
2025-12-19,0.0011289903434379411,-0.0037324170068160356,0.009063506223587092,0.013450402327430444,0.001287114943697043,0.005437411303821804,-0.00931294281527395,-0.004263725990169109
2025-12-22,0.02308160549906857,-0.0021700566932880694,0.006229803850433591,0.01853660192935669,0.012511752795076214,-0.009865948891234266,0.004603318770423526,0.002141101951302904
2025-12-23,0.013252341857567629,0.0016024571843749058,0.004570492347330646,0.00879010597213381,0.010749018302271152,0.005129713035979089,-0.00742807934099865,-0.0048427000676460885
2025-12-24,-0.004134082564786645,0.006057070593536107,0.003517674396244841,0.00994089571854806,-0.0016746793009212446,0.005323781322749577,0.009719090083900817,0.003435056811278425
2025-12-26,0.011676735474757116,-0.0032942388975986114,-0.00010140966545213459,-0.0038277523658882817,-0.0009226705923944811,-0.0014973926274014504,-0.0007218801257237173,-0.0034232975895763795
2025-12-29,-0.0435283019531133,0.003760963399947137,-0.0035636535074947684,-0.012686471507801111,0.011921726355147655,0.001316908213532919,-0.00033720001236436925,0.004150661372646081
2025-12-30,0.0007275678386380324,-0.0023843969683412514,-0.0012212136133650242,-0.0010193012365934395,0.0038164696994500424,-0.0024840480713893553,-0.0031316363582306606,-0.0012829181682899593
2025-12-31,-0.006467991163222386,-0.007967045555863805,-0.0074088529688375315,-0.0037103405970364545,-0.005372337046501641,-0.00446757506501283,0.0001933455862588307,-0.00228335441910843
2026-01-02,0.004970859258759619,-0.0014916405288659673,0.0018329931020035772,0.010117308447080475,0.01919562206373371,-0.003126592761770741,0.0019328584596236542,-0.011300237285076564
2026-01-05,0.026313174195160993,0.00494089298087852,0.0066602071082446646,0.02629953855086753,0.022095368794964765,-0.013837114156417418,-0.014661222215699321,-0.017071829557316343
2026-01-06,0.010813149047262716,-0.002058188635205349,0.005947158299371091,0.006224839167100926,-0.03438088864353406,-0.018334270451824564,0.0023493705511323792,-0.0014719799205323847
2026-01-07,-0.009559953917112063,0.005843308332513786,-0.003223412281198157,-0.022772807845484522,-0.021148384010046595,-0.007737497507594893,0.013184234697382946,-0.004421993654602607
2026-01-08,0.005522515913727544,-0.005012058215384085,-0.00010152731427326422,0.008563061304545982,0.03730276369989349,-0.004955093401707855,-0.008385944543953472,0.027095103933858944
2026-01-09,0.007242001159325273,0.006640125102822525,0.006613382996888628,-0.0018193423758875449,0.013831272131655359,0.0012738888084979916,-0.006609912153779929,0.016433538063876485
2026-01-12,0.018722729613168898,-0.0029569792527850414,0.00157043300066384,-0.014277444122410943,-0.0046545667374646715,0.0033929113461488303,0.026077602442412973,-0.00014177797919334711
2026-01-13,-0.0014210408732292512,0.001710974757226147,-0.0019995067653818532,-0.04188112643568365,0.02023703229344309,0.003073874731586601,0.01873922957209606,0.010496457789572977
2026-01-14,0.010222226854542216,0.005807377897580901,-0.004915252903138989,-0.009745948660904502,0.02892357479748653,-0.004175458991876879,0.022934652909384345,0.0028073715316594416
2026-01-15,-0.0061276608305878,-0.00022657259266622987,0.0027232975079871657,0.004514954855955988,-0.008217937595556113,-0.0067318453757286845,0.004667193997325292,-0.013437832007836215
2026-01-16,-0.004818883830700504,-0.005774978773332773,-0.000837905189162047,0.01037957688229696,0.005885420234549743,-0.01037904480746421,-0.004144521715069072,-0.0005675726877528708
2026-01-20,0.03783617488689295,-0.013097902265068906,-0.02035680001149731,-0.03113902321993889,0.004388446903649923,-0.03455564430294311,-0.0020579539068280583,0.0185974090860348
2026-01-21,0.014568979615140476,0.007616637328501374,0.0115411092816613,-0.0023120661313811297,0.02414533121193818,0.0038508468560267684,-0.0009165245062660032,0.0036237064906574634
2026-01-22,0.01846258414950319,0.004352490906283313,0.005223257672714476,0.005264063123871843,0.0002245462112051566,0.002826561879143208,0.0022017333200761158,-0.0019441896879783815
2026-01-23,0.013745304981574558,0.0027369350722659114,0.00036273518897367296,-0.019464404154289627,0.009952107176609992,-0.0012482700788881695,0.007551795863194544,0.014053123787758803
2026-01-26,0.014628847613605389,0.004776385764581503,0.00507823176187272,0.011151475686179468,-0.0009632671749322252,0.0297129735567756,0.006132494913357434,-0.004390738256984328
2026-01-27,0.02453194232197564,-0.006225141712714932,0.003984165378470905,-0.0024250174432784988,0.014758150477877319,0.011197539980376536,0.013318870872032207,0.013643835873332177
2026-01-28,0.038773348494905324,-0.0022778921823767284,-0.0001006645803248718,0.0015316195091061857,0.005481324808334964,-0.007085403423770176,0.014614170340161214,-0.006662187225772609
2026-01-29,0.0027094717415592218,0.00022828256161711025,-0.001984377154833794,0.018785277715230198,0.021296690027909237,0.007175070687510443,-0.0018883398469721202,0.0050643860755996695
2026-01-30,-0.10274245274560034,-0.005592314145560051,-0.0029824841055743345,-0.00172963965455053,0.006334044404567862,0.0046461584937966816,-0.00017600921737137565,0.01879343676398948
2026-02-02,-0.04004945911975233,-0.0028571489976426667,0.00497122273706152,0.007355520871264121,-0.02121646149801193,0.04058126002356821,0.015401650690888058,0.006950967557776355
2026-02-03,0.06358720612372104,0.002426276383746373,-0.008455385901172563,0.021775845373529057,0.03851159778407043,-0.0019629088916998105,0.01018416803452693,0.020708852761804675
2026-02-04,-0.0007044119795716064,-0.002535703800697786,-0.004843853725993386,0.0076862018384213915,0.02685592923720881,0.02601286642781786,0.0058772491656997605,0.005982547776823388
2026-02-05,-0.026631707613677613,0.010862068516437562,-0.012489284060324235,-0.02240996439539278,-0.010230900441833612,-0.002097593092373451,0.014159569094184699,0.014996814962250804
2026-02-06,0.03073229479090611,0.0006858394892144126,0.01918478647681998,0.03946354478197245,0.020331257780412226,0.008009748840153375,0.009251880811987245,0.0066233839388305515
2026-02-09,0.02540290594406658,-0.00022854526852245094,0.004821726716577324,-0.0009304747294303084,0.014491734112910493,-0.01166048390953256,-0.00562526538288588,-0.013412691160907042
2026-02-10,-0.009913720520981939,0.01154026677702813,-0.002637057770699447,-0.011859774587850813,0.0025130608184855685,-0.003422959769044165,-0.001215100842702821,-0.01487756355292924
2026-02-11,0.011310577541873812,-0.005308998106042684,-0.00023112214366449724,-0.023438490009594637,0.026189084387423733,0.006650117732854843,0.01053067510851946,0.023304269681378775
2026-02-12,-0.03472828959819363,0.013286359545251925,-0.01544885969788623,-0.02631733644129297,-0.029767761278130633,-0.04998173910671744,0.01532006733904101,0.005089084804767996
2026-02-13,0.024878663914389865,0.00549147967859831,0.0007044991031190939,-0.0002974903603247814,-0.009871235092451358,-0.022733450234726726,-0.004498035729032512,-0.004050595003623481
2026-02-17,-0.03117025433910059,0.0016719212184552745,0.0016134830190519533,0.015138027414531408,-0.015223895115815345,0.03166790148756515,-0.0004929142467997583,0.011184464462449917
2026-02-18,0.022489929267582198,-0.0037832415278369336,0.005037707550576753,0.005372250834655201,0.03071336442023953,0.0017811375828364895,0.0068220308812356745,-0.0008798461017589521
2026-02-19,0.0027930496262249527,0.001005246834588025,-0.002637344323549562,-0.002364231324463506,0.0019246787699103152,-0.014261551090285374,0.007837052681773038,-0.007296489907679726
2026-02-20,0.019714504323102178,-0.002343162612987504,0.00723184928909637,0.008894804889022057,-0.024441991405953267,0.015350449692731916,-0.017901276108735487,0.01178558789398454
2026-02-23,0.027015500392687075,0.0036906489592480884,-0.010211366038766267,-0.04221500565994296,0.023628491290873965,0.006047257970275721,0.013815010208115153,0.00901802442844013
2026-02-24,-0.01385890426498504,0.0017830199955306547,0.00726847527019836,-0.0012430563929834992,-0.00994966372170536,0.02239103564464129,0.007115426602084973,0.001986222739102539
2026-02-25,-0.0025072627221415233,0.00011135928707917131,0.008438306300538434,0.020181667132352255,-0.0013398578585576137,0.007679860855135612,-0.004507065528890797,-0.0030971773886894205
2026-02-26,0.008575889154321725,0.004003906131807344,-0.005554445579207146,0.00933074592937988,-0.0034886340611473,-0.0046676776162442035,-0.006933955783152701,0.00037278521864325675
2026-02-27,0.01313141674919538,0.006092854094136069,-0.004801940858611298,-0.01904426117671354,0.026659598092395154,-0.03213044438249635,0.02037206746427689,0.013167572318833809
2026-03-02,0.012919896640826822,-0.010042081281831594,0.0005685229860479257,-0.00912415181227677,0.011278690083532883,0.0020440108677830526,0.0005232885326853509,-0.016429523640789312
2026-03-03,-0.04461221500318879,-0.0020086982209081006,-0.008814250912485666,0.009073762373418282,-0.015497333153763782,-0.003664168116717992,-0.007281952172203177,-0.01096985081249624
2026-03-04,0.007818116439543887,-0.00313090189690568,0.007055355958297538,-0.0028974061672935036,-0.013238460348413805,-0.0046635601744375865,-0.005876342371654575,-0.015628853727170267
2026-03-05,-0.012017768242597704,-0.004038125395655068,-0.005575670491907769,-0.019506440877797182,0.006274141468621597,-0.008494547048829904,-0.023114533632765055,-0.01370050560317293
2026-03-06,0.01583250339069653,-0.0037167540109821484,-0.013107129910862048,-0.013864691959295072,0.002984939876281789,-0.010872595974432131,0.0032132123593111572,0.00012987793782337498
2026-03-09,-0.0020696732193965506,0.008704546015823489,0.00875996152231262,0.0015200543179132442,-0.005092304689750193,0.009399570490431275,0.009109807903278533,0.009865025774010716
2026-03-10,0.01127967872100144,-0.010646596529769847,-0.0016070155764896787,-0.004104644959157855,-0.015354902720048136,0.0036555398041986376,0.004616931693298243,0.0010282431471573261
2026-03-11,-0.003390104145245987,-0.012913504895611494,-0.0012551345486657706,-0.004190927525510646,0.02329025727098477,-7.670678451010549e-05,-0.0029543873127018117,-0.0032100212624819324
2026-03-12,-0.019653925633074443,-0.001950862863870917,-0.015184966271003186,-0.01610307770092656,0.012864530415857,-0.01936274610273281,-0.003909677012704615,-0.0002576486133036848
2026-03-13,-0.012936961278600778,-0.00494423329555338,-0.00566013575260893,0.0019441943253268867,0.016869575258289915,-0.022051876328148534,-0.002148351321223707,0.003373107981295531
2026-03-16,-0.0008896876689684641,0.007742075709884277,0.01017686501045656,0.009596336831564134,0.007109961700376477,0.010794859745288043,0.006914522575214965,0.006206364524507402
2026-03-17,-0.00251939204778584,0.0027518807197972617,0.002630544991105488,0.002551115996153097,0.010048992858355144,0.005577047742174601,-0.020889006544951627,-0.003083992240042077
2026-03-18,-0.03163716142328721,-0.005603111378958081,-0.013953644515257158,0.0029627319339777802,-0.007682146137123036,-0.016874444795081822,-0.003485794183459623,-0.02075284836612379
2026-03-19,-0.041215062676522196,0.006094722720583645,-0.002464381043311259,0.0007992643855008197,0.0036170120053331534,-0.003920930967820202,0.001348643485331813,-0.005528387211086505
2026-03-20,-0.0305574415876555,-0.01897351006571457,-0.014335696266852715,-0.00489618556543292,0.009547273778944598,-0.0038962445152317393,-0.00938554792261681,-0.010589119772431377
2026-03-23,-0.02259421410703788,0.006524534993637143,0.010499991225476402,0.011690279368677725,0.009143907680765118,0.014113480475494988,0.0002124274075954169,0.004816132997753186
2026-03-24,0.00022274115430986896,-0.004398763077112955,-0.0033568144771775055,0.00858889146089048,0.026376193256980818,0.0005964238375686381,-0.0006371468753272325,-0.005858102889436556
2026-03-25,0.030089336389747867,0.00964999656383414,0.0055726882440485515,0.010328428537211387,-0.012818994405623618,0.0038944425565474727,0.01980700157751003,0.007767501069221749
2026-03-26,-0.0375939695290467,-0.008406165056295323,-0.017858729983344035,-0.012727681578398986,0.013291648141221524,0.0010688333127271132,-0.0028757579806601985,-0.007441812908849932
2026-03-27,0.03509384246336822,-0.005458193137448997,-0.01705189415742525,-0.03024072633607411,0.03360941870519185,-0.016173068672430957,0.005057610795283107,0.013656362393707822
2026-03-30,-0.00028942761329309175,0.013311496526826172,-0.0033433906874337227,0.0032880668110599753,0.002807163374213051,-0.008721851736991582,0.008484159105459632,0.007396598086188977
2026-03-31,0.037893826237359374,-0.0010370576023588374,0.029067865784757174,0.03661416754282243,-0.010555741608490044,0.029031290418426448,0.00804154027924775,-0.0028844028007601885
2026-04-01,0.017499822514495555,-0.0009844268251663069,0.00753449141030349,0.004147398728892249,-0.052339947978418455,0.007250134515282447,-0.0013091397378595104,0.00039448380980688924
2026-04-02,-0.019208815315471806,0.006144239346246083,0.0009004595313388819,-0.002640680795986672,-0.0005598211782673612,0.0011344553655323608,-0.0044240441335712255,0.008412201507288719
2026-04-06,-0.004098669687746526,-0.0016131842808549957,0.004726845083763864,0.008017798550562727,0.01667803857807426,0.011487876222620041,-0.008517129511906751,0.006517145803409452
2026-04-07,0.009727589667910319,-0.00011540727145953333,0.0004400005646272298,0.006600097448735687,0.0033054882558405385,-0.0207060792616357,-0.010623677748186844,-0.01696443238629286
2026-04-08,0.00629906958171822,0.003231865630481945,0.02546963651219092,0.03554131170863384,-0.0469160615120342,0.021301735790709264,0.012121972862090713,0.018179418057121977
2026-04-09,0.007778530578574028,-0.002531161704951712,0.005769017699185586,0.0076630179280876565,-0.007553437836438803,0.006141348347641795,4.1403229871672664e-05,0.011514997314111097
2026-04-10,-0.0017811851128632927,-0.0024221550291355642,-0.0006617754265585418,-0.0014822259329182463,-0.01631844232987434,-3.834482173115106e-05,-0.011810497821745924,-0.009081592704553443
2026-04-13,-0.004049183335572026,0.0030061399444860637,0.009772447246481741,0.01229546105901469,0.0008524794530593294,-0.004913954203973225,-0.0020968116762440925,-0.013682611078787765
2026-04-14,0.022349346089928224,0.005302614883985202,0.012184877209840739,-0.008161195883457983,-0.022274613211083927,-0.001427586909096612,0.008993102697498534,-0.006674628372763003
2026-04-15,-0.010402401583740839,-0.004357227346368342,0.007890969227043909,-0.01668164506679881,-0.0015411767067384785,0.02936295529114563,-0.005955877761235184,-0.007773446775051984
2026-04-16,-0.0008627455164704756,-0.006334241051640377,0.002457347646937613,0.013140301225801565,0.01993157920727917,-0.011372633634406881,-0.017304229491238332,-0.0017260910039142985
2026-04-17,0.013293051904224695,0.009156271541616912,0.012085686101644066,0.0010969357503831656,-0.036452191056455696,0.02593021154924191,-0.0015349161024200697,0.0074487418317292775
2026-04-20,-0.008611208936292858,-0.00022978975610910002,-0.0019997351150194964,0.02159270356483467,0.008467550271490154,0.010435475371396441,-0.014903015584691093,-0.003432785432661789
2026-04-21,-0.028320000717914406,-0.005514005727006777,-0.006546892848539487,-0.012587150870674635,0.004604650712823677,-0.025196703995697067,-0.0196367760884244,-0.010333931850435185
2026-04-22,0.013245809401007946,0.001963647344588315,0.01012671209511895,6.385654138285624e-05,0.007683974480842126,0.026298995241013978,-0.00026525308734171027,-0.0009370629039966438
2026-04-23,-0.00969535708776803,-0.002190285086659971,-0.0038807408683984024,-0.004248833052150736,0.0068896321963785034,0.0009516944880663125,0.020123790467088787,0.022109128233705144
2026-04-24,0.005127114447075254,0.0018485603383555649,0.007749309237231605,-0.010940380150622708,-0.010761917027958812,-0.008667702544387423,-0.013657059679457184,0.004588367163997242
2026-04-27,-0.007755303754327758,-0.004959078348952928,0.001722787837563633,0.01086669445655386,-0.004835155130816782,-0.012727861582673916,-0.009494484857008989,-0.015529154628795339
2026-04-28,-0.0185629131043068,0.0010431195427158535,-0.004865992267119479,-0.00057753054980203,0.0159929614507357,0.011584102768505522,0.010872454453272784,0.03857362319905633
2026-04-29,-0.010665781709228828,-0.007757353637483422,-0.00015450932498595193,-0.007063802772193428,0.02729808106235354,-0.001994705758897819,-0.001931606926378393,0.006636962809154046
2026-04-30,0.014973287523456946,-0.000933492612911424,0.009949633527564838,0.01286987049440036,-0.002198226559964156,0.004367659937803081,0.010996319732185178,-0.0013946581816928205
2026-05-01,-0.0011330099187528697,0.0035754234651741434,0.0027690952923506984,-0.0024263326381473993,-0.010237822397487384,0.03239351812191993,-0.011572835317945729,-0.002285461580466608
2026-05-04,-0.02001512681908013,-0.007592594887455784,-0.0036633921467564834,-0.01542553598523233,0.0061538941189072105,-0.011815603186417278,-0.013160780695198215,-0.004963078856082159
2026-05-05,0.008584306218673232,0.0055320437688115565,0.008022228723942426,0.005688299482735193,0.00774285199079916,0.026550690927708454,0.006021430537417105,0.0037089096618732054
2026-05-06,0.030339261182306565,0.0076085923613695705,0.013899399692774095,0.01777636689210116,-0.039966430551094834,0.011717924952267644,-0.0041232565207836025,0.009556536325268095
2026-05-07,0.001670691560653248,-0.00499530280958882,-0.0030660824190705815,-0.027405562904829983,-0.014190627753102536,-0.00024350711440246364,-0.009393694034258826,-0.010097190241298515
2026-05-08,0.004841540894530816,0.005020381133570506,0.00825609701116825,-0.01361536214096759,-0.013712618052667547,0.020456497888878378,-0.005348012936037483,-0.00012756960228832437
2026-05-11,0.0020287362083613036,-0.006040928921091204,0.002277563042387465,-0.006951422136867502,0.035346173729486674,-0.0012626705737772692,0.0004969667140473089,0.003060592325518474
2026-05-12,-0.003957209812161411,-0.006661947667267021,-0.0015149526145865622,0.016266698193691642,0.0063469281852877035,0.007243389265544797,0.012780538949712428,0.017416657929833157
2026-05-13,-0.005612899814961825,-0.0022354819854379926,0.00559483781461112,-0.01518625903724935,0.006240504976167571,0.013805995565634221,0.02746816512514605,0.0028739056505400207
2026-05-14,-0.007642296271595517,0.00141497032805038,0.0078943149045545,-0.0011323737917798837,0.007983012925278699,-0.00220833028705536,0.00164921060077039,0.00236731339492402
2026-05-15,-0.02322039069444226,-0.014837463068841261,-0.012029343756796207,-0.007002182681687286,0.0406589665169379,0.0067738157309671365,-0.017721001185035057,0.004599173874371143
2026-05-18,0.00273187497307803,-0.0011953322496193186,-0.0007035093177317764,0.009804966055655173,0.016274109384609492,-0.007960612067346995,0.009748111179074481,0.004701725416461411
2026-05-19,-0.016561892782745558,-0.006462408602854852,-0.0066607880874933745,-0.01672598122328084,0.012835675045705486,0.003793999787491842,0.0047177950854322415,0.008867046968010328
2026-05-20,0.014337773746013083,0.010720357660096935,0.010248994582563453,0.021237827780780094,-0.038572772406928246,0.0109709963070026,-0.0029564782698280334,-0.004516550954165366
2026-05-21,-0.0009822799906678004,0.0036944163227163873,0.0019830877010671433,0.0033776595528693942,-0.006334818920508023,0.009065310949131433,0.010509290139404603,-0.0046598258400802894
2026-05-22,-0.0076020599640160835,0.005461802797472659,0.003931549076803931,0.011155101734823258,-0.0023826075934316737,0.012557845216167651,0.011263116632473036,0.0038192711760107745
2026-05-26,0.00043495402009452455,0.004959868848041893,0.006638641352187502,0.0011749537442633518,-0.03298477066065375,-0.001586751960143129,-0.012103035726260702,-0.012518520459158466
2026-05-27,-0.013309202332427494,0.0023502115063884776,-0.0001732421647460125,-0.02432027250362001,-0.012749507330859777,0.008173125031610828,0.004822315777527342,0.014417180636625782
2026-05-28,0.010477609933210896,0.005158233968638903,0.005516578600909927,-0.008520381291236778,-0.0063555593063451266,0.005340207912225559,-0.002118510305669896,-0.01482482193373702
2026-05-29,0.010538571648365469,0.00023339237930386503,0.0024914048034492264,0.008694742151130974,-0.011567856078975258,-0.001439992937726342,-0.023700178285857576,-0.017410801679544008
2026-06-01,-0.014048680044494555,0.0005383893767152426,0.0027231134609038143,-0.00912103426891464,0.028363007929087303,-0.018425943872925732,-0.008077074998576128,-0.004682899162122056
2026-06-02,0.001677776649860796,0.0021060787433517802,0.0013579397972762752,0.014768341793673478,0.001204931516252561,0.02902293336585271,-0.0027739033261376944,-0.002924703221176883
2026-06-03,-0.009904155768766798,-0.003969688711890074,-0.00701718232049986,-0.0003653631645685884,0.0198582593553438,-0.015672595971098935,0.001570308692512512,0.00446372436842335
2026-06-04,0.008335974543818736,0.0022271676938250273,0.0037786857621391334,0.033372080535216675,-0.0032125188296440177,0.0031264139436979477,0.022083822587668722,-0.024631839554786428
2026-06-05,-0.036545333189379026,-0.00514624663884089,-0.025809371248925683,0.004760511625581776,-0.013943667526989167,-0.012498841728371679,0.02016043362593889,0.034626402888340735
2026-06-08,0.002599431669397134,-0.005172777465239142,0.002264172608771542,-0.004033725371046182,0.012206522501370776,-0.01887156849768501,-0.0026206151959233814,0.0007549193176357161
2026-06-09,-0.01633647245916592,0.00590878240803594,-0.0029354505508077944,0.005110785750300106,-0.018714967630251267,-0.03644631040831148,0.020847675144487265,0.022630012639752284
2026-06-10,-0.04145558180468856,-0.00281959140124477,-0.015765562508027298,-0.011384721351222371,0.011483388711468034,0.003544996808021894,0.006286943009131241,0.027661652917340573
2026-06-11,0.03134182597256374,0.012959502827969871,0.016996847886747934,0.014071240233745508,-0.026689610569593958,0.013889904990249002,-0.0006709030081932799,-0.012680846560691017
2026-06-12,0.0005694792310315666,-0.002442443077200429,0.005408247901529384,0.023063020107523702,0.002796646563785421,-0.015221729613622226,0.010657463460824967,0.001090530499684661
2026-06-15,0.025896360083728975,-0.0005829111416291166,0.01763396989375332,-0.004115760495236875,-0.04142572998740868,0.018170605764429082,-0.021629889818959858,-0.014374470071240819
2026-06-16,0.002723533282284585,0.005482953639441401,-0.005961562844234103,0.03675641092824922,0.006670468731338586,0.009513449426140408,-0.0020368793128610063,-0.007786489362223814
2026-06-17,-0.02270955075927472,0.0016243576710675,-0.012487870885051433,0.0070060237177231866,-0.007895073398905494,-0.010994446379867018,-0.004167002968190725,-0.004359721966156194
2026-06-18,-0.003808571701190089,0.004864992834276327,0.010396992441959574,-0.024710573715507,-0.020818586188790733,0.006960626705947437,-0.024807846431687874,-0.0067559228508145
2026-06-22,-0.0065354381359996605,-0.007608139924100477,-0.003146979693962715,0.019248533511496246,0.0047892291836719725,-0.0033555919842641613,0.012697552012935542,0.0017634386034104388
2026-06-23,-0.018903219228002532,0.0012777445802372167,-0.014521954010491611,0.008024618744603806,0.009099404172226988,-0.00912434558954689,0.03368069856478706,0.009807604567698247
2026-06-24,-0.030213064971900017,0.013689110194512022,-0.0004635170636431152,-0.002064954886221937,-0.020253359461721687,-0.004145434153267291,0.008030776954327079,0.0036110188562235024
2026-06-25,0.009674185334065832,-0.0003432674663504942,0.0014456352254532678,0.005008141585630899,0.004748058321791815,-0.06117781321571136,0.016099605322873467,-0.002233254448926303
2026-06-26,0.011286779419095394,0.0001144910015857814,-0.007231373616869652,-0.018112939266905714,-0.007342855276018745,0.03136472859984596,0.03993792300019372,0.02748071542889008
2026-06-29,-0.013516094115971211,0.0010301257433611433,0.016474862380159383,0.0010333563941116175,-0.003515422228952292,-0.007188697419469814,0.015118220561340934,0.0002420945555594578
2026-06-30,-0.0005425733809176769,-0.011778126014661217,0.007786800986842035,-0.006254044887290422,0.004850828119595807,0.02704619642688466,-0.017562215672182413,-0.01669697347047716
2026-07-01,0.006026389031102086,-0.006759433580661112,-0.001352504438058455,0.020590950646787842,-0.0032182741184734187,0.017348699838890536,3.9353099924754886e-05,0.00024614585071036643
2026-07-02,0.020318398961908235,-0.00011686748395989266,-0.001314069480687241,0.001197315436734403,0.005943627574472865,0.0484068203126522,0.03567215123155654,0.035059643769504545
2026-07-06,0.01057837238078907,-0.0007017329726256571,0.008727409093039817,0.014265549396600186,-0.004741366356756704,0.01305770247720095,-0.014104401810124845,-0.014024249034175207
2026-07-07,-0.012142502784779907,-0.010532404079891422,-0.004751899671231685,0.004441549196311012,0.03847845137832362,-0.006396724801939757,0.030501693100212224,0.013138910068878795
2026-07-08,-0.008053135463158223,-0.0022472198054201975,-0.0030894297130047432,-0.025352296658711193,-0.003952272912306043,0.008787777487112347,-0.014369093242829645,-0.007733509842690167
2026-07-09,0.009961224054354512,0.001540982129888846,0.00846525000257925,0.01466942766663748,-0.02600437923879262,0.009030238488741738,-0.01632493505166377,-0.00923266496850128
2026-07-10,-0.003093719744077905,-0.0002366746783287743,0.0043101596888019955,0.002980892468361418,0.010330264073834527,-0.0028461004775477416,-0.008182150008674727,0.010407849920580636
2026-07-13,-0.02620621369961662,-0.005919261190651559,-0.007656174850540931,-0.005765751580729228,0.04053851833295985,0.0063110179758709695,0.0030740835612532713,0.00910291239281813
2026-07-14,0.013673600487310367,0.0013099989133313894,0.00355064169730146,0.02499033240560311,0.004013575898567101,-0.0077211944971219415,-0.015207289743680574,-0.013887218622496311
2026-07-15,0.0005374505181017231,0.001902902345748414,0.003963635929681075,0.011723843920603993,-0.003997531502474949,0.040144874663333496,-0.02690565951087487,-0.007583111084826788
2026-07-16,-0.01984695723728025,-0.000356110874378035,-0.005418617756386079,-0.010838574056478478,0.009964725597841895,0.017587816078244334,0.011942340285074238,0.029957565944528364
2026-07-17,0.009453124418586922,0.003681244056098265,-0.009897156017872222,-0.00597402835328964,0.00966086804790689,0.0014402582208634662,0.012281441974787644,-0.03956665900612666
2026-07-20,-0.0021986307389650905,-0.0074538248750587455,-0.0016143782471810253,-0.006537704328423155,0.006786102034867625,-0.021423845225929217,-0.016677150149708497,0.006866174653646473
2026-07-21,0.019613686984128575,-0.002741634631212575,0.008341309298597777,0.018768306314465022,0.022580251346277613,0.0035212159263280363,0.00719392827523091,-0.0018266137464925114
2026-07-22,0.011499153135369422,-0.0026297060850209997,-0.0011627413779321527,0.008631869692429461,0.018060708675221138,-0.0056446440503478135,0.02003114105676107,0.0028058524352074787
