Date,portfolio value,running max,drawdown
2016-01-05,0.999172944486428,0.999172944486428,0.0
2016-01-06,0.9944912513906615,0.999172944486428,-0.004685568320880495
2016-01-07,0.9777212937759877,0.999172944486428,-0.021469407101957102
2016-01-08,0.9701970786635759,0.999172944486428,-0.028999850308942938
2016-01-11,0.9675416066051402,0.999172944486428,-0.03165752040808733
2016-01-12,0.9765519976205139,0.999172944486428,-0.022639671130748235
2016-01-13,0.9672477319234132,0.999172944486428,-0.03195163834167298
2016-01-14,0.9785587217454541,0.999172944486428,-0.020631285959779023
2016-01-15,0.967894269201291,0.999172944486428,-0.03130456589896377
2016-01-19,0.9669225825313127,0.999172944486428,-0.032277056872963984
2016-01-20,0.9564241740610155,0.999172944486428,-0.042784155296944335
2016-01-21,0.9570222782562398,0.999172944486428,-0.0421855560268934
2016-01-22,0.9754396925477683,0.999172944486428,-0.023752896903006655
2016-01-25,0.9660942692721328,0.999172944486428,-0.03310605576024433
2016-01-26,0.983124425869355,0.999172944486428,-0.016061802619487368
2016-01-27,0.9730155433787712,0.999172944486428,-0.02617905263748077
2016-01-28,0.9781721382106107,0.999172944486428,-0.021018189485316485
2016-01-29,0.9965875850473176,0.999172944486428,-0.0025874994447926043
2016-02-01,0.9925904008952765,0.999172944486428,-0.006587992226445764
2016-02-02,0.9808136293431955,0.999172944486428,-0.018374511884595872
2016-02-03,0.9931594594706116,0.999172944486428,-0.006018462618508308
2016-02-04,0.9998911396620354,0.9998911396620354,0.0
2016-02-05,0.9909899942306173,0.9998911396620354,-0.008902114518613164
2016-02-08,0.9964447627743914,0.9998911396620354,-0.0034467521022426622
2016-02-09,0.9968550406060578,0.9998911396620354,-0.0030364296027303294
2016-02-10,0.9927712353191739,0.9998911396620354,-0.007120679502438645
2016-02-11,0.990733054978587,0.9998911396620354,-0.009159081744182482
2016-02-12,1.005614670115784,1.005614670115784,0.0
2016-02-16,1.0096604792380381,1.0096604792380381,0.0
2016-02-17,1.0163805239653343,1.0163805239653343,0.0
2016-02-18,1.01923456491737,1.01923456491737,0.0
2016-02-19,1.0196175501397837,1.0196175501397837,0.0
2016-02-22,1.0229443853960758,1.0229443853960758,0.0
2016-02-23,1.012177590048403,1.0229443853960758,-0.010525298834798405
2016-02-24,1.0170148036469526,1.0229443853960758,-0.005796582721187998
2016-02-25,1.0253960500666628,1.0253960500666628,0.0
2016-02-26,1.0202847630799181,1.0253960500666628,-0.004984695412482216
2016-02-29,1.0152574097112936,1.0253960500666628,-0.00988753599617438
2016-03-01,1.0325139256927165,1.0325139256927165,0.0
2016-03-02,1.0384012553579118,1.0384012553579118,0.0
2016-03-03,1.0426454793912112,1.0426454793912112,0.0
2016-03-04,1.0442507385051945,1.0442507385051945,0.0
2016-03-07,1.0467207237614,1.0467207237614,0.0
2016-03-08,1.039970789679994,1.0467207237614,-0.0064486485536946
2016-03-09,1.0414467561947935,1.0467207237614,-0.005038562289714134
2016-03-10,1.0432867143812774,1.0467207237614,-0.0032807312420284115
2016-03-11,1.0464992471341232,1.0467207237614,-0.00021159094517676704
2016-03-14,1.045452695509684,1.0467207237614,-0.0012114293936585625
2016-03-15,1.0488924059851024,1.0488924059851024,0.0
2016-03-16,1.0531889961365004,1.0531889961365004,0.0
2016-03-17,1.0567118621038631,1.0567118621038631,0.0
2016-03-18,1.0617913179544045,1.0617913179544045,0.0
2016-03-21,1.05899241521143,1.0617913179544045,-0.0026360196167046096
2016-03-22,1.060232599963782,1.0617913179544045,-0.0014680078507567857
2016-03-23,1.0571496666730014,1.0617913179544045,-0.004371528757972449
2016-03-24,1.055718468032422,1.0617913179544045,-0.005719438291963135
2016-03-28,1.0564155050600657,1.0617913179544045,-0.005062965578486402
2016-03-29,1.0673281008047013,1.0673281008047013,0.0
2016-03-30,1.0685857557335592,1.0685857557335592,0.0
2016-03-31,1.065063482612486,1.0685857557335592,-0.003296200704692304
2016-04-01,1.0696744486966072,1.0696744486966072,0.0
2016-04-04,1.0690465030739267,1.0696744486966072,-0.000587043678051472
2016-04-05,1.0653295677415615,1.0696744486966072,-0.004061872245653731
2016-04-06,1.070294794796784,1.070294794796784,0.0
2016-04-07,1.063253243068664,1.070294794796784,-0.006579076869617876
2016-04-08,1.066301019815152,1.070294794796784,-0.003731471928152663
2016-04-11,1.0679152404509602,1.070294794796784,-0.002223270034939882
2016-04-12,1.0755007325469073,1.0755007325469073,0.0
2016-04-13,1.0828758637825613,1.0828758637825613,0.0
2016-04-14,1.0824693757209352,1.0828758637825613,-0.0003753782637709183
2016-04-15,1.0806297896448935,1.0828758637825613,-0.0020741750857961303
2016-04-18,1.0813066499097415,1.0828758637825613,-0.0014491170459173927
2016-04-19,1.0889065445371733,1.0889065445371733,0.0
2016-04-20,1.0846074615761472,1.0889065445371733,-0.003948073397660931
2016-04-21,1.07856903103259,1.0889065445371733,-0.009493480920327443
2016-04-22,1.0804815984080585,1.0889065445371733,-0.007737069972975267
2016-04-25,1.0789661649862463,1.0889065445371733,-0.00912877197845478
2016-04-26,1.0780609366707148,1.0889065445371733,-0.009960090625654465
2016-04-27,1.0735790542877843,1.0889065445371733,-0.01407603832145551
2016-04-28,1.069133962097433,1.0889065445371733,-0.01815819965352898
2016-04-29,1.0695734136180644,1.0889065445371733,-0.01775462827007459
2016-05-02,1.0723926222471531,1.0889065445371733,-0.015165601100358138
2016-05-03,1.0702070268647852,1.0889065445371733,-0.017172747988520993
2016-05-04,1.0654719223197453,1.0889065445371733,-0.021521242878918122
2016-05-05,1.066100890443671,1.0889065445371733,-0.020943628457293813
2016-05-06,1.068585938869471,1.0889065445371733,-0.01866147813110937
2016-05-09,1.066643693502131,1.0889065445371733,-0.02044514393519857
2016-05-10,1.0761440714697195,1.0889065445371733,-0.011720448491636492
2016-05-11,1.0732519581836233,1.0889065445371733,-0.01437642783220096
2016-05-12,1.0706178528571537,1.0889065445371733,-0.01679546492926347
2016-05-13,1.0666942396334933,1.0889065445371733,-0.020398724771298952
2016-05-16,1.0761063712273589,1.0889065445371733,-0.011755070601816416
2016-05-17,1.0716392730307582,1.0889065445371733,-0.01585744120378512
2016-05-18,1.0727915789617222,1.0889065445371733,-0.014799218221523856
2016-05-19,1.0705631339014148,1.0889065445371733,-0.01684571621667969
2016-05-20,1.072073017612314,1.0889065445371733,-0.015459110801849451
2016-05-23,1.072686856064655,1.0889065445371733,-0.014895390751290137
2016-05-24,1.0777876441695018,1.0889065445371733,-0.010211069465467716
2016-05-25,1.0839441626869002,1.0889065445371733,-0.004557215561949158
2016-05-26,1.0840004328982527,1.0889065445371733,-0.0045055396751297085
2016-05-27,1.0848034698742213,1.0889065445371733,-0.003768068695643641
2016-05-31,1.0819112589491298,1.0889065445371733,-0.006424137703219318
2016-06-01,1.0823170582507053,1.0889065445371733,-0.006051470917799213
2016-06-02,1.0836545933506398,1.0889065445371733,-0.004823142273211069
2016-06-03,1.0878503790069909,1.0889065445371733,-0.0009699322090412325
2016-06-06,1.0935955672500541,1.0935955672500541,0.0
2016-06-07,1.096016880641345,1.096016880641345,0.0
2016-06-08,1.1004012907551879,1.1004012907551879,0.0
2016-06-09,1.1036761043742829,1.1036761043742829,0.0
2016-06-10,1.1001758018701893,1.1036761043742829,-0.0031714943272039666
2016-06-13,1.0965498079585898,1.1036761043742829,-0.006456872978810431
2016-06-14,1.0938174344016796,1.1036761043742829,-0.00893257535750725
2016-06-15,1.0931464951798011,1.1036761043742829,-0.009540488511755364
2016-06-16,1.096697273626757,1.1036761043742829,-0.006323259804091149
2016-06-17,1.0904159324411409,1.1036761043742829,-0.012014550175170917
2016-06-20,1.091320884454096,1.1036761043742829,-0.011194606706821384
2016-06-21,1.0915316604822067,1.1036761043742829,-0.011003630362153486
2016-06-22,1.0895449974083076,1.1036761043742829,-0.012803672118992538
2016-06-23,1.0952499735970875,1.1036761043742829,-0.0076346047031365626
2016-06-24,1.078236892045813,1.1036761043742829,-0.02304952714627485
2016-06-27,1.0732657874922238,1.1036761043742829,-0.02755366068136438
2016-06-28,1.0874865542344465,1.1036761043742829,-0.01466875116320005
2016-06-29,1.0987181560617048,1.1036761043742829,-0.004492213152869677
2016-06-30,1.1125602465874225,1.1125602465874225,0.0
2016-07-01,1.1159289157212953,1.1159289157212953,0.0
2016-07-05,1.1134870531821173,1.1159289157212953,-0.0021881882481731975
2016-07-06,1.1191829180081079,1.1191829180081079,0.0
2016-07-07,1.1176822973635323,1.1191829180081079,-0.0013408180382580646
2016-07-08,1.1277499630619165,1.1277499630619165,0.0
2016-07-11,1.128331726288884,1.128331726288884,0.0
2016-07-12,1.1290612746848745,1.1290612746848745,0.0
2016-07-13,1.1316006466543642,1.1316006466543642,0.0
2016-07-14,1.1343522626002003,1.1343522626002003,0.0
2016-07-15,1.1323763516812542,1.1343522626002003,-0.0017418847602215398
2016-07-18,1.1335809798955143,1.1343522626002003,-0.0006799322662944229
2016-07-19,1.1361661557557503,1.1361661557557503,0.0
2016-07-20,1.1329228057626997,1.1361661557557503,-0.002854644082311403
2016-07-21,1.1332532469972645,1.1361661557557503,-0.002563805253069015
2016-07-22,1.1340483590720114,1.1361661557557503,-0.0018639850104760396
2016-07-25,1.1266088183504472,1.1361661557557503,-0.008411918764598087
2016-07-26,1.1242334479881606,1.1361661557557503,-0.010502608009523353
2016-07-27,1.1316531658136895,1.1361661557557503,-0.003972121435934614
2016-07-28,1.1319090620653776,1.1361661557557503,-0.0037468935936936375
2016-07-29,1.133166167536302,1.1361661557557503,-0.002640448498003997
2016-08-01,1.1285884794280294,1.1361661557557503,-0.0066695142161494825
2016-08-02,1.1265371291851913,1.1361661557557503,-0.008475016195279975
2016-08-03,1.1303723206352496,1.1361661557557503,-0.005099461105358107
2016-08-04,1.1319957906055058,1.1361661557557503,-0.0036705592127680184
2016-08-05,1.1355854476008485,1.1361661557557503,-0.0005111119988568762
2016-08-08,1.137258283885364,1.137258283885364,0.0
2016-08-09,1.1394256794718773,1.1394256794718773,0.0
2016-08-10,1.135839927431628,1.1394256794718773,-0.0031469819443698597
2016-08-11,1.1359861878563275,1.1394256794718773,-0.0030186186580804424
2016-08-12,1.1389116708973146,1.1394256794718773,-0.00045111198020478477
2016-08-15,1.140617888981092,1.140617888981092,0.0
2016-08-16,1.1366022356586438,1.140617888981092,-0.0035205947243519076
2016-08-17,1.1401457131768136,1.140617888981092,-0.0004139649297454807
2016-08-18,1.142044652863766,1.142044652863766,0.0
2016-08-19,1.1376348277264146,1.142044652863766,-0.003861342134296992
2016-08-22,1.136169935413597,1.142044652863766,-0.0051440348111062685
2016-08-23,1.1372570516877454,1.142044652863766,-0.0041921313356840595
2016-08-24,1.1335502985159025,1.142044652863766,-0.007437847834200915
2016-08-25,1.1307962967980592,1.142044652863766,-0.00984931371772611
2016-08-26,1.1281191991437884,1.142044652863766,-0.012193440672445157
2016-08-29,1.1350547162193467,1.142044652863766,-0.006120545835831777
2016-08-30,1.130897314705856,1.142044652863766,-0.00976086016423009
2016-08-31,1.1304018963869118,1.142044652863766,-0.010194659593790033
2016-09-01,1.1303191108129402,1.142044652863766,-0.0102671485054661
2016-09-02,1.1353982513224876,1.142044652863766,-0.005819738768192653
2016-09-06,1.141917377391136,1.142044652863766,-0.00011144526819584094
2016-09-07,1.1404084194615398,1.142044652863766,-0.001432722790762341
2016-09-08,1.1351036746258718,1.142044652863766,-0.006077676753259294
2016-09-09,1.1145394070826833,1.142044652863766,-0.0240842122171941
2016-09-12,1.1252619185467483,1.142044652863766,-0.01469533986690774
2016-09-13,1.1159255427553758,1.142044652863766,-0.022870480626912864
2016-09-14,1.119958986985089,1.142044652863766,-0.019338706085874548
2016-09-15,1.127660255180299,1.142044652863766,-0.012595302335505884
2016-09-16,1.1224551365488138,1.142044652863766,-0.017153021351511928
2016-09-19,1.1203005513146582,1.142044652863766,-0.019039624671927446
2016-09-20,1.120478729045522,1.142044652863766,-0.018883608240856192
2016-09-21,1.1290639339246946,1.142044652863766,-0.011366209636830936
2016-09-22,1.136385430287273,1.142044652863766,-0.004955342649958698
2016-09-23,1.1312457860172889,1.142044652863766,-0.009455730841520188
2016-09-26,1.1238412947665988,1.142044652863766,-0.01593927002024035
2016-09-27,1.1300454230260581,1.142044652863766,-0.010506795691060628
2016-09-28,1.1367671171398603,1.142044652863766,-0.00462112905189112
2016-09-29,1.1275597195285254,1.142044652863766,-0.012683333614774599
2016-09-30,1.133336960362169,1.142044652863766,-0.007624651522829477
2016-10-03,1.1308049782078404,1.142044652863766,-0.009841712079944692
2016-10-04,1.1234219451868783,1.142044652863766,-0.016306461949793103
2016-10-05,1.12707493218586,1.142044652863766,-0.013107824322252451
2016-10-06,1.125722295128522,1.142044652863766,-0.014292223771035973
2016-10-07,1.1262992139448038,1.142044652863766,-0.013787060671821604
2016-10-10,1.1336680334078753,1.142044652863766,-0.007334756513141336
2016-10-11,1.1261418269832628,1.142044652863766,-0.01392487223737321
2016-10-12,1.1278053260764396,1.142044652863766,-0.0124682749939945
2016-10-13,1.1263323479580254,1.142044652863766,-0.013758047784156928
2016-10-14,1.1228022426481326,1.142044652863766,-0.01684908743925345
2016-10-17,1.1236386654364494,1.142044652863766,-0.016116696821934357
2016-10-18,1.1248270285383495,1.142044652863766,-0.01507613934555184
2016-10-19,1.1269722579975128,1.142044652863766,-0.013197728152273222
2016-10-20,1.1261765179268923,1.142044652863766,-0.013894496066404307
2016-10-21,1.1244464873219904,1.142044652863766,-0.015409349798755112
2016-10-24,1.1282800921486944,1.142044652863766,-0.012052559136418953
2016-10-25,1.1298796818784544,1.142044652863766,-0.010651922369941436
2016-10-26,1.126364899049152,1.142044652863766,-0.01372954531619745
2016-10-27,1.1236282056076414,1.142044652863766,-0.01612585568343925
2016-10-28,1.1188470703712672,1.142044652863766,-0.020312325296851633
2016-10-31,1.1191625231220443,1.142044652863766,-0.020036107768941373
2016-11-01,1.114800472867369,1.142044652863766,-0.023855617140783453
2016-11-02,1.1139957046267452,1.142044652863766,-0.024560290323750327
2016-11-03,1.1114222426692095,1.142044652863766,-0.0268136715300653
2016-11-04,1.1089261544562343,1.142044652863766,-0.028999302544330866
2016-11-07,1.1221902650154094,1.142044652863766,-0.01738494882714976
2016-11-08,1.1256607806822092,1.142044652863766,-0.014346087204622826
2016-11-09,1.1307988651895773,1.142044652863766,-0.009847064776310649
2016-11-10,1.1255399547311695,1.142044652863766,-0.014451885126566335
2016-11-11,1.1190394735814515,1.142044652863766,-0.02014385271593997
2016-11-14,1.1163973988515412,1.142044652863766,-0.022457312809890835
2016-11-15,1.1240752939999556,1.142044652863766,-0.015734375025311647
2016-11-16,1.12267337052942,1.142044652863766,-0.01696193076669194
2016-11-17,1.1206079621791813,1.142044652863766,-0.01877044880060554
2016-11-18,1.1171144025469226,1.142044652863766,-0.02182948823789755
2016-11-21,1.1248484859700738,1.142044652863766,-0.015057350735430054
2016-11-22,1.1235603438334991,1.142044652863766,-0.0161852769801216
2016-11-23,1.1201335617526493,1.142044652863766,-0.019185844490557262
2016-11-25,1.1237538895686565,1.142044652863766,-0.01601580397863075
2016-11-28,1.122893634930533,1.142044652863766,-0.016769062299981326
2016-11-29,1.1214593256925303,1.142044652863766,-0.01802497574820426
2016-11-30,1.1160977933581977,1.142044652863766,-0.022719654122546368
2016-12-01,1.1147509216678357,1.142044652863766,-0.02389900528625488
2016-12-02,1.1178545226345475,1.142044652863766,-0.02118142243261664
2016-12-05,1.1212143395315004,1.142044652863766,-0.018239491144266522
2016-12-06,1.1233231386057323,1.142044652863766,-0.016392979215907228
2016-12-07,1.1309874040623218,1.142044652863766,-0.009681975896229008
2016-12-08,1.1316911105328242,1.142044652863766,-0.009065794673596564
2016-12-09,1.1384551262608833,1.142044652863766,-0.003143070276526999
2016-12-12,1.1437796213188356,1.1437796213188356,0.0
2016-12-13,1.1498956193034122,1.1498956193034122,0.0
2016-12-14,1.1388296585212287,1.1498956193034122,-0.009623448073388649
2016-12-15,1.143873725656598,1.1498956193034122,-0.005236904590054985
2016-12-16,1.1437315936034522,1.1498956193034122,-0.005360508898793841
2016-12-19,1.146687018738182,1.1498956193034122,-0.002790340715598195
2016-12-20,1.1472330042101877,1.1498956193034122,-0.0023155276431416328
2016-12-21,1.1470647611412552,1.1498956193034122,-0.002461839244045376
2016-12-22,1.1465330313623798,1.1498956193034122,-0.0029242549363475193
2016-12-23,1.148600874416628,1.1498956193034122,-0.0011259673182931992
2016-12-27,1.1504125600034194,1.1504125600034194,0.0
2016-12-28,1.1465412791066067,1.1504125600034194,-0.0033651239836960316
2016-12-29,1.1491445039126702,1.1504125600034194,-0.0011022620361041905
2016-12-30,1.1465254979142794,1.1504125600034194,-0.003378841838382286
2017-01-03,1.1542886684155858,1.1542886684155858,0.0
2017-01-04,1.1539739469129524,1.1542886684155858,-0.00027265406933721235
2017-01-05,1.1574662711512014,1.1574662711512014,0.0
2017-01-06,1.1564090095371744,1.1574662711512014,-0.0009134275791686205
2017-01-09,1.1558426572723766,1.1574662711512014,-0.0014027310508236137
2017-01-10,1.1539574343307095,1.1574662711512014,-0.003031480837019995
2017-01-11,1.156893571793489,1.1574662711512014,-0.00049478708104628
2017-01-12,1.1534605751006333,1.1574662711512014,-0.0034607453801518495
2017-01-13,1.1537454544366141,1.1574662711512014,-0.0032146221512671476
2017-01-17,1.1559674361418673,1.1574662711512014,-0.0012949275902816575
2017-01-18,1.1521214481608457,1.1574662711512014,-0.004617692215808383
2017-01-19,1.1453865603971836,1.1574662711512014,-0.01043633931726018
2017-01-20,1.1493986491550998,1.1574662711512014,-0.00697007091885071
2017-01-23,1.1500922695026259,1.1574662711512014,-0.006370813415790856
2017-01-24,1.1501068836967383,1.1574662711512014,-0.0063581873942154
2017-01-25,1.1553886814509604,1.1574662711512014,-0.0017949462131407272
2017-01-26,1.1538126897558476,1.1574662711512014,-0.0031565337897232724
2017-01-27,1.155302981730106,1.1574662711512014,-0.001868987006372003
2017-01-30,1.1510494478164133,1.1574662711512014,-0.005543853410437619
2017-01-31,1.1505286477052026,1.1574662711512014,-0.005993801822923725
2017-02-01,1.1558481292066958,1.1574662711512014,-0.001398003540004858
2017-02-02,1.1576385217296035,1.1576385217296035,0.0
2017-02-03,1.1647218739294034,1.1647218739294034,0.0
2017-02-06,1.1673526612162648,1.1673526612162648,0.0
2017-02-07,1.1697896597279016,1.1697896597279016,0.0
2017-02-08,1.1715169242813122,1.1715169242813122,0.0
2017-02-09,1.171593638215642,1.171593638215642,0.0
2017-02-10,1.1721334460377468,1.1721334460377468,0.0
2017-02-13,1.1765177184807172,1.1765177184807172,0.0
2017-02-14,1.1804316673141941,1.1804316673141941,0.0
2017-02-15,1.1847547590673795,1.1847547590673795,0.0
2017-02-16,1.18832304299547,1.18832304299547,0.0
2017-02-17,1.188964405990658,1.188964405990658,0.0
2017-02-21,1.194101963657193,1.194101963657193,0.0
2017-02-22,1.193530060378711,1.194101963657193,-0.0004789400703525641
2017-02-23,1.1993674867358712,1.1993674867358712,0.0
2017-02-24,1.202424993062523,1.202424993062523,0.0
2017-02-27,1.2015611075788455,1.202424993062523,-0.0007184527007187976
2017-02-28,1.202639813267567,1.202639813267567,0.0
2017-03-01,1.2159157186617922,1.2159157186617922,0.0
2017-03-02,1.2105969682271702,1.2159157186617922,-0.004374275579293952
2017-03-03,1.211678612858296,1.2159157186617922,-0.003484703535340007
2017-03-06,1.207085052266349,1.2159157186617922,-0.007262564551071012
2017-03-07,1.203221621257716,1.2159157186617922,-0.010439948434951513
2017-03-08,1.197917006630915,1.2159157186617922,-0.014802598366510189
2017-03-09,1.1999478693557317,1.2159157186617922,-0.013132365229749862
2017-03-10,1.2024770857103417,1.2159157186617922,-0.011052273397896906
2017-03-13,1.2024313133248568,1.2159157186617922,-0.011089917771419237
2017-03-14,1.2012171926968709,1.2159157186617922,-0.012088441443209665
2017-03-15,1.213768476004584,1.2159157186617922,-0.0017659469519576817
2017-03-16,1.2134375408532105,1.2159157186617922,-0.002038116434014884
2017-03-17,1.2107257536991474,1.2159157186617922,-0.004268359132947751
2017-03-20,1.2129393488353617,1.2159157186617922,-0.002447842215335599
2017-03-21,1.2072642525521469,1.2159157186617922,-0.0071151856801118475
2017-03-22,1.2088090606161463,1.2159157186617922,-0.0058446962536739195
2017-03-23,1.2064607428803118,1.2159157186617922,-0.007776012462349181
2017-03-24,1.20481616017535,1.2159157186617922,-0.009128559090146546
2017-03-27,1.207502936255611,1.2159157186617922,-0.006918886134180559
2017-03-28,1.2137775314224488,1.2159157186617922,-0.0017584995460841434
2017-03-29,1.2143716571599161,1.2159157186617922,-0.001269875434767291
2017-03-30,1.217079188287039,1.217079188287039,0.0
2017-03-31,1.211392242777915,1.217079188287039,-0.004672617495931548
2017-04-03,1.2131243048426514,1.217079188287039,-0.003249487364872209
2017-04-04,1.2158835195669642,1.217079188287039,-0.000982408319509394
2017-04-05,1.2132092588929235,1.217079188287039,-0.0031796857849177794
2017-04-06,1.2145259443440228,1.217079188287039,-0.0020978453724196746
2017-04-07,1.2124207503925617,1.217079188287039,-0.0038275552973951093
2017-04-10,1.2127652504470623,1.217079188287039,-0.0035445005398937034
2017-04-11,1.2135406084936247,1.217079188287039,-0.0029074359560734547
2017-04-12,1.2170179899824907,1.217079188287039,-5.028292746880279e-05
2017-04-13,1.2112609462847135,1.217079188287039,-0.00478049584473991
2017-04-17,1.216819502232251,1.217079188287039,-0.00021336824858010363
2017-04-18,1.2129022720740759,1.217079188287039,-0.0034319181965817482
2017-04-19,1.2061674464392989,1.217079188287039,-0.008965515105962676
2017-04-20,1.2120347650450105,1.217079188287039,-0.004144695998892468
2017-04-21,1.2091763625059262,1.217079188287039,-0.00649327164342989
2017-04-24,1.218777596428674,1.218777596428674,0.0
2017-04-25,1.2197900917524296,1.2197900917524296,0.0
2017-04-26,1.220623405572153,1.220623405572153,0.0
2017-04-27,1.2180454573599984,1.220623405572153,-0.0021119931015465337
2017-04-28,1.2182167614942474,1.220623405572153,-0.0019716515896051477
2017-05-01,1.2200098972054163,1.220623405572153,-0.0005026188781371979
2017-05-02,1.2218357755687002,1.2218357755687002,0.0
2017-05-03,1.2205426182587087,1.2218357755687002,-0.001058372439118972
2017-05-04,1.2180657000963575,1.2218357755687002,-0.003085582815405677
2017-05-05,1.2217131678673343,1.2218357755687002,-0.00010034712014287162
2017-05-08,1.2268423788207283,1.2268423788207283,0.0
2017-05-09,1.2236847250172922,1.2268423788207283,-0.00257380561508753
2017-05-10,1.2246511159420785,1.2268423788207283,-0.0017860997602284394
2017-05-11,1.2279420618274404,1.2279420618274404,0.0
2017-05-12,1.2311561933659059,1.2311561933659059,0.0
2017-05-15,1.2374754749458658,1.2374754749458658,0.0
2017-05-16,1.2397395011615926,1.2397395011615926,0.0
2017-05-17,1.2288522793224779,1.2397395011615926,-0.008781862503303137
2017-05-18,1.2296245406008957,1.2397395011615926,-0.008158940286422733
2017-05-19,1.2344994823671784,1.2397395011615926,-0.004226709554309147
2017-05-22,1.2382753445829642,1.2397395011615926,-0.0011810195426188758
2017-05-23,1.239938911400193,1.239938911400193,0.0
2017-05-24,1.2429088441958756,1.2429088441958756,0.0
2017-05-25,1.244763778841722,1.244763778841722,0.0
2017-05-26,1.2449389709635779,1.2449389709635779,0.0
2017-05-30,1.2419666572565355,1.2449389709635779,-0.002387517602362274
2017-05-31,1.2391590528930536,1.2449389709635779,-0.004642732057821769
2017-06-01,1.2447922821416124,1.2449389709635779,-0.00011782812281304802
2017-06-02,1.2494155699260798,1.2494155699260798,0.0
2017-06-05,1.2491356735971755,1.2494155699260798,-0.0002240218031866768
2017-06-06,1.2547455700403238,1.2547455700403238,0.0
2017-06-07,1.2539096439262152,1.2547455700403238,-0.0006662116480568962
2017-06-08,1.2519978069979516,1.2547455700403238,-0.002189896587787057
2017-06-09,1.2524929030575276,1.2547455700403238,-0.00179531774136796
2017-06-12,1.250376305650273,1.2547455700403238,-0.0034821915250200035
2017-06-13,1.2536371052324347,1.2547455700403238,-0.0008834179887589106
2017-06-14,1.253295954566845,1.2547455700403238,-0.0011553063091765258
2017-06-15,1.2507264305407355,1.2547455700403238,-0.00320315097781868
2017-06-16,1.2522883662008122,1.2547455700403238,-0.0019583283640783673
2017-06-19,1.2586328643527778,1.2586328643527778,0.0
2017-06-20,1.2563543014323377,1.2586328643527778,-0.0018103475484979798
2017-06-21,1.2551063044416506,1.2586328643527778,-0.002801897210065787
2017-06-22,1.2555827086648979,1.2586328643527778,-0.0024233879269062223
2017-06-23,1.2588725554805302,1.2588725554805302,0.0
2017-06-26,1.2581597357695553,1.2588725554805302,-0.0005662365962874037
2017-06-27,1.2519156489614658,1.2588725554805302,-0.005526299297555891
2017-06-28,1.2587178987740788,1.2588725554805302,-0.00012285334665381866
2017-06-29,1.2505686539604202,1.2588725554805302,-0.006596300383195142
2017-06-30,1.2506163202223497,1.2588725554805302,-0.006558436135760388
2017-07-03,1.2534988145288801,1.2588725554805302,-0.004268693386201331
2017-07-05,1.2553911933828452,1.2588725554805302,-0.002765460318067008
2017-07-06,1.2464044670411696,1.2588725554805302,-0.009904170509620327
2017-07-07,1.2474390735268925,1.2588725554805302,-0.009082318860524657
2017-07-10,1.2466310011006034,1.2588725554805302,-0.009724220554839262
2017-07-11,1.2471874899629627,1.2588725554805302,-0.009282167179430785
2017-07-12,1.2521930313749619,1.2588725554805302,-0.0053059573635861074
2017-07-13,1.2536664557717194,1.2588725554805302,-0.00413552562262632
2017-07-14,1.2581508106888308,1.2588725554805302,-0.0005733263375686955
2017-07-17,1.257177698627852,1.2588725554805302,-0.0013463291778819312
2017-07-18,1.2617589164037,1.2617589164037,0.0
2017-07-19,1.2657827417496772,1.2657827417496772,0.0
2017-07-20,1.2673875121609406,1.2673875121609406,0.0
2017-07-21,1.2665023770572377,1.2673875121609406,-0.0006983934236449354
2017-07-24,1.2646569030760793,1.2673875121609406,-0.002154517902898972
2017-07-25,1.2666332054727465,1.2673875121609406,-0.0005951665776696628
2017-07-26,1.2682666692295204,1.2682666692295204,0.0
2017-07-27,1.2656468318278773,1.2682666692295204,-0.0020656833970371805
2017-07-28,1.2644558695888417,1.2682666692295204,-0.0030047305768854875
2017-07-31,1.2660551962961277,1.2682666692295204,-0.0017436971159512662
2017-08-01,1.2704362080595395,1.2704362080595395,0.0
2017-08-02,1.2779637137364654,1.2779637137364654,0.0
2017-08-03,1.27841639676127,1.27841639676127,0.0
2017-08-04,1.2775967400081818,1.27841639676127,-0.0006411500628158182
2017-08-07,1.2809789676762473,1.2809789676762473,0.0
2017-08-08,1.2799282386532345,1.2809789676762473,-0.0008202547032594227
2017-08-09,1.2850798838601443,1.2850798838601443,0.0
2017-08-10,1.2773673450632237,1.2850798838601443,-0.0060016026192500375
2017-08-11,1.277275479872481,1.2850798838601443,-0.006073088596033615
2017-08-14,1.2824096158736353,1.2850798838601443,-0.0020779003858405584
2017-08-15,1.2835052170697938,1.2850798838601443,-0.0012253454513819358
2017-08-16,1.283615202402542,1.2850798838601443,-0.0011397590733446257
2017-08-17,1.2725019692806039,1.2850798838601443,-0.009787651909824186
2017-08-18,1.2714075328644534,1.2850798838601443,-0.010639300457043673
2017-08-21,1.272511683170977,1.2850798838601443,-0.009780092931977603
2017-08-22,1.2790419084150777,1.2850798838601443,-0.004698521485629047
2017-08-23,1.2778136513262552,1.2850798838601443,-0.005654304160502924
2017-08-24,1.274455191855647,1.2850798838601443,-0.008267728829886124
2017-08-25,1.278192098065149,1.2850798838601443,-0.00535981138721549
2017-08-28,1.2807679203100903,1.2850798838601443,-0.0033554050640817543
2017-08-29,1.2823093021887222,1.2850798838601443,-0.0021559606575583144
2017-08-30,1.2814158084272858,1.2850798838601443,-0.002851243318705064
2017-08-31,1.2872749454935029,1.2872749454935029,0.0
2017-09-01,1.2877513531453464,1.2877513531453464,0.0
2017-09-05,1.2855447008607859,1.2877513531453464,-0.0017135701540291499
2017-09-06,1.2896202207750531,1.2896202207750531,0.0
2017-09-07,1.2929643920692542,1.2929643920692542,0.0
2017-09-08,1.2875468343856078,1.2929643920692542,-0.0041900285242783405
2017-09-11,1.2948920756031979,1.2948920756031979,0.0
2017-09-12,1.2969045139340976,1.2969045139340976,0.0
2017-09-13,1.295221384764196,1.2969045139340976,-0.0012978050055480579
2017-09-14,1.2962425011352263,1.2969045139340976,-0.0005104560835115398
2017-09-15,1.2990427620503662,1.2990427620503662,0.0
2017-09-18,1.2989327694858535,1.2990427620503662,-8.467201213538877e-05
2017-09-19,1.3004933571579538,1.3004933571579538,0.0
2017-09-20,1.2953388904607228,1.3004933571579538,-0.003963470223712122
2017-09-21,1.2870819370476474,1.3004933571579538,-0.010312563333360782
2017-09-22,1.2863368133171762,1.3004933571579538,-0.010885517994274669
2017-09-25,1.2886454685052084,1.3004933571579538,-0.009110303091926
2017-09-26,1.2878207397528998,1.3004933571579538,-0.009744469154958408
2017-09-27,1.2845205574344554,1.3004933571579538,-0.012282107890504514
2017-09-28,1.2860117217950944,1.3004933571579538,-0.011135493528784329
2017-09-29,1.2878272141920142,1.3004933571579538,-0.009739490706526698
2017-10-02,1.289136190528814,1.3004933571579538,-0.008732967813045488
2017-10-03,1.2940073534377532,1.3004933571579538,-0.0049873409075882075
2017-10-04,1.2941116354816509,1.3004933571579538,-0.00490715438197183
2017-10-05,1.2986737570487519,1.3004933571579538,-0.0013991614022376734
2017-10-06,1.2977361488081065,1.3004933571579538,-0.002120124900809002
2017-10-09,1.299646913917689,1.3004933571579538,-0.0006508631786590755
2017-10-10,1.304688199707702,1.304688199707702,0.0
2017-10-11,1.3108134871082449,1.3108134871082449,0.0
2017-10-12,1.309301048070416,1.3108134871082449,-0.001153817116396548
2017-10-13,1.312464996917687,1.312464996917687,0.0
2017-10-16,1.3198356183101763,1.3198356183101763,0.0
2017-10-17,1.3248778745042855,1.3248778745042855,0.0
2017-10-18,1.3222635226705728,1.3248778745042855,-0.0019732776009191845
2017-10-19,1.3221039432091444,1.3248778745042855,-0.0020937260320533554
2017-10-20,1.3232068842613205,1.3248778745042855,-0.001261240960484932
2017-10-23,1.3242100665615255,1.3248778745042855,-0.0005040524531439304
2017-10-24,1.3241294206940706,1.3248778745042855,-0.0005649228692078305
2017-10-25,1.3217639843628464,1.3248778745042855,-0.00235032239677505
2017-10-26,1.3228743145260367,1.3248778745042855,-0.0015122601235970584
2017-10-27,1.3319456202495037,1.3319456202495037,0.0
2017-10-30,1.3332075390821745,1.3332075390821745,0.0
2017-10-31,1.3332469055453373,1.3332469055453373,0.0
2017-11-01,1.3342795311586857,1.3342795311586857,0.0
2017-11-02,1.3370719385142324,1.3370719385142324,0.0
2017-11-03,1.3411725135806734,1.3411725135806734,0.0
2017-11-06,1.343092233264281,1.343092233264281,0.0
2017-11-07,1.3416383797594431,1.343092233264281,-0.0010824673606401295
2017-11-08,1.3441358639958527,1.3441358639958527,0.0
2017-11-09,1.343413166495323,1.3441358639958527,-0.0005376670021892203
2017-11-10,1.3383478380502307,1.3441358639958527,-0.004306131620069516
2017-11-13,1.3398182858482763,1.3441358639958527,-0.003212159025904621
2017-11-14,1.3382724293023,1.3441358639958527,-0.004362233648108917
2017-11-15,1.333671972958654,1.3441358639958527,-0.007784846247678939
2017-11-16,1.333557784069327,1.3441358639958527,-0.007869799631027817
2017-11-17,1.3301094715396533,1.3441358639958527,-0.010435249019025273
2017-11-20,1.3291863408818059,1.3441358639958527,-0.011122032760590766
2017-11-21,1.336351468086984,1.3441358639958527,-0.005791375795693248
2017-11-22,1.3389760802909951,1.3441358639958527,-0.0038387367252582364
2017-11-24,1.3396296988681455,1.3441358639958527,-0.00335246253627311
2017-11-27,1.3390708544414223,1.3441358639958527,-0.003768227372025603
2017-11-28,1.3490759101966991,1.3490759101966991,0.0
2017-11-29,1.3464700820554854,1.3490759101966991,-0.0019315652451564848
2017-11-30,1.3536154031021421,1.3536154031021421,0.0
2017-12-01,1.3577556001539306,1.3577556001539306,0.0
2017-12-04,1.3593240157103814,1.3593240157103814,0.0
2017-12-05,1.3557726574549436,1.3593240157103814,-0.0026125914163165178
2017-12-06,1.3552783765935514,1.3593240157103814,-0.0029762139637588415
2017-12-07,1.3489182050915725,1.3593240157103814,-0.00765513630197352
2017-12-08,1.351189939935006,1.3593240157103814,-0.005983912357440792
2017-12-11,1.354970151896292,1.3593240157103814,-0.003202962475296293
2017-12-12,1.3574757182926416,1.3593240157103814,-0.0013597180630799956
2017-12-13,1.3620008669293708,1.3620008669293708,0.0
2017-12-14,1.3588177001988615,1.3620008669293708,-0.0023371253336172833
2017-12-15,1.3671824310970815,1.3671824310970815,0.0
2017-12-18,1.3692849622149288,1.3692849622149288,0.0
2017-12-19,1.3636809981561986,1.3692849622149288,-0.004092620757088678
2017-12-20,1.361340655963832,1.3692849622149288,-0.005801791789377663
2017-12-21,1.366396521861058,1.3692849622149288,-0.0021094515996132883
2017-12-22,1.365946327042027,1.3692849622149288,-0.0024382325556992768
2017-12-26,1.3632129678735547,1.3692849622149288,-0.004434427098032337
2017-12-27,1.3673753486186317,1.3692849622149288,-0.001394606417942464
2017-12-28,1.3692859548789313,1.3692859548789313,0.0
2017-12-29,1.365626925198659,1.3692859548789313,-0.002672217346007789
2018-01-02,1.3727179053133969,1.3727179053133969,0.0
2018-01-03,1.378948408147949,1.378948408147949,0.0
2018-01-04,1.3864554397415896,1.3864554397415896,0.0
2018-01-05,1.3890495498508915,1.3890495498508915,0.0
2018-01-08,1.3895775706203166,1.3895775706203166,0.0
2018-01-09,1.3905899022458108,1.3905899022458108,0.0
2018-01-10,1.3902157336839782,1.3905899022458108,-0.0002690718242871634
2018-01-11,1.3972791838764183,1.3972791838764183,0.0
2018-01-12,1.4082891028739906,1.4082891028739906,0.0
2018-01-16,1.408865787633305,1.408865787633305,0.0
2018-01-17,1.416243789733596,1.416243789733596,0.0
2018-01-18,1.4134978246470191,1.416243789733596,-0.0019389070628111325
2018-01-19,1.4139996919887599,1.416243789733596,-0.001584541984299374
2018-01-22,1.420540218291034,1.420540218291034,0.0
2018-01-23,1.4152176075130831,1.420540218291034,-0.0037468919988441034
2018-01-24,1.4179655683468169,1.420540218291034,-0.0018124442455522973
2018-01-25,1.4178181104982102,1.420540218291034,-0.0019162483101666029
2018-01-26,1.4256763978008857,1.4256763978008857,0.0
2018-01-29,1.4113269454463324,1.4256763978008857,-0.010065013615072418
2018-01-30,1.399952792958231,1.4256763978008857,-0.01804308809652289
2018-01-31,1.4000826972135816,1.4256763978008857,-0.017951970465936436
2018-02-01,1.4054559572067717,1.4256763978008857,-0.014183050673563886
2018-02-02,1.3716238795838223,1.4256763978008857,-0.03791359546979932
2018-02-05,1.3284168944127164,1.4256763978008857,-0.06821990147146485
2018-02-06,1.3390716465595323,1.4256763978008857,-0.06074642981741285
2018-02-07,1.3293918075637357,1.4256763978008857,-0.06753607647967634
2018-02-08,1.2975889805688061,1.4256763978008857,-0.08984326136678367
2018-02-09,1.3091754632024584,1.4256763978008857,-0.0817162539676821
2018-02-12,1.3277108995186588,1.4256763978008857,-0.06871510143068879
2018-02-13,1.3326685084774466,1.4256763978008857,-0.06523772818776014
2018-02-14,1.3424713537666448,1.4256763978008857,-0.05836180227335261
2018-02-15,1.3557719098123033,1.4256763978008857,-0.049032507023620844
2018-02-16,1.3583897403735383,1.4256763978008857,-0.04719630452684598
2018-02-20,1.3453764915313937,1.4256763978008857,-0.05632407634253825
2018-02-21,1.3360164978146323,1.4256763978008857,-0.06288937666679086
2018-02-22,1.3415324042767498,1.4256763978008857,-0.05902040158196386
2018-02-23,1.3602159301045966,1.4256763978008857,-0.04591537588562332
2018-02-26,1.3721313316142998,1.4256763978008857,-0.037557657732974696
2018-02-27,1.3603288646652698,1.4256763978008857,-0.04583616116281007
2018-02-28,1.3488255538580678,1.4256763978008857,-0.05390483005916407
2018-03-01,1.337414227695026,1.4256763978008857,-0.06190897895343193
2018-03-02,1.342725837944755,1.4256763978008857,-0.05818330161324293
2018-03-05,1.3506050414132538,1.4256763978008857,-0.052656659325657613
2018-03-06,1.3509269243355557,1.4256763978008857,-0.05243088374096079
2018-03-07,1.3438012995336077,1.4256763978008857,-0.0574289497908297
2018-03-08,1.353058365265899,1.4256763978008857,-0.05093584536224386
2018-03-09,1.367462546491262,1.4256763978008857,-0.04083244374348833
2018-03-12,1.3682943839557238,1.4256763978008857,-0.04024897510660487
2018-03-13,1.365442139750011,1.4256763978008857,-0.04224960036077366
2018-03-14,1.356347674272301,1.4256763978008857,-0.048628653483725075
2018-03-15,1.3581223092378687,1.4256763978008857,-0.047383886460643954
2018-03-16,1.3585588879849597,1.4256763978008857,-0.047077660764711524
2018-03-19,1.3448128919283755,1.4256763978008857,-0.0567193971908651
2018-03-20,1.3442736875303412,1.4256763978008857,-0.0570976067192448
2018-03-21,1.3451442376062226,1.4256763978008857,-0.05648698422649381
2018-03-22,1.3232750241230118,1.4256763978008857,-0.0718265195635059
2018-03-23,1.3075155152755222,1.4256763978008857,-0.08288057704232697
2018-03-26,1.3318892747400763,1.4256763978008857,-0.06578429944233949
2018-03-27,1.3221830035503448,1.4256763978008857,-0.07259248621228499
2018-03-28,1.3177373585035264,1.4256763978008857,-0.0757107569879504
2018-03-29,1.3304076005745307,1.4256763978008857,-0.06682357747754522
2018-04-02,1.3141261926795424,1.4256763978008857,-0.07824370614075546
2018-04-03,1.3294346119698799,1.4256763978008857,-0.06750605255123769
2018-04-04,1.3423965519768277,1.4256763978008857,-0.05841426985290467
2018-04-05,1.3485442305565816,1.4256763978008857,-0.05410215625599259
2018-04-06,1.3311676973107158,1.4256763978008857,-0.06629042932600282
2018-04-09,1.3379288328738117,1.4256763978008857,-0.06154802384497995
2018-04-10,1.3535431251067456,1.4256763978008857,-0.05059582441387552
2018-04-11,1.350926271346781,1.4256763978008857,-0.05243134176129124
2018-04-12,1.3557151599927477,1.4256763978008857,-0.04907231256409493
2018-04-13,1.3561625094419225,1.4256763978008857,-0.04875853206673604
2018-04-16,1.3624223946447074,1.4256763978008857,-0.04436771433808403
2018-04-17,1.3659433957461702,1.4256763978008857,-0.04189800865529797
2018-04-18,1.359919443572583,1.4256763978008857,-0.046123337897529364
2018-04-19,1.3556127884165232,1.4256763978008857,-0.04914411818308562
2018-04-20,1.3400861087237417,1.4256763978008857,-0.06003486429961777
2018-04-23,1.3398232666851762,1.4256763978008857,-0.060219227342290675
2018-04-24,1.3276232954885319,1.4256763978008857,-0.06877654877614679
2018-04-25,1.3266552287557658,1.4256763978008857,-0.06945557154334649
2018-04-26,1.335386120054158,1.4256763978008857,-0.06333153714685963
2018-04-27,1.3307337740279144,1.4256763978008857,-0.06659479242233435
2018-04-30,1.327834377431744,1.4256763978008857,-0.06862849137438452
2018-05-01,1.3254967630464316,1.4256763978008857,-0.0702681442359443
2018-05-02,1.3244456819833221,1.4256763978008857,-0.07100539503474461
2018-05-03,1.3230634594915782,1.4256763978008857,-0.07197491553313821
2018-05-04,1.338317467885921,1.4256763978008857,-0.06127542691294904
2018-05-07,1.3414674864079545,1.4256763978008857,-0.0590659363673439
2018-05-08,1.3427411004085303,1.4256763978008857,-0.05817259619383724
2018-05-09,1.352916936631763,1.4256763978008857,-0.0510350464392583
2018-05-10,1.368673194933202,1.4256763978008857,-0.03998326896314722
2018-05-11,1.371307340142505,1.4256763978008857,-0.03813562302233888
2018-05-14,1.3686077669835417,1.4256763978008857,-0.04002916153018506
2018-05-15,1.357210517199781,1.4256763978008857,-0.048023436950147824
2018-05-16,1.3591423773903066,1.4256763978008857,-0.046668388782481224
2018-05-17,1.3573374562003662,1.4256763978008857,-0.047934399212845764
2018-05-18,1.3539281058612291,1.4256763978008857,-0.05032579065651136
2018-05-21,1.360390951211954,1.4256763978008857,-0.04579261232747827
2018-05-22,1.3573604029561492,1.4256763978008857,-0.04791830386623102
2018-05-23,1.361954063534145,1.4256763978008857,-0.04469621182270596
2018-05-24,1.3564522234772574,1.4256763978008857,-0.04855532042924122
2018-05-25,1.3532937085474024,1.4256763978008857,-0.050770770537503514
2018-05-29,1.3447964392869238,1.4256763978008857,-0.05673093742641718
2018-05-30,1.3602249953638812,1.4256763978008857,-0.04590901731835058
2018-05-31,1.352904880305151,1.4256763978008857,-0.05104350300529989
2018-06-01,1.362098718783197,1.4256763978008857,-0.044594747528792424
2018-06-04,1.3636515333164754,1.4256763978008857,-0.04350557011400629
2018-06-05,1.3624433236695948,1.4256763978008857,-0.04435303427119111
2018-06-06,1.373286448798927,1.4256763978008857,-0.03674743376741778
2018-06-07,1.3774621198796468,1.4256763978008857,-0.03381852852134587
2018-06-08,1.3811160198777819,1.4256763978008857,-0.03125560470232831
2018-06-11,1.3782047724600053,1.4256763978008857,-0.03329761607480191
2018-06-12,1.3773634367423786,1.4256763978008857,-0.033887746990151596
2018-06-13,1.372821407458603,1.4256763978008857,-0.03707362373664314
2018-06-14,1.3716744198222126,1.4256763978008857,-0.03787814546272316
2018-06-15,1.3666392001458905,1.4256763978008857,-0.04140995652734414
2018-06-18,1.3624954198239179,1.4256763978008857,-0.04431649291131206
2018-06-19,1.360351133478131,1.4256763978008857,-0.045820541339899615
2018-06-20,1.3565290679991355,1.4256763978008857,-0.048501420033613775
2018-06-21,1.3519798655733302,1.4256763978008857,-0.05169232817575777
2018-06-22,1.3555693738409642,1.4256763978008857,-0.049174570097437274
2018-06-25,1.3464837896028774,1.4256763978008857,-0.05554739372845296
2018-06-26,1.349014051181634,1.4256763978008857,-0.05377261399396376
2018-06-27,1.3455983784897414,1.4256763978008857,-0.05616844007143918
2018-06-28,1.3527047845683584,1.4256763978008857,-0.051183854446272985
2018-06-29,1.3536198883796984,1.4256763978008857,-0.050541981007986764
2018-07-02,1.353399798066823,1.4256763978008857,-0.05069635707342124
2018-07-03,1.353602990904295,1.4256763978008857,-0.05055383325961232
2018-07-05,1.3643795019654912,1.4256763978008857,-0.04299495729181277
2018-07-06,1.3700188282790473,1.4256763978008857,-0.0390394128763656
2018-07-09,1.3792274394884105,1.4256763978008857,-0.032580295489301074
2018-07-10,1.3838592781202033,1.4256763978008857,-0.029331424540088916
2018-07-11,1.3743136546604189,1.4256763978008857,-0.03602692954705162
2018-07-12,1.3820117896833375,1.4256763978008857,-0.030627292550329907
2018-07-13,1.3803955408272401,1.4256763978008857,-0.03176096415953268
2018-07-16,1.382467513574702,1.4256763978008857,-0.03030763803962365
2018-07-17,1.3890957591008637,1.4256763978008857,-0.02565844448042199
2018-07-18,1.3870240096461457,1.4256763978008857,-0.02711161397801182
2018-07-19,1.3825173779551272,1.4256763978008857,-0.030272662093818473
2018-07-20,1.3823506807689316,1.4256763978008857,-0.030389587075148515
2018-07-23,1.382889104042385,1.4256763978008857,-0.03001192544430168
2018-07-24,1.3952246074630288,1.4256763978008857,-0.02135953880195324
2018-07-25,1.4040335427429775,1.4256763978008857,-0.01518076268309725
2018-07-26,1.40506153324674,1.4256763978008857,-0.014459708097815388
2018-07-27,1.3999015701660622,1.4256763978008857,-0.018079016861457027
2018-07-30,1.3987063039165373,1.4256763978008857,-0.018917402242156767
2018-07-31,1.4002043299150388,1.4256763978008857,-0.0178666546806398
2018-08-01,1.4054479090793648,1.4256763978008857,-0.014188695802724591
2018-08-02,1.4079054079137125,1.4256763978008857,-0.012464953417609382
2018-08-03,1.4153368544879734,1.4256763978008857,-0.007252377418088088
2018-08-06,1.4163089063325465,1.4256763978008857,-0.006570559408003578
2018-08-07,1.4164527301734442,1.4256763978008857,-0.006469678281599595
2018-08-08,1.4146333193429037,1.4256763978008857,-0.007745852056621011
2018-08-09,1.4155520887671353,1.4256763978008857,-0.0071014074788410585
2018-08-10,1.4114907482691712,1.4256763978008857,-0.009950118802272364
2018-08-13,1.4025542729439298,1.4256763978008857,-0.0162183542440781
2018-08-14,1.4040615282509719,1.4256763978008857,-0.015161133047622124
2018-08-15,1.3987275441460352,1.4256763978008857,-0.018902503889676032
2018-08-16,1.409881204969613,1.4256763978008857,-0.011079086990313446
2018-08-17,1.4205572845226868,1.4256763978008857,-0.003590655836131663
2018-08-20,1.4259765006866494,1.4259765006866494,0.0
2018-08-21,1.423165139535601,1.4259765006866494,-0.001971533997716333
2018-08-22,1.4240859982859455,1.4259765006866494,-0.0013257598563465407
2018-08-23,1.4202490308758637,1.4259765006866494,-0.004016524681877788
2018-08-24,1.4272866863968885,1.4272866863968885,0.0
2018-08-27,1.4347838787697444,1.4347838787697444,0.0
2018-08-28,1.4306205318010483,1.4347838787697444,-0.0029017241065365175
2018-08-29,1.4365754672185014,1.4365754672185014,0.0
2018-08-30,1.433957482026101,1.4365754672185014,-0.0018223791594251316
2018-08-31,1.4318492924161008,1.4365754672185014,-0.0032898896787868625
2018-09-04,1.430797829922627,1.4365754672185014,-0.00402181258674917
2018-09-05,1.4361436882459488,1.4365754672185014,-0.00030056128787201347
2018-09-06,1.4337524428299226,1.4365754672185014,-0.0019651069178040987
2018-09-07,1.433737901475708,1.4365754672185014,-0.0019752291526233404
2018-09-10,1.432149718759738,1.4365754672185014,-0.003080762939194869
2018-09-11,1.4412081227697882,1.4412081227697882,0.0
2018-09-12,1.4413796256752605,1.4413796256752605,0.0
2018-09-13,1.4459752008913505,1.4459752008913505,0.0
2018-09-14,1.4433137069851967,1.4459752008913505,-0.0018406220967781043
2018-09-17,1.4420056127684648,1.4459752008913505,-0.0027452670837221963
2018-09-18,1.4415594645814422,1.4459752008913505,-0.0030538119237357576
2018-09-19,1.4488861828783355,1.4488861828783355,0.0
2018-09-20,1.459790940809094,1.459790940809094,0.0
2018-09-21,1.4568104672731734,1.459790940809094,-0.0020417125854122254
2018-09-24,1.4545716534398996,1.459790940809094,-0.0035753663235515883
2018-09-25,1.4510254891983956,1.459790940809094,-0.006004593785080106
2018-09-26,1.445757444001028,1.459790940809094,-0.009613360664019528
2018-09-27,1.4484033672496854,1.459790940809094,-0.007800824927093375
2018-09-28,1.4461314578851516,1.459790940809094,-0.00935715008367682
2018-10-01,1.4512269513166451,1.459790940809094,-0.005866586271389206
2018-10-02,1.4601874044777932,1.4601874044777932,0.0
2018-10-03,1.455280212526847,1.4601874044777932,-0.003360659005753582
2018-10-04,1.450249304571257,1.4601874044777932,-0.006806044125610247
2018-10-05,1.4435086603399352,1.4601874044777932,-0.011422331193044902
2018-10-08,1.445994101460497,1.4601874044777932,-0.00972019274633602
2018-10-09,1.4491069171285305,1.4601874044777932,-0.007588400855454178
2018-10-10,1.421260850875758,1.4601874044777932,-0.02665860113754126
2018-10-11,1.4019804043804467,1.4601874044777932,-0.03986269154140735
2018-10-12,1.4070425419205144,1.4601874044777932,-0.036395919040463846
2018-10-15,1.4021889106158658,1.4601874044777932,-0.039719897380343004
2018-10-16,1.4202409059579504,1.4601874044777932,-0.02735710388772244
2018-10-17,1.4262848989756223,1.4601874044777932,-0.023217913945981092
2018-10-18,1.4167011281839383,1.4601874044777932,-0.029781298044689555
2018-10-19,1.4212401364894334,1.4601874044777932,-0.02667278725246127
2018-10-22,1.414652258205772,1.4601874044777932,-0.031184453538212788
2018-10-23,1.4141377032545954,1.4601874044777932,-0.03153684320381225
2018-10-24,1.3958091942753994,1.4601874044777932,-0.044089005291356655
2018-10-25,1.4062922594956309,1.4601874044777932,-0.03690974515797636
2018-10-26,1.393722326435057,1.4601874044777932,-0.04551818337763718
2018-10-29,1.3925236801474212,1.4601874044777932,-0.0463390686174084
2018-10-30,1.40975684862814,1.4601874044777932,-0.03453704346099921
2018-10-31,1.4201661355068504,1.4601874044777932,-0.027408309952690984
2018-11-01,1.4299007620340531,1.4601874044777932,-0.020741613268860808
2018-11-02,1.4174425344844572,1.4601874044777932,-0.029273550684148504
2018-11-05,1.4186127510049906,1.4601874044777932,-0.028472135388450965
2018-11-06,1.4246195609489376,1.4601874044777932,-0.024358410036810094
2018-11-07,1.443034065838728,1.4601874044777932,-0.0117473542001958
2018-11-08,1.4408007472351867,1.4601874044777932,-0.013276828154492755
2018-11-09,1.4344272221065488,1.4601874044777932,-0.017641696053704112
2018-11-12,1.4168861225563882,1.4601874044777932,-0.029654605832523776
2018-11-13,1.410540452684082,1.4601874044777932,-0.03400039723768642
2018-11-14,1.4000277766730214,1.4601874044777932,-0.041199936131682144
2018-11-15,1.4128046297840635,1.4601874044777932,-0.0324497900395704
2018-11-16,1.4225082601218968,1.4601874044777932,-0.025804320897680637
2018-11-19,1.418294275200965,1.4601874044777932,-0.028690241504863774
2018-11-20,1.3922598324897193,1.4601874044777932,-0.046519762997385125
2018-11-21,1.385325027566963,1.4601874044777932,-0.05126901977188546
2018-11-23,1.374925402271397,1.4601874044777932,-0.05839113660680314
2018-11-26,1.3865641117179803,1.4601874044777932,-0.05042044092014527
2018-11-27,1.390860813618737,1.4601874044777932,-0.04747787211864726
2018-11-28,1.411551405954884,1.4601874044777932,-0.03330805235941815
2018-11-29,1.4090997312607705,1.4601874044777932,-0.03498706608505034
2018-11-30,1.4187398495330152,1.4601874044777932,-0.02838509277485571
2018-12-03,1.4320597565691389,1.4601874044777932,-0.019263039677234847
2018-12-04,1.4099216379266373,1.4601874044777932,-0.0344241885644346
2018-12-06,1.4017566966162804,1.4601874044777932,-0.04001589637215731
2018-12-07,1.3867379446308767,1.4601874044777932,-0.050301392562130856
2018-12-10,1.3829563417896031,1.4601874044777932,-0.05289119906893743
2018-12-11,1.382928922631285,1.4601874044777932,-0.052909976904052275
2018-12-12,1.3831010428470827,1.4601874044777932,-0.05279210147568618
2018-12-13,1.3882453993461632,1.4601874044777932,-0.049269021846794096
2018-12-14,1.3569423079529583,1.4601874044777932,-0.07070674367428773
2018-12-17,1.3401818980311906,1.4601874044777932,-0.08218500315685173
2018-12-18,1.3397907754851301,1.4601874044777932,-0.08245286092966982
2018-12-19,1.323224530266846,1.4601874044777932,-0.09379814795754196
2018-12-20,1.3114671574768537,1.4601874044777932,-0.10185010947558903
2018-12-21,1.295769832324259,1.4601874044777932,-0.1126003221568226
2018-12-24,1.268059848360752,1.4601874044777932,-0.13157732735391717
2018-12-26,1.3075750662560097,1.4601874044777932,-0.10451558324211281
2018-12-27,1.3145507716223281,1.4601874044777932,-0.09973831606056693
2018-12-28,1.3129609868989052,1.4601874044777932,-0.10082706995513399
2018-12-31,1.32107017372912,1.4601874044777932,-0.09527354524635535
2019-01-02,1.3257720914393714,1.4601874044777932,-0.0920534669907612
2019-01-03,1.300141776840691,1.4601874044777932,-0.10960622393146802
2019-01-04,1.3272791466197722,1.4601874044777932,-0.09102136989433418
2019-01-07,1.32605426222121,1.4601874044777932,-0.09186022413647191
2019-01-08,1.336500587841967,1.4601874044777932,-0.08470612488268954
2019-01-09,1.3370020611429878,1.4601874044777932,-0.0843626941014877
2019-01-10,1.338001557394514,1.4601874044777932,-0.08367819548955525
2019-01-11,1.3368109009718716,1.4601874044777932,-0.08449360892141423
2019-01-14,1.3320040007195004,1.4601874044777932,-0.0877855837991802
2019-01-15,1.3406237867052093,1.4601874044777932,-0.08188237852616143
2019-01-16,1.3410618479601824,1.4601874044777932,-0.08158237507891235
2019-01-17,1.346859781422755,1.4601874044777932,-0.077611697448909
2019-01-18,1.3565458430043507,1.4601874044777932,-0.07097826015730346
2019-01-22,1.344908922898859,1.4601874044777932,-0.07894773042516491
2019-01-23,1.345768762878518,1.4601874044777932,-0.07835887451733958
2019-01-24,1.3413669454208714,1.4601874044777932,-0.0813734310353235
2019-01-25,1.3522608940298237,1.4601874044777932,-0.07391278004248172
2019-01-28,1.3497930754027545,1.4601874044777932,-0.07560284983729125
2019-01-29,1.3533054614068318,1.4601874044777932,-0.07319741475867991
2019-01-30,1.3739629292099371,1.4601874044777932,-0.059050280123935525
2019-01-31,1.381970371078941,1.4601874044777932,-0.05356643480076098
2019-02-01,1.391104377278037,1.4601874044777932,-0.04731106910517585
2019-02-04,1.3940898203929304,1.4601874044777932,-0.045266507492236076
2019-02-05,1.400107604483269,1.4601874044777932,-0.041145266566664104
2019-02-06,1.3981506412215938,1.4601874044777932,-0.04248548033352304
2019-02-07,1.390435824437279,1.4601874044777932,-0.04776892323999976
2019-02-08,1.3915472417292964,1.4601874044777932,-0.04700777621968633
2019-02-11,1.388426277129348,1.4601874044777932,-0.0491451488544438
2019-02-12,1.4010959162858234,1.4601874044777932,-0.04046842755303908
2019-02-13,1.403229150788022,1.4601874044777932,-0.039007495555093655
2019-02-14,1.389386908396245,1.4601874044777932,-0.04848726667853202
2019-02-15,1.4021299462120551,1.4601874044777932,-0.039760278774970764
2019-02-19,1.4041545494225927,1.4601874044777932,-0.03837374222197153
2019-02-20,1.4082658224901312,1.4601874044777932,-0.03555816317031625
2019-02-21,1.402891277948781,1.4601874044777932,-0.039238885606949186
2019-02-22,1.4074932498124249,1.4601874044777932,-0.036087254624835856
2019-02-25,1.4096608921615938,1.4601874044777932,-0.03460275863307362
2019-02-26,1.4087205442055273,1.4601874044777932,-0.03524674991335922
2019-02-27,1.4082178558858274,1.4601874044777932,-0.03559101279232829
2019-02-28,1.4048217108807675,1.4601874044777932,-0.03791684096660602
2019-03-01,1.4077782617518437,1.4601874044777932,-0.03589206602195868
2019-03-04,1.4104302555366304,1.4601874044777932,-0.034075865048950646
2019-03-05,1.4102473675568106,1.4601874044777932,-0.03420111471160282
2019-03-06,1.4058191018637785,1.4601874044777932,-0.03723378413434435
2019-03-07,1.4022590993728457,1.4601874044777932,-0.03967182905927367
2019-03-08,1.4006039057762634,1.4601874044777932,-0.04080537780206277
2019-03-11,1.417683846215248,1.4601874044777932,-0.02910828988950621
2019-03-12,1.4229149932077654,1.4601874044777932,-0.025525772346569116
2019-03-13,1.4289147667947497,1.4601874044777932,-0.021416865798967413
2019-03-14,1.4262126963750883,1.4601874044777932,-0.023267361434921596
2019-03-15,1.4307095082872394,1.4601874044777932,-0.02018774857265388
2019-03-18,1.436207305299023,1.4601874044777932,-0.016422617470355595
2019-03-19,1.4360639596665195,1.4601874044777932,-0.01652078680948558
2019-03-20,1.4356911739911202,1.4601874044777932,-0.016776086693771695
2019-03-21,1.4431843915673068,1.4601874044777932,-0.01164440458693528
2019-03-22,1.43096917438615,1.4601874044777932,-0.020009917906457068
2019-03-25,1.427593934623093,1.4601874044777932,-0.022321429259524763
2019-03-26,1.435099278755224,1.4601874044777932,-0.01718144235844954
2019-03-27,1.434556073306508,1.4601874044777932,-0.017553453133950143
2019-03-28,1.4366063591125013,1.4601874044777932,-0.016149328019799698
2019-03-29,1.4422175203229517,1.4601874044777932,-0.012306560171478834
2019-04-01,1.4488744297154148,1.4601874044777932,-0.007747618372604863
2019-04-02,1.450454872465675,1.4601874044777932,-0.006665262268577681
2019-04-03,1.4472074698051627,1.4601874044777932,-0.008889225200016358
2019-04-04,1.4523594300695148,1.4601874044777932,-0.005360938181135615
2019-04-05,1.4558160447748831,1.4601874044777932,-0.0029936977195563173
2019-04-08,1.4609359838400875,1.4609359838400875,0.0
2019-04-09,1.4569863561187406,1.4609359838400875,-0.0027034912994375283
2019-04-10,1.4595228544485903,1.4609359838400875,-0.0009672767370564408
2019-04-11,1.4567382416253214,1.4609359838400875,-0.0028733238562118806
2019-04-12,1.4638226805655543,1.4638226805655543,0.0
2019-04-15,1.4631953081799733,1.4638226805655543,-0.00042858496039874374
2019-04-16,1.4655410170908947,1.4655410170908947,0.0
2019-04-17,1.476131967190295,1.476131967190295,0.0
2019-04-18,1.4756752411981233,1.476131967190295,-0.000309407290352954
2019-04-22,1.4799117900011207,1.4799117900011207,0.0
2019-04-23,1.4914907760414657,1.4914907760414657,0.0
2019-04-24,1.4870978172383769,1.4914907760414657,-0.002945347617065481
2019-04-25,1.486382572631615,1.4914907760414657,-0.003424897754586325
2019-04-26,1.4883386456117913,1.4914907760414657,-0.0021134092683029798
2019-04-29,1.4882654827156685,1.4914907760414657,-0.0021624628040660255
2019-04-30,1.491177759578232,1.4914907760414657,-0.00020986818575200535
2019-05-01,1.4925012966001843,1.4925012966001843,0.0
2019-05-02,1.4847672747602314,1.4925012966001843,-0.00518191967911213
2019-05-03,1.4943150759160715,1.4943150759160715,0.0
2019-05-06,1.4880931563801516,1.4943150759160715,-0.004163726670632439
2019-05-07,1.4734072398800655,1.4943150759160715,-0.013991584755436331
2019-05-08,1.470435486443622,1.4943150759160715,-0.01598029080835607
2019-05-09,1.465662013857927,1.4943150759160715,-0.019174712562261366
2019-05-10,1.4691956235513626,1.4943150759160715,-0.0168100106661306
2019-05-13,1.4472143309363121,1.4943150759160715,-0.0315199556899905
2019-05-14,1.4544575706998628,1.4943150759160715,-0.026672758549112892
2019-05-15,1.4613130894272641,1.4943150759160715,-0.022085025454605618
2019-05-16,1.4658192096119684,1.4943150759160715,-0.01906951670592898
2019-05-17,1.4598621861113013,1.4943150759160715,-0.023055974178437112
2019-05-20,1.4519407560710345,1.4943150759160715,-0.02835701822727043
2019-05-21,1.456480719996935,1.4943150759160715,-0.02531886114843795
2019-05-22,1.4547038317706082,1.4943150759160715,-0.026507959923498768
2019-05-23,1.4470753439009392,1.4943150759160715,-0.03161296621876921
2019-05-24,1.4488245361260794,1.4943150759160715,-0.030442401688348525
2019-05-28,1.437204128900175,1.4943150759160715,-0.03821881204061695
2019-05-29,1.4248195911768413,1.4943150759160715,-0.046506580746785826
2019-05-30,1.4299943031693336,1.4943150759160715,-0.043043648413509314
2019-05-31,1.4224427663085002,1.4943150759160715,-0.04809715886959841
2019-06-03,1.4310456365578512,1.4943150759160715,-0.04234009304860537
2019-06-04,1.4524452088225024,1.4943150759160715,-0.02801943697710558
2019-06-05,1.459241949844543,1.4943150759160715,-0.023471038094176565
2019-06-06,1.4733615476536541,1.4943150759160715,-0.014022162126398986
2019-06-07,1.484230925806075,1.4943150759160715,-0.006748342616977514
2019-06-10,1.4869198215783528,1.4943150759160715,-0.0049489257365520015
2019-06-11,1.490152883114878,1.4943150759160715,-0.0027853515421718362
2019-06-12,1.4896089574800417,1.4943150759160715,-0.0031493481608252673
2019-06-13,1.492539947260598,1.4943150759160715,-0.0011879212651222481
2019-06-14,1.4908767122347721,1.4943150759160715,-0.0023009629874686925
2019-06-17,1.4906416564839293,1.4943150759160715,-0.002458262980375957
2019-06-18,1.50321961000774,1.50321961000774,0.0
2019-06-19,1.504178518627528,1.504178518627528,0.0
2019-06-20,1.5207579937347715,1.5207579937347715,0.0
2019-06-21,1.5198273714068624,1.5207579937347715,-0.0006119463660510513
2019-06-24,1.523138193336619,1.523138193336619,0.0
2019-06-25,1.517068374386152,1.523138193336619,-0.003985074353083106
2019-06-26,1.5146298594251855,1.523138193336619,-0.005586055125303527
2019-06-27,1.5133973945803678,1.523138193336619,-0.006395216664426766
2019-06-28,1.5177089250015467,1.523138193336619,-0.0035645277354504645
2019-07-01,1.524451740763683,1.524451740763683,0.0
2019-07-02,1.5320335773335478,1.5320335773335478,0.0
2019-07-03,1.5416764186542717,1.5416764186542717,0.0
2019-07-05,1.534853994005631,1.5416764186542717,-0.004425328535929797
2019-07-08,1.528846404067783,1.5416764186542717,-0.008322118981159556
2019-07-09,1.5306251901747183,1.5416764186542717,-0.0071683190751532875
2019-07-10,1.538127330650274,1.5416764186542717,-0.0023020965755548533
2019-07-11,1.5342921039457145,1.5416764186542717,-0.004789795458506808
2019-07-12,1.5325523605755396,1.5416764186542717,-0.005918270506269118
2019-07-15,1.5324574023690996,1.5416764186542717,-0.0059798646289339116
2019-07-16,1.5250734575415055,1.5416764186542717,-0.010769420166171434
2019-07-17,1.5241258526691994,1.5416764186542717,-0.011384078897952007
2019-07-18,1.5289684792654261,1.5416764186542717,-0.008242935570058453
2019-07-19,1.5153921112846611,1.5416764186542717,-0.017049172609485835
2019-07-22,1.51888371864546,1.5416764186542717,-0.014784360539617944
2019-07-23,1.5356708617152437,1.5416764186542717,-0.003895471751634037
2019-07-24,1.538433971405519,1.5416764186542717,-0.002103195722214521
2019-07-25,1.530221788724566,1.5416764186542717,-0.007429983225471234
2019-07-26,1.5368685004341445,1.5416764186542717,-0.0031186299290509355
2019-07-29,1.543126900333653,1.543126900333653,0.0
2019-07-30,1.54020493676438,1.543126900333653,-0.0018935342055414926
2019-07-31,1.5325861858760865,1.543126900333653,-0.006830750248270142
2019-08-01,1.5231496958131159,1.543126900333653,-0.01294592461334038
2019-08-02,1.5190766334994852,1.543126900333653,-0.015585410914013395
2019-08-05,1.4960380767599406,1.543126900333653,-0.030515198434769603
2019-08-06,1.5116135967837343,1.543126900333653,-0.020421718747242947
2019-08-07,1.5137685711900828,1.543126900333653,-0.01902522024418235
2019-08-08,1.5352147083829832,1.543126900333653,-0.005127376075784148
2019-08-09,1.5265738438524898,1.543126900333653,-0.01072695737310006
2019-08-12,1.524141917543939,1.543126900333653,-0.012302930358876535
2019-08-13,1.5419007441152932,1.543126900333653,-0.0007945919535811572
2019-08-14,1.5139556332372426,1.543126900333653,-0.018903997519648583
2019-08-15,1.5200293639283076,1.543126900333653,-0.014968008399277647
2019-08-16,1.5351937074441904,1.543126900333653,-0.005140985415876872
2019-08-19,1.5433411479085886,1.5433411479085886,0.0
2019-08-20,1.536491314371797,1.5433411479085886,-0.004438314591737423
2019-08-21,1.5428562604001115,1.5433411479085886,-0.0003141803801020686
2019-08-22,1.5434464994550776,1.5434464994550776,0.0
2019-08-23,1.5181056800183848,1.5434464994550776,-0.01641833354485535
2019-08-26,1.5299539881248387,1.5434464994550776,-0.008741806946338913
2019-08-27,1.53132508474852,1.5434464994550776,-0.007853472543970341
2019-08-28,1.5369262569583306,1.5434464994550776,-0.004224469393042774
2019-08-29,1.5461447097893082,1.5461447097893082,0.0
2019-08-30,1.546785030825001,1.546785030825001,0.0
2019-09-03,1.545202140743071,1.546785030825001,-0.0010233419967129334
2019-09-04,1.5583752176344126,1.5583752176344126,0.0
2019-09-05,1.560978627922114,1.560978627922114,0.0
2019-09-06,1.562913807659114,1.562913807659114,0.0
2019-09-09,1.5615966034669382,1.562913807659114,-0.0008427874817669674
2019-09-10,1.5664030692579118,1.5664030692579118,0.0
2019-09-11,1.5787963277086445,1.5787963277086445,0.0
2019-09-12,1.5796127928880284,1.5796127928880284,0.0
2019-09-13,1.5743898153573348,1.5796127928880284,-0.003306492296219201
2019-09-16,1.5772150227575468,1.5796127928880284,-0.0015179480321235652
2019-09-17,1.5786386339862815,1.5796127928880284,-0.0006167074020499882
2019-09-18,1.582330936763609,1.582330936763609,0.0
2019-09-19,1.580751129601935,1.582330936763609,-0.000998405027019929
2019-09-20,1.5805255129824427,1.582330936763609,-0.001140990003556971
2019-09-23,1.5835232690937997,1.5835232690937997,0.0
2019-09-24,1.579463194895816,1.5835232690937997,-0.002563949818247484
2019-09-25,1.5775171890668334,1.5835232690937997,-0.003792858712081593
2019-09-26,1.5722103201672615,1.5835232690937997,-0.0071441633649073355
2019-09-27,1.5715670947128377,1.5835232690937997,-0.007550362292941935
2019-09-30,1.5737540201661746,1.5835232690937997,-0.006169311887166475
2019-10-01,1.5671121127881207,1.5835232690937997,-0.010363697601406645
2019-10-02,1.5498950605325472,1.5835232690937997,-0.021236321068080575
2019-10-03,1.5594770634917252,1.5835232690937997,-0.015185255607791208
2019-10-04,1.5822841786910895,1.5835232690937997,-0.0007824895452400197
2019-10-07,1.5718231960009195,1.5835232690937997,-0.007388633511887589
2019-10-08,1.5575192197391574,1.5835232690937997,-0.016421640188163188
2019-10-09,1.5613381123049161,1.5835232690937997,-0.014009997340663908
2019-10-10,1.5649021157230794,1.5835232690937997,-0.01175931780363205
2019-10-11,1.5761545287130387,1.5835232690937997,-0.0046533830759417005
2019-10-14,1.57805223412013,1.5835232690937997,-0.003454976052736277
2019-10-15,1.5863919170381153,1.5863919170381153,0.0
2019-10-16,1.5861923440355763,1.5863919170381153,-0.00012580308837657672
2019-10-17,1.5907748795776164,1.5907748795776164,0.0
2019-10-18,1.580738844757095,1.5907748795776164,-0.006308896971761514
2019-10-21,1.5897905115929627,1.5907748795776164,-0.0006187977930070806
2019-10-22,1.5938772627201934,1.5938772627201934,0.0
2019-10-23,1.6042319807033318,1.6042319807033318,0.0
2019-10-24,1.60005708260029,1.6042319807033318,-0.002602427923928723
2019-10-25,1.6030753462857197,1.6042319807033318,-0.000720989502469002
2019-10-28,1.6022888842703447,1.6042319807033318,-0.001211231577701924
2019-10-29,1.5957717586308227,1.6042319807033318,-0.005273689949006021
2019-10-30,1.6048965318820596,1.6048965318820596,0.0
2019-10-31,1.6124874210803657,1.6124874210803657,0.0
2019-11-01,1.62709618745768,1.62709618745768,0.0
2019-11-04,1.6292880000765506,1.6292880000765506,0.0
2019-11-05,1.625199921306297,1.6292880000765506,-0.0025091197934689557
2019-11-06,1.625615573439221,1.6292880000765506,-0.0022540070491877673
2019-11-07,1.626026702909013,1.6292880000765506,-0.002001670157384341
2019-11-08,1.6237867366456835,1.6292880000765506,-0.003376483120607668
2019-11-11,1.619709708073996,1.6292880000765506,-0.0058788206886103865
2019-11-12,1.6159770130078877,1.6292880000765506,-0.008169818391860467
2019-11-13,1.619985209871279,1.6292880000765506,-0.005709727319439227
2019-11-14,1.6214997738868184,1.6292880000765506,-0.004780140889373923
2019-11-15,1.6344629993785642,1.6344629993785642,0.0
2019-11-18,1.6375914992452518,1.6375914992452518,0.0
2019-11-19,1.6367447462630074,1.6375914992452518,-0.0005170721652101381
2019-11-20,1.6372068357336638,1.6375914992452518,-0.00023489588933830216
2019-11-21,1.63871838503738,1.63871838503738,0.0
2019-11-22,1.642063679363608,1.642063679363608,0.0
2019-11-25,1.6474339916586538,1.6474339916586538,0.0
2019-11-26,1.6508777062391997,1.6508777062391997,0.0
2019-11-27,1.6544313110557085,1.6544313110557085,0.0
2019-11-29,1.650895653150306,1.6544313110557085,-0.002137083529413081
2019-12-02,1.645482165225586,1.6544313110557085,-0.005409197571588501
2019-12-03,1.6423428720030477,1.6544313110557085,-0.00730670350100363
2019-12-04,1.6546621934882826,1.6546621934882826,0.0
2019-12-05,1.6574697927196351,1.6574697927196351,0.0
2019-12-06,1.6686716397706154,1.6686716397706154,0.0
2019-12-09,1.6638012614473576,1.6686716397706154,-0.0029187158259172375
2019-12-10,1.6618284405686439,1.6686716397706154,-0.004100986101083506
2019-12-11,1.6686227379822491,1.6686716397706154,-2.930581859290996e-05
2019-12-12,1.6781937108642302,1.6781937108642302,0.0
2019-12-13,1.6805318834543141,1.6805318834543141,0.0
2019-12-16,1.6874266514519551,1.6874266514519551,0.0
2019-12-17,1.6905099574224243,1.6905099574224243,0.0
2019-12-18,1.686135490514373,1.6905099574224243,-0.0025876611307993143
2019-12-19,1.6903741318018093,1.6905099574224243,-8.034594532769266e-05
2019-12-20,1.6964197378042716,1.6964197378042716,0.0
2019-12-23,1.701866966777385,1.701866966777385,0.0
2019-12-24,1.702946604728754,1.702946604728754,0.0
2019-12-26,1.714142882353676,1.714142882353676,0.0
2019-12-27,1.714755928639311,1.714755928639311,0.0
2019-12-30,1.7115030048327888,1.714755928639311,-0.001897018550682868
2019-12-31,1.7151564464958569,1.7151564464958569,0.0
2020-01-02,1.7308424270776772,1.7308424270776772,0.0
2020-01-03,1.7250237675523883,1.7308424270776772,-0.003361749997723967
2020-01-06,1.7297381588773224,1.7308424270776772,-0.0006379946453122448
2020-01-07,1.7221152912868403,1.7308424270776772,-0.005042131885784476
2020-01-08,1.7224875631792989,1.7308424270776772,-0.0048270505550782935
2020-01-09,1.735055000674805,1.735055000674805,0.0
2020-01-10,1.7343192251679196,1.735055000674805,-0.0004240646588143573
2020-01-13,1.745344426377866,1.745344426377866,0.0
2020-01-14,1.744384975951445,1.745344426377866,-0.0005497198214407121
2020-01-15,1.7465019869439595,1.7465019869439595,0.0
2020-01-16,1.7522445854260702,1.7522445854260702,0.0
2020-01-17,1.7564678395648057,1.7564678395648057,0.0
2020-01-21,1.7528311630549542,1.7564678395648057,-0.0020704486742851446
2020-01-22,1.7531526994585407,1.7564678395648057,-0.0018873901540300178
2020-01-23,1.7561428937297032,1.7564678395648057,-0.00018499959280948939
2020-01-24,1.748807495365124,1.7564678395648057,-0.004361220870163853
2020-01-27,1.7365968769664866,1.7564678395648057,-0.01131302387138638
2020-01-28,1.7443384406245026,1.7564678395648057,-0.006905562781786163
2020-01-29,1.7514073138189206,1.7564678395648057,-0.0028810807871887615
2020-01-30,1.7637174227715713,1.7637174227715713,0.0
2020-01-31,1.7345090179763194,1.7637174227715713,-0.016560705483848262
2020-02-03,1.7333046566568073,1.7637174227715713,-0.017243559383210153
2020-02-04,1.7414558132831937,1.7637174227715713,-0.012621981957515002
2020-02-05,1.7608200509368308,1.7637174227715713,-0.001642764196425209
2020-02-06,1.7632287896003527,1.7637174227715713,-0.000277047312063604
2020-02-07,1.758619276022736,1.7637174227715713,-0.0028905689103098696
2020-02-10,1.763107042488971,1.7637174227715713,-0.00034607600668882865
2020-02-11,1.7623994328950712,1.7637174227715713,-0.0007472795015138966
2020-02-12,1.7684786364594451,1.7684786364594451,0.0
2020-02-13,1.7666372395247527,1.7684786364594451,-0.0010412322188855893
2020-02-14,1.7685658436710512,1.7685658436710512,0.0
2020-02-18,1.7595557488881493,1.7685658436710512,-0.005094576950666129
2020-02-19,1.7703413834984747,1.7703413834984747,0.0
2020-02-20,1.7670072059601452,1.7703413834984747,-0.0018833528772516626
2020-02-21,1.7635610627733551,1.7703413834984747,-0.003829950984775939
2020-02-24,1.7248302517758058,1.7703413834984747,-0.025707545531546947
2020-02-25,1.6854869659130804,1.7703413834984747,-0.047931104348760405
2020-02-26,1.6816531398608157,1.7703413834984747,-0.05009669008719495
2020-02-27,1.622980324728504,1.7703413834984747,-0.0832387810303355
2020-02-28,1.6049071876554863,1.7703413834984747,-0.09344762393570906
2020-03-02,1.6681464273045596,1.7703413834984747,-0.057726129630411536
2020-03-03,1.6414611513565633,1.7703413834984747,-0.07279964945926058
2020-03-04,1.6897409244037458,1.7703413834984747,-0.04552820142262598
2020-03-05,1.6560393315232043,1.7703413834984747,-0.06456497771598803
2020-03-06,1.6346551268133658,1.7703413834984747,-0.07664411957481974
2020-03-09,1.5351410373490557,1.7703413834984747,-0.1328559273040468
2020-03-10,1.5809943415749388,1.7703413834984747,-0.10695510125248057
2020-03-11,1.5216392589538639,1.7703413834984747,-0.1404825797232035
2020-03-12,1.4132033118819514,1.7703413834984747,-0.20173401296803106
2020-03-13,1.4953778317221886,1.7703413834984747,-0.15531668317718167
2020-03-16,1.3927259907143819,1.7703413834984747,-0.21330089004520986
2020-03-17,1.443220414562548,1.7703413834984747,-0.18477846814464896
2020-03-18,1.3677618012840451,1.7703413834984747,-0.22740223211574517
2020-03-19,1.3563406735598729,1.7703413834984747,-0.23385360236028088
2020-03-20,1.3178001662199008,1.7703413834984747,-0.25562370144919777
2020-03-23,1.2936411910265009,1.7703413834984747,-0.2692702079470903
2020-03-24,1.388936594106738,1.7703413834984747,-0.21544137924292348
2020-03-25,1.4131767066937544,1.7703413834984747,-0.2017490412492682
2020-03-26,1.4774593176446935,1.7703413834984747,-0.16543818530355986
2020-03-27,1.434848896047982,1.7703413834984747,-0.1895072275763596
2020-03-30,1.4759591008639104,1.7703413834984747,-0.16628560196272335
2020-03-31,1.4552424910717823,1.7703413834984747,-0.17798764428361674
2020-04-01,1.4162144757635897,1.7703413834984747,-0.20003311849100774
2020-04-02,1.461082724350252,1.7703413834984747,-0.17468871373106507
2020-04-03,1.447276832339159,1.7703413834984747,-0.18248714862039156
2020-04-06,1.5164681369489608,1.7703413834984747,-0.14340355420479423
2020-04-07,1.5138304474926478,1.7703413834984747,-0.14489348687026718
2020-04-08,1.5548655622111272,1.7703413834984747,-0.12171427685971686
2020-04-09,1.5809434681433758,1.7703413834984747,-0.1069838377617421
2020-04-13,1.5637258703560366,1.7703413834984747,-0.1167094183462701
2020-04-14,1.5910320355027447,1.7703413834984747,-0.10128518130293396
2020-04-15,1.567190056153471,1.7703413834984747,-0.11475262863908454
2020-04-16,1.5584130781712735,1.7703413834984747,-0.1197104170430662
2020-04-17,1.599429891419396,1.7703413834984747,-0.09654154485240043
2020-04-20,1.5712400807998728,1.7703413834984747,-0.11246492035629098
2020-04-21,1.5461610763862856,1.7703413834984747,-0.1266311171403412
2020-04-22,1.5695465310212096,1.7703413834984747,-0.11342154363496985
2020-04-23,1.578635264466206,1.7703413834984747,-0.10828765616574303
2020-04-24,1.591636973007734,1.7703413834984747,-0.10094347460691029
2020-04-27,1.6043326789620962,1.7703413834984747,-0.09377214252785473
2020-04-28,1.603754662503863,1.7703413834984747,-0.09409864252588954
2020-04-29,1.6322702106118903,1.7703413834984747,-0.07799127003049205
2020-04-30,1.6143637315028767,1.7703413834984747,-0.08810597405081357
2020-05-01,1.5853674977792866,1.7703413834984747,-0.10448486797142502
2020-05-04,1.5920885350684915,1.7703413834984747,-0.1006884039945603
2020-05-05,1.5987574466874124,1.7703413834984747,-0.09692138387003377
2020-05-06,1.5814088830130282,1.7703413834984747,-0.10672094221290021
2020-05-07,1.5940412397511499,1.7703413834984747,-0.0995853937498359
2020-05-08,1.6185297939799002,1.7703413834984747,-0.08575272031350858
2020-05-11,1.609085610642399,1.7703413834984747,-0.09108738820611469
2020-05-12,1.5898527720260174,1.7703413834984747,-0.10195130337843838
2020-05-13,1.566610846477613,1.7703413834984747,-0.11507980264137416
2020-05-14,1.583277646739169,1.7703413834984747,-0.10566534709234342
2020-05-15,1.5803187506127405,1.7703413834984747,-0.10733671745853864
2020-05-18,1.6192451851058385,1.7703413834984747,-0.0853486224753139
2020-05-19,1.6045213851070885,1.7703413834984747,-0.09366554944544064
2020-05-20,1.6297256511945784,1.7703413834984747,-0.07942859700088883
2020-05-21,1.6135809979071654,1.7703413834984747,-0.08854811114539164
2020-05-22,1.6138184495346157,1.7703413834984747,-0.0884139835530167
2020-05-26,1.634621437669921,1.7703413834984747,-0.07666314931888986
2020-05-27,1.6551521500205117,1.7703413834984747,-0.06506611354829812
2020-05-28,1.6509061303669441,1.7703413834984747,-0.0674645321206397
2020-05-29,1.6520202351026665,1.7703413834984747,-0.06683521579436102
2020-06-01,1.6605763685376966,1.7703413834984747,-0.06200217426079993
2020-06-02,1.6675686862133101,1.7703413834984747,-0.0580524740838795
2020-06-03,1.6896345126162002,1.7703413834984747,-0.045588309483442634
2020-06-04,1.6875810899424322,1.7703413834984747,-0.046748211575156816
2020-06-05,1.7257778345087016,1.7703413834984747,-0.025172291290908245
2020-06-08,1.74644008637932,1.7703413834984747,-0.013500953738042344
2020-06-09,1.740898457230918,1.7703413834984747,-0.01663121392404709
2020-06-10,1.7321935092986096,1.7703413834984747,-0.021548315231991504
2020-06-11,1.6508010290454203,1.7703413834984747,-0.06752389994794325
2020-06-12,1.6674507319596688,1.7703413834984747,-0.05811910205447366
2020-06-15,1.676345279304801,1.7703413834984747,-0.053094903090342094
2020-06-16,1.6958931859306923,1.7703413834984747,-0.04205301771834594
2020-06-17,1.6822267908362287,1.7703413834984747,-0.049772655988031864
2020-06-18,1.6853306531416976,1.7703413834984747,-0.04801939961928836
2020-06-19,1.6750574326846552,1.7703413834984747,-0.05382235974483255
2020-06-22,1.6810779680888772,1.7703413834984747,-0.050421583227749464
2020-06-23,1.6894578668121178,1.7703413834984747,-0.04568809012785897
2020-06-24,1.6557974201956938,1.7703413834984747,-0.06470162442704917
2020-06-25,1.6726435572811145,1.7703413834984747,-0.05518586817661906
2020-06-26,1.6366752958456559,1.7703413834984747,-0.07550300122831309
2020-06-29,1.653588372851646,1.7703413834984747,-0.06594943310657192
2020-06-30,1.6659521497373626,1.7703413834984747,-0.05896559541235061
2020-07-01,1.6594872763967545,1.7703413834984747,-0.06261736190262632
2020-07-02,1.664873003808255,1.7703413834984747,-0.05957516480905926
2020-07-06,1.685355656761742,1.7703413834984747,-0.04800527600433054
2020-07-07,1.6751341784143614,1.7703413834984747,-0.05377900893666553
2020-07-08,1.6837823644375478,1.7703413834984747,-0.048893970319934886
2020-07-09,1.6664670624024627,1.7703413834984747,-0.05867474039992215
2020-07-10,1.690963146972976,1.7703413834984747,-0.04483781335362264
2020-07-13,1.6968830993076196,1.7703413834984747,-0.0414938524713747
2020-07-14,1.7195281248818373,1.7703413834984747,-0.028702519802266836
2020-07-15,1.7312027032369988,1.7703413834984747,-0.022107984723337207
2020-07-16,1.7259993038080292,1.7703413834984747,-0.025047191521229927
2020-07-17,1.7230971724415458,1.7703413834984747,-0.02668649758588756
2020-07-20,1.72114966857258,1.7703413834984747,-0.027786570084400376
2020-07-21,1.7421480362751924,1.7703413834984747,-0.01592537319981062
2020-07-22,1.7476096311875648,1.7703413834984747,-0.012840321376879474
2020-07-23,1.7391486655794062,1.7703413834984747,-0.017619606144791564
2020-07-24,1.7349620426371064,1.7703413834984747,-0.019984473724188222
2020-07-27,1.7438922973021371,1.7703413834984747,-0.014940105023173547
2020-07-28,1.7387606039491832,1.7703413834984747,-0.017838807725820027
2020-07-29,1.753376947005823,1.7703413834984747,-0.009582579185449176
2020-07-30,1.737410956913053,1.7703413834984747,-0.01860117313664444
2020-07-31,1.7602891318095517,1.7703413834984747,-0.005678143087328245
2020-08-03,1.76418581925339,1.7703413834984747,-0.003477049286912346
2020-08-04,1.7800732808336786,1.7800732808336786,0.0
2020-08-05,1.7925021963170593,1.7925021963170593,0.0
2020-08-06,1.8049895573825596,1.8049895573825596,0.0
2020-08-07,1.8019913630130502,1.8049895573825596,-0.0016610591220578338
2020-08-10,1.8113148319186485,1.8113148319186485,0.0
2020-08-11,1.796733421878964,1.8113148319186485,-0.008050179782516959
2020-08-12,1.808736591731231,1.8113148319186485,-0.001423408091174553
2020-08-13,1.8057210547625624,1.8113148319186485,-0.0030882412364287115
2020-08-14,1.8054497722687892,1.8113148319186485,-0.003238012269599027
2020-08-17,1.802188988587656,1.8113148319186485,-0.005038242480091551
2020-08-18,1.8065877085868047,1.8113148319186485,-0.0026097745397670787
2020-08-19,1.7909720984836766,1.8113148319186485,-0.011230920807634397
2020-08-20,1.7955519423764426,1.8113148319186485,-0.008702457057401221
2020-08-21,1.8073164839617901,1.8113148319186485,-0.002207428485871285
2020-08-24,1.827580883159062,1.827580883159062,0.0
2020-08-25,1.8183683438657143,1.827580883159062,-0.005040838070829147
2020-08-26,1.8190712132585418,1.827580883159062,-0.004656248037466277
2020-08-27,1.8176458599654102,1.827580883159062,-0.005436160601810819
2020-08-28,1.837406479322535,1.837406479322535,0.0
2020-08-31,1.8347106844004737,1.837406479322535,-0.0014671739500207704
2020-09-01,1.8411353605070724,1.8411353605070724,0.0
2020-09-02,1.854141407330937,1.854141407330937,0.0
2020-09-03,1.815524293503271,1.854141407330937,-0.020827491190791088
2020-09-04,1.81593008219216,1.854141407330937,-0.020608635882730625
2020-09-08,1.7747868932827504,1.854141407330937,-0.04279852320563757
2020-09-09,1.7957151607042536,1.854141407330937,-0.031511213975199875
2020-09-10,1.7719408558436016,1.854141407330937,-0.04433348565666535
2020-09-11,1.7777657164147498,1.854141407330937,-0.04119194502329309
2020-09-14,1.7918529165034802,1.854141407330937,-0.033594250460714306
2020-09-15,1.7852148513634283,1.854141407330937,-0.03717437930838808
2020-09-16,1.7862572395835035,1.854141407330937,-0.036612184744395405
2020-09-17,1.7746678484948835,1.854141407330937,-0.04286272801083542
2020-09-18,1.763217218114176,1.854141407330937,-0.049038433022024784
2020-09-21,1.7408530946464107,1.854141407330937,-0.061100147074330466
2020-09-22,1.7387042051838166,1.854141407330937,-0.06225911448323345
2020-09-23,1.703642336000234,1.854141407330937,-0.08116914423876041
2020-09-24,1.709890711701708,1.854141407330937,-0.07779918783911959
2020-09-25,1.7261673517747236,1.854141407330937,-0.06902065562541636
2020-09-28,1.7514691811468963,1.854141407330937,-0.055374539276288985
2020-09-29,1.740814325793986,1.854141407330937,-0.06112105640318279
2020-09-30,1.7494639925120823,1.854141407330937,-0.05645600405933405
2020-10-01,1.7458430087711767,1.854141407330937,-0.05840892077139758
2020-10-02,1.7359975235466367,1.854141407330937,-0.06371891772503485
2020-10-05,1.755972698374894,1.854141407330937,-0.05294564296331544
2020-10-06,1.7357504751332888,1.854141407330937,-0.06385215913389994
2020-10-07,1.7511799413138363,1.854141407330937,-0.055530535918139744
2020-10-08,1.7763409371323708,1.854141407330937,-0.04196037577876062
2020-10-09,1.7862797038302132,1.854141407330937,-0.036600069030555626
2020-10-12,1.8086712175611954,1.854141407330937,-0.024523582500213175
2020-10-13,1.7838894719996414,1.854141407330937,-0.037889200388671676
2020-10-14,1.7813242535466445,1.854141407330937,-0.03927270784007455
2020-10-15,1.7839373825045453,1.854141407330937,-0.037863360663225494
2020-10-16,1.7781190902391988,1.854141407330937,-0.041001358791276574
2020-10-19,1.7526640113399483,1.854141407330937,-0.054730127696714814
2020-10-20,1.7616207348270847,1.854141407330937,-0.049899469446096426
2020-10-21,1.7530960491882972,1.854141407330937,-0.05449711534574704
2020-10-22,1.7715227439399315,1.854141407330937,-0.044558987283465225
2020-10-23,1.7691347197130516,1.854141407330937,-0.045846928007639814
2020-10-26,1.7512094052665512,1.854141407330937,-0.05551464503053081
2020-10-27,1.7470329274165015,1.854141407330937,-0.05776715815252715
2020-10-28,1.6958854889941462,1.854141407330937,-0.08535266927920158
2020-10-29,1.712214376288203,1.854141407330937,-0.07654595840510356
2020-10-30,1.6965561565596408,1.854141407330937,-0.0849909560016474
2020-11-02,1.7210064449327398,1.854141407330937,-0.07180410397599982
2020-11-03,1.7341261511325854,1.854141407330937,-0.06472821097885695
2020-11-04,1.7452297595560864,1.854141407330937,-0.058739666426861424
2020-11-05,1.7729101412458035,1.854141407330937,-0.04381071786863716
2020-11-06,1.7686802368552053,1.854141407330937,-0.04609204569718031
2020-11-09,1.8304345863829783,1.854141407330937,-0.012785875367556262
2020-11-10,1.842763928264091,1.854141407330937,-0.006136252079728905
2020-11-11,1.8430345140120123,1.854141407330937,-0.00599031620512332
2020-11-12,1.8331808740354953,1.854141407330937,-0.01130471128715833
2020-11-13,1.8490463155978605,1.854141407330937,-0.002747952077943719
2020-11-16,1.8764216602622361,1.8764216602622361,0.0
2020-11-17,1.8717389812994962,1.8764216602622361,-0.0024955366173323025
2020-11-18,1.847264922942425,1.8764216602622361,-0.015538478337399077
2020-11-19,1.8539072205137488,1.8764216602622361,-0.011998603632267204
2020-11-20,1.844467241956328,1.8764216602622361,-0.017029444384820434
2020-11-23,1.8528363197878583,1.8764216602622361,-0.0125693179597392
2020-11-24,1.8818979315085875,1.8818979315085875,0.0
2020-11-25,1.8718474579231608,1.8818979315085875,-0.005340605044063148
2020-11-27,1.8679215096196002,1.8818979315085875,-0.00742676935607414
2020-11-30,1.8495846575862147,1.8818979315085875,-0.017170577309933863
2020-12-01,1.8729900670237547,1.8818979315085875,-0.004733447194817845
2020-12-02,1.8887365974372239,1.8887365974372239,0.0
2020-12-03,1.8966209425794573,1.8966209425794573,0.0
2020-12-04,1.9108294116677895,1.9108294116677895,0.0
2020-12-07,1.9077371742965692,1.9108294116677895,-0.001618269716981903
2020-12-08,1.9246401675127827,1.9246401675127827,0.0
2020-12-09,1.9170012991285228,1.9246401675127827,-0.003968985222900962
2020-12-10,1.92410322894927,1.9246401675127827,-0.0002789812727469176
2020-12-11,1.9233979695514996,1.9246401675127827,-0.0006454182876627815
2020-12-14,1.901427733206177,1.9246401675127827,-0.012060661882892669
2020-12-15,1.9326856190618842,1.9326856190618842,0.0
2020-12-16,1.9330862161037874,1.9330862161037874,0.0
2020-12-17,1.9421371396731357,1.9421371396731357,0.0
2020-12-18,1.9343441219501596,1.9421371396731357,-0.004012599091888903
2020-12-21,1.9348147017293538,1.9421371396731357,-0.003770299117504304
2020-12-22,1.932151457695292,1.9421371396731357,-0.005141594676225731
2020-12-23,1.9407048431899767,1.9421371396731357,-0.0007374847295284564
2020-12-24,1.9458833959479465,1.9458833959479465,0.0
2020-12-28,1.9627443780278973,1.9627443780278973,0.0
2020-12-29,1.957568486699745,1.9627443780278973,-0.0026370684772272263
2020-12-30,1.9653087659927158,1.9653087659927158,0.0
2020-12-31,1.9709417228461277,1.9709417228461277,0.0
2021-01-04,1.9553096585577747,1.9709417228461277,-0.00793126661592995
2021-01-05,1.972219278300426,1.972219278300426,0.0
2021-01-06,1.9686735555302641,1.972219278300426,-0.0017978339473577218
2021-01-07,1.986099059316398,1.986099059316398,0.0
2021-01-08,1.9884516872717424,1.9884516872717424,0.0
2021-01-11,1.9860314324361816,1.9884516872717424,-0.001217155463747503
2021-01-12,1.9941852083852487,1.9941852083852487,0.0
2021-01-13,2.0035479154111826,2.0035479154111826,0.0
2021-01-14,2.007379574013273,2.007379574013273,0.0
2021-01-15,1.9801718718722465,2.007379574013273,-0.013553840286733301
2021-01-19,1.9930572859546927,2.007379574013273,-0.007134818070279811
2021-01-20,2.0090368551865376,2.0090368551865376,0.0
2021-01-21,2.0076343415565225,2.0090368551865376,-0.000698102489456256
2021-01-22,2.004599147091574,2.0090368551865376,-0.002208873412903001
2021-01-25,2.014987500468653,2.014987500468653,0.0
2021-01-26,2.0168208981455087,2.0168208981455087,0.0
2021-01-27,1.9900487288184003,2.0168208981455087,-0.013274440656443856
2021-01-28,1.9956875990396625,2.0168208981455087,-0.010478520489984254
2021-01-29,1.9564200544185621,2.0168208981455087,-0.029948541183049942
2021-02-01,1.9703978392328634,2.0168208981455087,-0.023017938258836905
2021-02-02,1.9825596797629017,2.0168208981455087,-0.01698773471363302
2021-02-03,1.9886986916504477,2.0168208981455087,-0.013943829380645421
2021-02-04,2.005932780062224,2.0168208981455087,-0.005398653937638315
2021-02-05,2.0215157284217073,2.0215157284217073,0.0
2021-02-08,2.0442006523458667,2.0442006523458667,0.0
2021-02-09,2.0403259673572793,2.0442006523458667,-0.0018954523784839134
2021-02-10,2.044612455826633,2.044612455826633,0.0
2021-02-11,2.0362603162968016,2.044612455826633,-0.004084949940527898
2021-02-12,2.043897426693498,2.044612455826633,-0.0003497137714765372
2021-02-16,2.0414082898308714,2.044612455826633,-0.001567126320995804
2021-02-17,2.040655110935239,2.044612455826633,-0.0019354987690292503
2021-02-18,2.0365540852716912,2.044612455826633,-0.00394127040162434
2021-02-19,2.0325039231764626,2.044612455826633,-0.005922165159301637
2021-02-22,2.039077543678779,2.044612455826633,-0.0027070715196324626
2021-02-23,2.0406453449919866,2.044612455826633,-0.0019402751965739784
2021-02-24,2.056978050608066,2.056978050608066,0.0
2021-02-25,2.0225806292236,2.056978050608066,-0.016722308424388852
2021-02-26,1.9984519161562786,2.056978050608066,-0.02845248369786278
2021-03-01,2.0352033206868554,2.056978050608066,-0.010585786228868075
2021-03-02,2.027530602757155,2.056978050608066,-0.014315878500602496
2021-03-03,2.014297097690673,2.056978050608066,-0.020749347765172454
2021-03-04,2.0037074732273994,2.056978050608066,-0.025897494319358134
2021-03-05,2.0309238018689664,2.056978050608066,-0.01266627455329329
2021-03-08,2.023951614280483,2.056978050608066,-0.016055803958540036
2021-03-09,2.0377023454579395,2.056978050608066,-0.009370885189770764
2021-03-10,2.0573650602352727,2.0573650602352727,0.0
2021-03-11,2.0560652233912093,2.0573650602352727,-0.0006317968887420851
2021-03-12,2.0549976354957233,2.0573650602352727,-0.0011507071765273333
2021-03-15,2.0623565029738766,2.0623565029738766,0.0
2021-03-16,2.0584549789750213,2.0623565029738766,-0.0018917796187174383
2021-03-17,2.0605095039974937,2.0623565029738766,-0.0008955769643704314
2021-03-18,2.0332216798925864,2.0623565029738766,-0.014126957700707128
2021-03-19,2.029298235280122,2.0623565029738766,-0.016029366235219465
2021-03-22,2.0332358409958595,2.0623565029738766,-0.014120091233511614
2021-03-23,2.0259508924029217,2.0623565029738766,-0.017652433281277396
2021-03-24,2.0320458999963935,2.0623565029738766,-0.014697072467236307
2021-03-25,2.0366993989086586,2.0623565029738766,-0.012440673582972203
2021-03-26,2.0627605594163514,2.0627605594163514,0.0
2021-03-29,2.0580383354561858,2.0627605594163514,-0.0022892739240184864
2021-03-30,2.0460602179808984,2.0627605594163514,-0.008096112444664079
2021-03-31,2.0436033399439912,2.0627605594163514,-0.00928717556912209
2021-04-01,2.0618946584447784,2.0627605594163514,-0.0004197777428021127
2021-04-05,2.0702419288989895,2.0702419288989895,0.0
2021-04-06,2.073808335283378,2.073808335283378,0.0
2021-04-07,2.081043110761445,2.081043110761445,0.0
2021-04-08,2.0880339180740553,2.0880339180740553,0.0
2021-04-09,2.091190177906372,2.091190177906372,0.0
2021-04-12,2.085311972128831,2.091190177906372,-0.0028109379240801014
2021-04-13,2.089344739778932,2.091190177906372,-0.0008824822089053467
2021-04-14,2.085163510315511,2.091190177906372,-0.0028819318560948945
2021-04-15,2.103516368840858,2.103516368840858,0.0
2021-04-16,2.1085130655970095,2.1085130655970095,0.0
2021-04-19,2.107415574073318,2.1085130655970095,-0.0005205049670303585
2021-04-20,2.0998410816160793,2.1085130655970095,-0.004112843369303362
2021-04-21,2.1141313397560237,2.1141313397560237,0.0
2021-04-22,2.096000682379223,2.1141313397560237,-0.008575937093337389
2021-04-23,2.1090669256437757,2.1141313397560237,-0.0023955059068527184
2021-04-26,2.105744226852323,2.1141313397560237,-0.003967167387371699
2021-04-27,2.1048410571363183,2.1141313397560237,-0.004394373445491593
2021-04-28,2.1118733810806884,2.1141313397560237,-0.0010680314098157526
2021-04-29,2.1273087213488546,2.1273087213488546,0.0
2021-04-30,2.107469477190026,2.1273087213488546,-0.009325982618192358
2021-05-03,2.12673432742413,2.1273087213488546,-0.00027000966947594157
2021-05-04,2.123350226529793,2.1273087213488546,-0.0018607994125797046
2021-05-05,2.135160003471864,2.135160003471864,0.0
2021-05-06,2.1572488127881346,2.1572488127881346,0.0
2021-05-07,2.1675958289017747,2.1675958289017747,0.0
2021-05-10,2.1614500399368,2.1675958289017747,-0.0028353020812411107
2021-05-11,2.1373631702317546,2.1675958289017747,-0.013947553444655628
2021-05-12,2.116704619728882,2.1675958289017747,-0.023478181907499396
2021-05-13,2.1347352561882134,2.1675958289017747,-0.015159916934427003
2021-05-14,2.161303162651621,2.1675958289017747,-0.0029030625388046243
2021-05-17,2.1679129670310746,2.1679129670310746,0.0
2021-05-18,2.149485392845357,2.1679129670310746,-0.008500144824058092
2021-05-19,2.138047940328359,2.1679129670310746,-0.01377593434648594
2021-05-20,2.15278342431201,2.1679129670310746,-0.006978851526398884
2021-05-21,2.152681389562858,2.1679129670310746,-0.007025917414515131
2021-05-24,2.167001157085123,2.1679129670310746,-0.00042059342778886345
2021-05-25,2.161210984346641,2.1679129670310746,-0.0030914445304562744
2021-05-26,2.1634040349089307,2.1679129670310746,-0.0020798492332092045
2021-05-27,2.163530015202832,2.1679129670310746,-0.0020217379087154696
2021-05-28,2.1618297249884084,2.1679129670310746,-0.0028060360979329834
2021-06-01,2.1667537880219747,2.1679129670310746,-0.0005346981298273134
2021-06-02,2.175171814462625,2.175171814462625,0.0
2021-06-03,2.1661893269462595,2.175171814462625,-0.0041295531031808
2021-06-04,2.1848853049487826,2.1848853049487826,0.0
2021-06-07,2.179008708109248,2.1848853049487826,-0.002689659189992223
2021-06-08,2.1813975031487716,2.1848853049487826,-0.0015963317580612452
2021-06-09,2.185430694713001,2.185430694713001,0.0
2021-06-10,2.188073488714332,2.188073488714332,0.0
2021-06-11,2.182732813294647,2.188073488714332,-0.0024408117219239488
2021-06-14,2.1810397782927318,2.188073488714332,-0.003214567727216935
2021-06-15,2.1810801669493354,2.188073488714332,-0.0031961091805493185
2021-06-16,2.1729931953063204,2.188073488714332,-0.006892041554268044
2021-06-17,2.1579583737951995,2.188073488714332,-0.013763301403933816
2021-06-18,2.1303473036621976,2.188073488714332,-0.026382196644616804
2021-06-21,2.156871930550258,2.188073488714332,-0.014259830999738174
2021-06-22,2.166669949303074,2.188073488714332,-0.009781910672403428
2021-06-23,2.1647138365095664,2.188073488714332,-0.010675899290060454
2021-06-24,2.1721641118840984,2.188073488714332,-0.007270951781231738
2021-06-25,2.1749754777175667,2.188073488714332,-0.005986092818327248
2021-06-28,2.1746550286345427,2.188073488714332,-0.006132545432774063
2021-06-29,2.171521736029898,2.188073488714332,-0.007564532347658547
2021-06-30,2.182425208497485,2.188073488714332,-0.002581394201785129
2021-07-01,2.190250607606073,2.190250607606073,0.0
2021-07-02,2.206601766931257,2.206601766931257,0.0
2021-07-06,2.1990936795256326,2.206601766931257,-0.0034025565999913784
2021-07-07,2.2091062547042872,2.2091062547042872,0.0
2021-07-08,2.1977155683074887,2.2091062547042872,-0.005156241974573237
2021-07-09,2.2178162676865227,2.2178162676865227,0.0
2021-07-12,2.2202984917198196,2.2202984917198196,0.0
2021-07-13,2.216742513605146,2.2202984917198196,-0.001601576602396037
2021-07-14,2.231001800088844,2.231001800088844,0.0
2021-07-15,2.2273534042139813,2.231001800088844,-0.0016353173156191429
2021-07-16,2.2033240842041164,2.231001800088844,-0.01240595856248322
2021-07-19,2.17451625169674,2.231001800088844,-0.025318468317620663
2021-07-20,2.1936068940043962,2.231001800088844,-0.016761486289683266
2021-07-21,2.2097449454463893,2.231001800088844,-0.009527941502157572
2021-07-22,2.209946174667562,2.231001800088844,-0.00943774470304929
2021-07-23,2.218100144805527,2.231001800088844,-0.005782897747013668
2021-07-26,2.2273346607865134,2.231001800088844,-0.0016437186658408846
2021-07-27,2.224145687183138,2.231001800088844,-0.00307310953556069
2021-07-28,2.2210987209297026,2.231001800088844,-0.004438848574101147
2021-07-29,2.232339371078044,2.232339371078044,0.0
2021-07-30,2.221787194004824,2.232339371078044,-0.004726959175622069
2021-08-02,2.221005544037167,2.232339371078044,-0.005077107534686074
2021-08-03,2.236485577822361,2.236485577822361,0.0
2021-08-04,2.219744998532607,2.236485577822361,-0.00748521674173013
2021-08-05,2.22696716357557,2.236485577822361,-0.0042559694286331915
2021-08-06,2.225372844589667,2.236485577822361,-0.004968837421931528
2021-08-09,2.216660242011271,2.236485577822361,-0.008864504205921917
2021-08-10,2.223857275132183,2.236485577822361,-0.005646494131419413
2021-08-11,2.232539723754353,2.236485577822361,-0.001764310088621368
2021-08-12,2.2420329458071744,2.2420329458071744,0.0
2021-08-13,2.2490130561672306,2.2490130561672306,0.0
2021-08-16,2.2533760311308115,2.2533760311308115,0.0
2021-08-17,2.245547201159885,2.2533760311308115,-0.003474266994398559
2021-08-18,2.2206227760667034,2.2533760311308115,-0.014535192800320826
2021-08-19,2.2160669894949514,2.2533760311308115,-0.016556953264980516
2021-08-20,2.2225389437801697,2.2533760311308115,-0.013684838626408421
2021-08-23,2.2438367656157427,2.2533760311308115,-0.004233321639745008
2021-08-24,2.2401911218225665,2.2533760311308115,-0.005851180240711278
2021-08-25,2.2388778388899837,2.2533760311308115,-0.006433987066753433
2021-08-26,2.2302911492201374,2.2533760311308115,-0.010244575957031665
2021-08-27,2.2484726533959805,2.2533760311308115,-0.002176013975071178
2021-08-30,2.2538938734467173,2.2538938734467173,0.0
2021-08-31,2.2454135171067047,2.2538938734467173,-0.003762535778600904
2021-09-01,2.245924751266821,2.2538938734467173,-0.003535713137952646
2021-09-02,2.2598275466370037,2.2598275466370037,0.0
2021-09-03,2.258599753090407,2.2598275466370037,-0.0005433129392655127
2021-09-07,2.242248568639646,2.2598275466370037,-0.007778902431523174
2021-09-08,2.2395605729415364,2.2598275466370037,-0.008968371823605683
2021-09-09,2.233520750113799,2.2598275466370037,-0.011641063745042635
2021-09-10,2.211350045444388,2.2598275466370037,-0.02145185868928717
2021-09-13,2.22759474996059,2.2598275466370037,-0.014263387807791567
2021-09-14,2.2182863413521394,2.2598275466370037,-0.018382466992529777
2021-09-15,2.232968708132237,2.2598275466370037,-0.011885348749172105
2021-09-16,2.2184012388085312,2.2598275466370037,-0.018331623530353735
2021-09-17,2.1994947203985844,2.2598275466370037,-0.02669797805067227
2021-09-20,2.175366646699711,2.2598275466370037,-0.0373749315796174
2021-09-21,2.1785483723065373,2.2598275466370037,-0.03596698095455258
2021-09-22,2.1990031379418733,2.2598275466370037,-0.026915509011139878
2021-09-23,2.2145086641591902,2.2598275466370037,-0.020054133132970893
2021-09-24,2.216132961364749,2.2598275466370037,-0.01933536270822051
2021-09-27,2.2234510858226573,2.2598275466370037,-0.016097007432483334
2021-09-28,2.199971330209618,2.2598275466370037,-0.026487072660239773
2021-09-29,2.204771996875349,2.2598275466370037,-0.024362721767679337
2021-09-30,2.188337316956198,2.2598275466370037,-0.03163525897681663
2021-10-01,2.21341361706894,2.2598275466370037,-0.020538704219769006
2021-10-04,2.20460516181981,2.2598275466370037,-0.02443654822217465
2021-10-05,2.212574842286985,2.2598275466370037,-0.020909871826431368
2021-10-06,2.2171414332177855,2.2598275466370037,-0.01888910217186361
2021-10-07,2.223584777763014,2.2598275466370037,-0.016037847192333192
2021-10-08,2.228203269225765,2.2598275466370037,-0.013994110948112341
2021-10-11,2.2155333045674026,2.2598275466370037,-0.019600717822702104
2021-10-12,2.210325430457676,2.2598275466370037,-0.021905262750246225
2021-10-13,2.212396603468742,2.2598275466370037,-0.020988744578694353
2021-10-14,2.236267161223715,2.2598275466370037,-0.010425744853119603
2021-10-15,2.2438662281742845,2.2598275466370037,-0.007063069253435854
2021-10-18,2.243560039613763,2.2598275466370037,-0.007198561256344314
2021-10-19,2.262260734829068,2.262260734829068,0.0
2021-10-20,2.2726091209385704,2.2726091209385704,0.0
2021-10-21,2.263670742662245,2.2726091209385704,-0.003933090910342736
2021-10-22,2.2735512770161295,2.2735512770161295,0.0
2021-10-25,2.280135706316581,2.280135706316581,0.0
2021-10-26,2.2934726609383276,2.2934726609383276,0.0
2021-10-27,2.2859016490950346,2.2934726609383276,-0.003301112750214987
2021-10-28,2.3009970565510622,2.3009970565510622,0.0
2021-10-29,2.2964595857948398,2.3009970565510622,-0.001971958522634368
2021-11-01,2.29901655930331,2.3009970565510622,-0.0008607126385119954
2021-11-02,2.3046408508176164,2.3046408508176164,0.0
2021-11-03,2.3000497874150034,2.3046408508176164,-0.0019920949509265964
2021-11-04,2.3058453049499343,2.3058453049499343,0.0
2021-11-05,2.317445752014438,2.317445752014438,0.0
2021-11-08,2.317849603051818,2.317849603051818,0.0
2021-11-09,2.3236148478877143,2.3236148478877143,0.0
2021-11-10,2.311884772443638,2.3236148478877143,-0.005048201277737393
2021-11-11,2.311567001901722,2.3236148478877143,-0.005184958254568051
2021-11-12,2.316467557131271,2.3236148478877143,-0.0030759360842182665
2021-11-15,2.311913192825735,2.3236148478877143,-0.005035970170623025
2021-11-16,2.3094501603638586,2.3236148478877143,-0.006095970481825816
2021-11-17,2.3132196077936937,2.3236148478877143,-0.004473736300777388
2021-11-18,2.3128242787598126,2.3236148478877143,-0.00464387165442283
2021-11-19,2.300329470068382,2.3236148478877143,-0.010021186532053654
2021-11-22,2.2986414204268546,2.3236148478877143,-0.010747662196926425
2021-11-23,2.311420742774226,2.3236148478877143,-0.005247902906358704
2021-11-24,2.313702827358722,2.3236148478877143,-0.0042657760334087825
2021-11-26,2.2753117490054984,2.3236148478877143,-0.020787911097282737
2021-11-29,2.288174658625543,2.3236148478877143,-0.01525217886018767
2021-11-30,2.265812297477584,2.3236148478877143,-0.02487613231714197
2021-12-01,2.265817046880277,2.3236148478877143,-0.024874088345569974
2021-12-02,2.2826140306647136,2.3236148478877143,-0.01764527252021677
2021-12-03,2.282293078236771,2.3236148478877143,-0.017783398865998373
2021-12-06,2.307461245431407,2.3236148478877143,-0.006951927713403796
2021-12-07,2.3322359800777566,2.3322359800777566,0.0
2021-12-08,2.332915387783584,2.332915387783584,0.0
2021-12-09,2.3322485386526592,2.332915387783584,-0.00028584368486613264
2021-12-10,2.351211900698061,2.351211900698061,0.0
2021-12-13,2.350671821435127,2.351211900698061,-0.00022970250481193661
2021-12-14,2.348082737662013,2.351211900698061,-0.0013308724046178588
2021-12-15,2.358774845874379,2.358774845874379,0.0
2021-12-16,2.359589918532416,2.359589918532416,0.0
2021-12-17,2.3313166568409716,2.359589918532416,-0.011982277712488916
2021-12-20,2.311178626448055,2.359589918532416,-0.020516824429590318
2021-12-21,2.3314055178772093,2.359589918532416,-0.011944618187187587
2021-12-22,2.3496938309937354,2.359589918532416,-0.0041939861926667665
2021-12-23,2.3526608420752892,2.359589918532416,-0.0029365596126281397
2021-12-27,2.3755183061046385,2.3755183061046385,0.0
2021-12-28,2.3734024727292877,2.3755183061046385,-0.0008906828332635959
2021-12-29,2.37029810842942,2.3755183061046385,-0.0021974983993192075
2021-12-30,2.3707055319643335,2.3755183061046385,-0.0020259890769677835
2021-12-31,2.3732586250239454,2.3755183061046385,-0.0009512370731415663
2022-01-03,2.388978121297673,2.388978121297673,0.0
2022-01-04,2.4127839898735943,2.4127839898735943,0.0
2022-01-05,2.3991742676804186,2.4127839898735943,-0.005640671626757894
2022-01-06,2.3986243816318153,2.4127839898735943,-0.005868576839537466
2022-01-07,2.405731776713082,2.4127839898735943,-0.0029228530983752316
2022-01-10,2.4045562541620695,2.4127839898735943,-0.0034100589800232584
2022-01-11,2.427819267523102,2.427819267523102,0.0
2022-01-12,2.4277519025842906,2.427819267523102,-2.7747097863646322e-05
2022-01-13,2.416869703152791,2.427819267523102,-0.004510040972482247
2022-01-14,2.400621686688163,2.427819267523102,-0.01120247342904002
2022-01-18,2.3736714103484027,2.427819267523102,-0.02230308404708462
2022-01-19,2.3662140528413076,2.427819267523102,-0.025374711991904088
2022-01-20,2.355516524447777,2.427819267523102,-0.02978094129267261
2022-01-21,2.3368269566179882,2.427819267523102,-0.03747902989415903
2022-01-24,2.3323652965682005,2.427819267523102,-0.03931675319979027
2022-01-25,2.345353013343459,2.427819267523102,-0.03396721299760346
2022-01-26,2.3362084306467037,2.427819267523102,-0.03773379596326415
2022-01-27,2.338168338781652,2.427819267523102,-0.03692652494389049
2022-01-28,2.3761751759524894,2.427819267523102,-0.021271802337782968
2022-01-31,2.3979176811436944,2.427819267523102,-0.012316232422816828
2022-02-01,2.418603021567981,2.427819267523102,-0.0037961005081418617
2022-02-02,2.4290230996903026,2.4290230996903026,0.0
2022-02-03,2.410073292090555,2.4290230996903026,-0.0078014110290526685
2022-02-04,2.416219385344318,2.4290230996903026,-0.005271137334024095
2022-02-07,2.423215965109095,2.4290230996903026,-0.0023907284298563523
2022-02-08,2.4308342908794,2.4308342908794,0.0
2022-02-09,2.4344782178772895,2.4344782178772895,0.0
2022-02-10,2.4096691480805106,2.4344782178772895,-0.010190713399937839
2022-02-11,2.40311974970004,2.4344782178772895,-0.012880981208610691
2022-02-14,2.391201853189218,2.4344782178772895,-0.017776443580508037
2022-02-15,2.4015534033765005,2.4344782178772895,-0.013524382456581328
2022-02-16,2.408039497948898,2.4344782178772895,-0.010860117677061902
2022-02-17,2.3983608399636074,2.4344782178772895,-0.014835777805879956
2022-02-18,2.3934358325802694,2.4344782178772895,-0.016858801609162248
2022-02-22,2.3769792547005464,2.4344782178772895,-0.023618598332285974
2022-02-23,2.3531071907647756,2.4344782178772895,-0.0334244219212872
2022-02-24,2.3380530530044337,2.4344782178772895,-0.039608144433073804
2022-02-25,2.38813905828355,2.4344782178772895,-0.01903453448605675
2022-02-28,2.381809724405301,2.4344782178772895,-0.021634407358925523
2022-03-01,2.371954700007479,2.4344782178772895,-0.025682512749827267
2022-03-02,2.387424727844922,2.4344782178772895,-0.019327956884902936
2022-03-03,2.3945092726090054,2.4344782178772895,-0.016417869330182168
2022-03-04,2.4016037318965253,2.4344782178772895,-0.013503709229909894
2022-03-07,2.3847170479450934,2.4344782178772895,-0.02044017874827593
2022-03-08,2.366440471746117,2.4344782178772895,-0.02794756824339012
2022-03-09,2.370706570831495,2.4344782178772895,-0.0261952013279458
2022-03-10,2.3587664866853624,2.4344782178772895,-0.031099777618032218
2022-03-11,2.3383867923700525,2.4344782178772895,-0.0394710557694053
2022-03-14,2.3191236970223885,2.4344782178772895,-0.0473836734326926
2022-03-15,2.3296809447055837,2.4344782178772895,-0.043047118845483984
2022-03-16,2.357726641770021,2.4344782178772895,-0.03152691017880244
2022-03-17,2.381112773859601,2.4344782178772895,-0.021920690694952925
2022-03-18,2.38709338510823,2.4344782178772895,-0.019464061095759627
2022-03-21,2.4014271172155097,2.4344782178772895,-0.013576256472156158
2022-03-22,2.4099036241272245,2.4344782178772895,-0.010094398696856065
2022-03-23,2.4148527544131206,2.4344782178772895,-0.008061466034097846
2022-03-24,2.433405469548899,2.4344782178772895,-0.00044064815224591236
2022-03-25,2.4455196658915592,2.4455196658915592,0.0
2022-03-28,2.4389555126338816,2.4455196658915592,-0.0026841547623721895
2022-03-29,2.451077681347654,2.451077681347654,0.0
2022-03-30,2.4592929542026845,2.4592929542026845,0.0
2022-03-31,2.4312883530683576,2.4592929542026845,-0.011387257092112532
2022-04-01,2.436459058655905,2.4592929542026845,-0.009284739952496691
2022-04-04,2.4426023463417854,2.4592929542026845,-0.006786750570881144
2022-04-05,2.4206498747827205,2.4592929542026845,-0.015713085077532867
2022-04-06,2.4203903425536657,2.4592929542026845,-0.015818616315123463
2022-04-07,2.42632008954771,2.4592929542026845,-0.013407457049241319
2022-04-08,2.434913704639657,2.4592929542026845,-0.009913113247189846
2022-04-11,2.4031357530530233,2.4592929542026845,-0.022834693627570537
2022-04-12,2.4139782283874784,2.4592929542026845,-0.018425916171462088
2022-04-13,2.421032310958143,2.4592929542026845,-0.015557578522378872
2022-04-14,2.4019560323237195,2.4592929542026845,-0.023314392773330223
2022-04-18,2.402733162483606,2.4592929542026845,-0.022998395381251074
2022-04-19,2.4206707292767717,2.4592929542026845,-0.015704605203666858
2022-04-20,2.434938279888616,2.4592929542026845,-0.00990312043648507
2022-04-21,2.420276930136486,2.4592929542026845,-0.01586473217821572
2022-04-22,2.3760295880411437,2.4592929542026845,-0.03385662778370995
2022-04-25,2.37773254635153,2.4592929542026845,-0.03316416928360475
2022-04-26,2.346655120619889,2.4592929542026845,-0.045800901185972506
2022-04-27,2.3438345430272887,2.4592929542026845,-0.046947807083368806
2022-04-28,2.3849802738701755,2.4592929542026845,-0.03021709154475315
2022-04-29,2.330871043756795,2.4592929542026845,-0.05221903727509531
2022-05-02,2.321156150217348,2.4592929542026845,-0.05616931636764723
2022-05-03,2.337979584629056,2.4592929542026845,-0.04932855574050908
2022-05-04,2.3968092676522907,2.4592929542026845,-0.02540717503525368
2022-05-05,2.3399651262836847,2.4592929542026845,-0.048521192936807504
2022-05-06,2.3401713837218123,2.4592929542026845,-0.04843732434450533
2022-05-09,2.2929759634757665,2.4592929542026845,-0.06762797024352017
2022-05-10,2.29030034659152,2.4592929542026845,-0.06871593208217545
2022-05-11,2.2827103332260728,2.4592929542026845,-0.07180219041202462
2022-05-12,2.274590987446096,2.4592929542026845,-0.07510368638309294
2022-05-13,2.2986207493027826,2.4592929542026845,-0.06533268215375855
2022-05-16,2.3046348952953255,2.4592929542026845,-0.06288720448821027
2022-05-17,2.3262288058543277,2.4592929542026845,-0.054106668390589065
2022-05-18,2.269227315921955,2.4592929542026845,-0.07728466751223202
2022-05-19,2.254594562972849,2.4592929542026845,-0.08323465119518449
2022-05-20,2.268049692199633,2.4592929542026845,-0.07776351397105245
2022-05-23,2.319716095618598,2.4592929542026845,-0.05675487271476283
2022-05-24,2.33402231121459,2.4592929542026845,-0.050937665955582634
2022-05-25,2.341596003018679,2.4592929542026845,-0.04785804431427053
2022-05-26,2.359253551059307,2.4592929542026845,-0.04067811562360648
2022-05-27,2.390876178210824,2.4592929542026845,-0.027819693410231255
2022-05-31,2.3670553829219396,2.4592929542026845,-0.037505727458422594
2022-06-01,2.3619829235882395,2.4592929542026845,-0.03956829561445777
2022-06-02,2.382751868381952,2.4592929542026845,-0.031123207867501702
2022-06-03,2.3581153911873223,2.4592929542026845,-0.04114091525471168
2022-06-06,2.351600269928513,2.4592929542026845,-0.04379009995134402
2022-06-07,2.383932186001808,2.4592929542026845,-0.03064326601354775
2022-06-08,2.3715808617588916,2.4592929542026845,-0.035665573023295864
2022-06-09,2.3301717444351664,2.4592929542026845,-0.05250338701896531
2022-06-10,2.2900802180822843,2.4592929542026845,-0.06880544094237839
2022-06-13,2.226835357300273,2.4592929542026845,-0.09452212535524285
2022-06-14,2.206306956766423,2.4592929542026845,-0.10286940277039128
2022-06-15,2.2293215654723006,2.4592929542026845,-0.09351118106421027
2022-06-16,2.1966811319579813,2.4592929542026845,-0.10678346465227981
2022-06-17,2.182937078870738,2.4592929542026845,-0.11237208436663969
2022-06-21,2.228389768500003,2.4592929542026845,-0.0938900692201354
2022-06-22,2.2294637435666003,2.4592929542026845,-0.0934533684745972
2022-06-23,2.2368780083830506,2.4592929542026845,-0.09043857318403203
2022-06-24,2.271698805972258,2.4592929542026845,-0.07627970791761383
2022-06-27,2.271709644289397,2.4592929542026845,-0.07627530083096709
2022-06-28,2.253894648229489,2.4592929542026845,-0.08351925118241418
2022-06-29,2.2519591772620116,2.4592929542026845,-0.08430625419649998
2022-06-30,2.2325040469555013,2.4592929542026845,-0.09221711746850805
2022-07-01,2.262072628723327,2.4592929542026845,-0.08019391310918356
2022-07-05,2.2472539869030865,2.4592929542026845,-0.08621948309868682
2022-07-06,2.235675584360274,2.4592929542026845,-0.09092750396420679
2022-07-07,2.258368115531114,2.4592929542026845,-0.08170024572640285
2022-07-08,2.25671990193764,2.4592929542026845,-0.08237044387854137
2022-07-11,2.2467620920055555,2.4592929542026845,-0.08641949786174723
2022-07-12,2.238214920414365,2.4592929542026845,-0.08989495676410549
2022-07-13,2.2371371393258084,2.4592929542026845,-0.09033320511785069
2022-07-14,2.220088070265166,2.4592929542026845,-0.09726571351686311
2022-07-15,2.2524207059408963,2.4592929542026845,-0.08411858697365204
2022-07-18,2.2337718706493916,2.4592929542026845,-0.09170159381292901
2022-07-19,2.261809003133169,2.4592929542026845,-0.08030110879309252
2022-07-20,2.2623009412813797,2.4592929542026845,-0.08010107644340021
2022-07-21,2.2758791001044725,2.4592929542026845,-0.07457991280980826
2022-07-22,2.2752825000008214,2.4592929542026845,-0.07482250290166027
2022-07-25,2.2839062930755833,2.4592929542026845,-0.07131588810002604
2022-07-26,2.279020487290147,2.4592929542026845,-0.07330255901578134
2022-07-27,2.3065201334052694,2.4592929542026845,-0.06212062720561276
2022-07-28,2.325736869223706,2.4592929542026845,-0.05430670012319785
2022-07-29,2.355424553865478,2.4592929542026845,-0.042235066041931155
2022-08-01,2.3517002219395873,2.4592929542026845,-0.04374945737116516
2022-08-02,2.327524837338284,2.4592929542026845,-0.05357967485704459
2022-08-03,2.3462091090276678,2.4592929542026845,-0.045982258836535825
2022-08-04,2.3287805904756604,2.4592929542026845,-0.05306905934243885
2022-08-05,2.32821856200546,2.4592929542026845,-0.05329759188437938
2022-08-08,2.328868299703619,2.4592929542026845,-0.05303339493417514
2022-08-09,2.3358849813434057,2.4592929542026845,-0.0501802652865682
2022-08-10,2.3610342097400405,2.4592929542026845,-0.039954062526275945
2022-08-11,2.356870326426656,2.4592929542026845,-0.04164718465158789
2022-08-12,2.380301567161481,2.4592929542026845,-0.032119551640326136
2022-08-15,2.379970897116418,2.4592929542026845,-0.032254009003162006
2022-08-16,2.386161718381297,2.4592929542026845,-0.029736691473219338
2022-08-17,2.380856245089136,2.4592929542026845,-0.031894007982866714
2022-08-18,2.3855531418537685,2.4592929542026845,-0.02998415142974406
2022-08-19,2.3660444528729774,2.4592929542026845,-0.037916792779955216
2022-08-22,2.3395715765894662,2.4592929542026845,-0.04868121848136328
2022-08-23,2.346006615289043,2.4592929542026845,-0.046064597029827875
2022-08-24,2.348075960738238,2.4592929542026845,-0.04522315784883936
2022-08-25,2.3742388162922548,2.4592929542026845,-0.03458479306626758
2022-08-26,2.326030347841289,2.4592929542026845,-0.054187365573370644
2022-08-29,2.319877287026617,2.4592929542026845,-0.056689328913751405
2022-08-30,2.295877669918234,2.4592929542026845,-0.06644807565735103
2022-08-31,2.277872285853484,2.4592929542026845,-0.073769441757303
2022-09-01,2.2776168965839445,2.4592929542026845,-0.07387328838082256
2022-09-02,2.269704494931797,2.4592929542026845,-0.07709063653718033
2022-09-06,2.2567010817362245,2.4592929542026845,-0.08237809656643418
2022-09-07,2.2814083393157545,2.4592929542026845,-0.07233160839295011
2022-09-08,2.2862933545944704,2.4592929542026845,-0.07034525891377648
2022-09-09,2.305896071636438,2.4592929542026845,-0.06237438378543181
2022-09-12,2.3266225093623154,2.4592929542026845,-0.053946580302134645
2022-09-13,2.259891008968793,2.4592929542026845,-0.08108100537316372
2022-09-14,2.277156435705338,2.4592929542026845,-0.0740605214137231
2022-09-15,2.2559066432529393,2.4592929542026845,-0.08270113188515356
2022-09-16,2.247523626897004,2.4592929542026845,-0.08610984183229906
2022-09-19,2.2600936275249155,2.4592929542026845,-0.0809986164264641
2022-09-20,2.2463234149776987,2.4592929542026845,-0.08659787312489234
2022-09-21,2.2238992556217867,2.4592929542026845,-0.09571600576443469
2022-09-22,2.212486635084686,2.4592929542026845,-0.10035661619581814
2022-09-23,2.1779745764500746,2.4592929542026845,-0.1143899417399074
2022-09-26,2.150988122968815,2.4592929542026845,-0.12536319868155904
2022-09-27,2.14065077413242,2.4592929542026845,-0.129566581128831
2022-09-28,2.177349832122657,2.4592929542026845,-0.11464397586233678
2022-09-29,2.146718457306588,2.4592929542026845,-0.12709933412444338
2022-09-30,2.118202448640125,2.4592929542026845,-0.13869454022533992
2022-10-03,2.1688616132491836,2.4592929542026845,-0.11809546335550748
2022-10-04,2.214542382207509,2.4592929542026845,-0.09952070637901082
2022-10-05,2.2145701559758866,2.4592929542026845,-0.09950941298335003
2022-10-06,2.199277681572444,2.4592929542026845,-0.10572765322077644
2022-10-07,2.1620659042596153,2.4592929542026845,-0.1208587408975161
2022-10-10,2.1437055943201324,2.4592929542026845,-0.12832442728843874
2022-10-11,2.13420334822039,2.4592929542026845,-0.13218823948027372
2022-10-12,2.1434849430712144,2.4592929542026845,-0.1284141487055399
2022-10-13,2.187001877969238,2.4592929542026845,-0.11071925195740841
2022-10-14,2.1581572158484064,2.4592929542026845,-0.12244809543314772
2022-10-17,2.1946053621135766,2.4592929542026845,-0.107627516126854
2022-10-18,2.211929034938943,2.4592929542026845,-0.1005833480883282
2022-10-19,2.1996736457587818,2.4592929542026845,-0.10556664589317812
2022-10-20,2.1871860636814753,2.4592929542026845,-0.11064435819092062
2022-10-21,2.2309416927219363,2.4592929542026845,-0.09285240340745855
2022-10-24,2.2493399153306917,2.4592929542026845,-0.08537130093151536
2022-10-25,2.273224715444545,2.4592929542026845,-0.07565924118156306
2022-10-26,2.2826733885390547,2.4592929542026845,-0.07181721289519605
2022-10-27,2.278059419434431,2.4592929542026845,-0.07369334932568467
2022-10-28,2.323320154201764,2.4592929542026845,-0.055289387044579835
2022-10-31,2.306290235154342,2.4592929542026845,-0.06221410864731517
2022-11-01,2.3111976154597205,2.4592929542026845,-0.06021866508009302
2022-11-02,2.2728438276856355,2.4592929542026845,-0.07581411811814696
2022-11-03,2.2599715184617337,2.4592929542026845,-0.08104826852788337
2022-11-04,2.281782647529756,2.4592929542026845,-0.07217940683706729
2022-11-07,2.290133915974154,2.4592929542026845,-0.0687836062553893
2022-11-08,2.3056503175075838,2.4592929542026845,-0.06247431255903892
2022-11-09,2.26668761629928,2.4592929542026845,-0.07831736254693086
2022-11-10,2.356311080468749,2.4592929542026845,-0.041874585765778724
2022-11-11,2.3686957954970187,2.4592929542026845,-0.03683870136367622
2022-11-14,2.36291744160669,2.4592929542026845,-0.03918830102420233
2022-11-15,2.3749391189144418,2.4592929542026845,-0.034300035359386714
2022-11-16,2.3745442407921873,2.4592929542026845,-0.03446060107059232
2022-11-17,2.3746255063635426,2.4592929542026845,-0.03442755678800025
2022-11-18,2.3777236536984097,2.4592929542026845,-0.033167785222529535
2022-11-21,2.371190360772365,2.4592929542026845,-0.03582435889948011
2022-11-22,2.3998065132943642,2.4592929542026845,-0.024188432210430186
2022-11-23,2.4139469286951147,2.4592929542026845,-0.01843864328163016
2022-11-25,2.407396917120687,2.4592929542026845,-0.021102015111014946
2022-11-28,2.379064655442577,2.4592929542026845,-0.0326225058397395
2022-11-29,2.373992821704171,2.4592929542026845,-0.03468481961563152
2022-11-30,2.420132514147472,2.4592929542026845,-0.01592345474266956
2022-12-01,2.4321072432952904,2.4592929542026845,-0.011054279182533513
2022-12-02,2.4314220189525484,2.4592929542026845,-0.011332905745331167
2022-12-05,2.3928801433111846,2.4592929542026845,-0.027004839247803742
2022-12-06,2.373213252385741,2.4592929542026845,-0.035001808820637616
2022-12-07,2.379701009307812,2.4592929542026845,-0.03236375103619017
2022-12-08,2.391721555053644,2.4592929542026845,-0.02747594548814032
2022-12-09,2.3720016104504587,2.4592929542026845,-0.03549448779701242
2022-12-12,2.3989768719096944,2.4592929542026845,-0.02452578176581846
2022-12-13,2.4166905591728414,2.4592929542026845,-0.017323025692014396
2022-12-14,2.4078135911399845,2.4592929542026845,-0.0209325867317787
2022-12-15,2.3643088547208118,2.4592929542026845,-0.038622523323036576
2022-12-16,2.3471529440462477,2.4592929542026845,-0.04559847575897809
2022-12-19,2.337407962787949,2.4592929542026845,-0.04956098914789558
2022-12-20,2.343035546387061,2.4592929542026845,-0.04727269584412517
2022-12-21,2.3697564349944784,2.4592929542026845,-0.03640742313972686
2022-12-22,2.3422942583865405,2.4592929542026845,-0.04757411906385734
2022-12-23,2.3518397730116107,2.4592929542026845,-0.04369271298380579
2022-12-27,2.3500941365347785,2.4592929542026845,-0.044402525319846974
2022-12-28,2.326952108824322,2.4592929542026845,-0.05381255826078196
2022-12-29,2.352446775661415,2.4592929542026845,-0.04344589299891253
2022-12-30,2.352336743240299,2.4592929542026845,-0.043490634484845817
2023-01-03,2.339818727319939,2.4592929542026845,-0.048580721820300383
2023-01-04,2.3584766136709825,2.4592929542026845,-0.04099403463073278
2023-01-05,2.3505276127839148,2.4592929542026845,-0.044226264802206934
2023-01-06,2.3962029338481003,2.4592929542026845,-0.025653723053518127
2023-01-09,2.3812123470496673,2.4592929542026845,-0.03174920947078924
2023-01-10,2.3849107763749875,2.4592929542026845,-0.03024535068121319
2023-01-11,2.404244490936603,2.4592929542026845,-0.02238385759289432
2023-01-12,2.4138515253244286,2.4592929542026845,-0.018477436289402217
2023-01-13,2.4263920951146916,2.4592929542026845,-0.013378178078284099
2023-01-17,2.4186331539749877,2.4592929542026845,-0.016533125977616154
2023-01-18,2.389674177719867,2.4592929542026845,-0.028308451973501507
2023-01-19,2.387584724770389,2.4592929542026845,-0.029158067285051718
2023-01-20,2.3996288392858967,2.4592929542026845,-0.024260678181844023
2023-01-23,2.412719733438398,2.4592929542026845,-0.018937646564105928
2023-01-24,2.4278626126704896,2.4592929542026845,-0.012780234855096674
2023-01-25,2.4326199863478184,2.4592929542026845,-0.010845787123199226
2023-01-26,2.4486850612154782,2.4592929542026845,-0.004313391362781075
2023-01-27,2.444726092406584,2.4592929542026845,-0.0059231909607219664
2023-01-30,2.414285587280785,2.4592929542026845,-0.01830093761094484
2023-01-31,2.4392959574886435,2.4592929542026845,-0.008131197497178253
2023-02-01,2.4511561820102084,2.4592929542026845,-0.003308581915209076
2023-02-02,2.445903416543798,2.4592929542026845,-0.005444466319478134
2023-02-03,2.4407599413478835,2.4592929542026845,-0.007535911011792985
2023-02-06,2.4324933549428045,2.4592929542026845,-0.01089727810348179
2023-02-07,2.4521181792400455,2.4592929542026845,-0.0029174137023318
2023-02-08,2.439357695556877,2.4592929542026845,-0.00810609350615993
2023-02-09,2.4210815123070217,2.4592929542026845,-0.015537572223904115
2023-02-10,2.435220595862875,2.4592929542026845,-0.009788324851121136
2023-02-13,2.4537832875453964,2.4592929542026845,-0.0022403458066565674
2023-02-14,2.443183385241536,2.4592929542026845,-0.006550487990305886
2023-02-15,2.4378595393560456,2.4592929542026845,-0.008715275181027661
2023-02-16,2.4167772107929135,2.4592929542026845,-0.017287791329258194
2023-02-17,2.417170694409274,2.4592929542026845,-0.01712779265334275
2023-02-21,2.3840927108062178,2.4592929542026845,-0.03057799326751904
2023-02-22,2.3799375821623414,2.4592929542026845,-0.03226755556093173
2023-02-23,2.3908209892230707,2.4592929542026845,-0.027842134408022443
2023-02-24,2.374357094050172,2.4592929542026845,-0.034536698853776526
2023-02-27,2.3811104345255014,2.4592929542026845,-0.031790649236634036
2023-02-28,2.3763859759778767,2.4592929542026845,-0.033711712987721965
2023-03-01,2.3659471343515874,2.4592929542026845,-0.037956364528096746
2023-03-02,2.3690507898932234,2.4592929542026845,-0.036694353210440546
2023-03-03,2.405387387185093,2.4592929542026845,-0.021919132051946972
2023-03-06,2.415889375133872,2.4592929542026845,-0.017648803894891898
2023-03-07,2.3841326509444625,2.4592929542026845,-0.030561752771169688
2023-03-08,2.3791154801302317,2.4592929542026845,-0.032601839457734205
2023-03-09,2.3482373766505673,2.4592929542026845,-0.04515752275967543
2023-03-10,2.359687410576777,2.4592929542026845,-0.040501699261038214
2023-03-13,2.367738858607865,2.4592929542026845,-0.03722781193609439
2023-03-14,2.3816830731161587,2.4592929542026845,-0.031557802397594925
2023-03-15,2.3626140628940173,2.4592929542026845,-0.0393116611599495
2023-03-16,2.376634269267091,2.4592929542026845,-0.033610751738355565
2023-03-17,2.365364860360472,2.4592929542026845,-0.0381931293226773
2023-03-20,2.3869395997038834,2.4592929542026845,-0.029420388642661086
2023-03-21,2.4062172812383675,2.4592929542026845,-0.021581679756214455
2023-03-22,2.3859358682319955,2.4592929542026845,-0.029828526872054433
2023-03-23,2.3879103469970517,2.4592929542026845,-0.029025662470852455
2023-03-24,2.3939404112987424,2.4592929542026845,-0.026573712087558002
2023-03-27,2.399644953185959,2.4592929542026845,-0.024254125932737326
2023-03-28,2.4028793587867305,2.4592929542026845,-0.02293894890380943
2023-03-29,2.421960631060174,2.4592929542026845,-0.015180104134691836
2023-03-30,2.4316034211573534,2.4592929542026845,-0.011259143811237467
2023-03-31,2.451761432327028,2.4592929542026845,-0.0030624744655922465
2023-04-03,2.482153928325459,2.482153928325459,0.0
2023-04-04,2.4819365688823063,2.482153928325459,-8.756888147518996e-05
2023-04-05,2.503273369662134,2.503273369662134,0.0
2023-04-06,2.4985888399671183,2.503273369662134,-0.001871361614671676
2023-04-10,2.4839031612707245,2.503273369662134,-0.007737951686045276
2023-04-11,2.4873175391025244,2.503273369662134,-0.00637398645828403
2023-04-12,2.485408124134078,2.503273369662134,-0.0071367537179796514
2023-04-13,2.5109584654966834,2.5109584654966834,0.0
2023-04-14,2.524550801034777,2.524550801034777,0.0
2023-04-17,2.521121652641371,2.524550801034777,-0.0013583202176007437
2023-04-18,2.527363424319442,2.527363424319442,0.0
2023-04-19,2.5298756445415527,2.5298756445415527,0.0
2023-04-20,2.5302425677553146,2.5302425677553146,0.0
2023-04-21,2.5216198286313127,2.5302425677553146,-0.0034078705472303816
2023-04-24,2.5343506220596774,2.5343506220596774,0.0
2023-04-25,2.523619169426512,2.5343506220596774,-0.0042343993525426026
2023-04-26,2.5023276683367563,2.5343506220596774,-0.012635565672793881
2023-04-27,2.5236689420856866,2.5343506220596774,-0.004214760136586699
2023-04-28,2.5444136990524067,2.5444136990524067,0.0
2023-05-01,2.530820627766575,2.5444136990524067,-0.0053423196435760404
2023-05-02,2.5229168219741243,2.5444136990524067,-0.008448656398245418
2023-05-03,2.5043557363893254,2.5444136990524067,-0.015743494337418357
2023-05-04,2.4873024773240338,2.5444136990524067,-0.02244572954061768
2023-05-05,2.5180818835543404,2.5444136990524067,-0.010348873497997913
2023-05-08,2.5148112854840856,2.5444136990524067,-0.011634276917839899
2023-05-09,2.504927260751247,2.5444136990524067,-0.015518875061812896
2023-05-10,2.510098453577121,2.5444136990524067,-0.013486503978525768
2023-05-11,2.5043491235265054,2.5444136990524067,-0.01574609331054229
2023-05-12,2.495388663456617,2.5444136990524067,-0.019267714056895584
2023-05-15,2.4930079337732236,2.5444136990524067,-0.020203383317079156
2023-05-16,2.4725149671191673,2.5444136990524067,-0.02825748499939926
2023-05-17,2.4908246874702984,2.5444136990524067,-0.02106143808377779
2023-05-18,2.494191762311606,2.5444136990524067,-0.01973811757085896
2023-05-19,2.4965396145621597,2.5444136990524067,-0.01881536972862405
2023-05-22,2.478508902919754,2.5444136990524067,-0.025901761241576875
2023-05-23,2.471916488181583,2.5444136990524067,-0.02849269790436328
2023-05-24,2.463875579053068,2.5444136990524067,-0.031652918717318956
2023-05-25,2.4533009930673897,2.5444136990524067,-0.03580891975976598
2023-05-26,2.4652874600234402,2.5444136990524067,-0.03109802429472641
2023-05-30,2.469701707948926,2.5444136990524067,-0.029363146068308442
2023-05-31,2.462379463098206,2.5444136990524067,-0.03224091899236042
2023-06-01,2.482392000069226,2.5444136990524067,-0.024375634750857914
2023-06-02,2.504986148499301,2.5444136990524067,-0.015495731125716427
2023-06-05,2.4994435244992133,2.5444136990524067,-0.017674081290295383
2023-06-06,2.5022388567203624,2.5444136990524067,-0.01657546583236487
2023-06-07,2.5005805136010997,2.5444136990524067,-0.017227224278674253
2023-06-08,2.5184099143601006,2.5444136990524067,-0.010219951536179191
2023-06-09,2.5167067805523224,2.5444136990524067,-0.010889313522562335
2023-06-12,2.5206972055155497,2.5444136990524067,-0.009321005285299923
2023-06-13,2.5217666849763756,2.5444136990524067,-0.008900680767622543
2023-06-14,2.5247191303806082,2.5444136990524067,-0.007740317024363252
2023-06-15,2.5517514144761666,2.5517514144761666,0.0
2023-06-16,2.548421878856098,2.5517514144761666,-0.0013048040656233584
2023-06-20,2.5345936754882916,2.5517514144761666,-0.006723906917632566
2023-06-21,2.5349576652326307,2.5517514144761666,-0.006581263812871609
2023-06-22,2.532062168842585,2.5517514144761666,-0.007715973241705218
2023-06-23,2.5251492457464746,2.5517514144761666,-0.010425062793647166
2023-06-26,2.525533822089934,2.5517514144761666,-0.010274352053847885
2023-06-27,2.5309579611158926,2.5517514144761666,-0.008148698671160573
2023-06-28,2.531333293880582,2.5517514144761666,-0.00800161037621134
2023-06-29,2.541651086193879,2.5517514144761666,-0.003958194448325998
2023-06-30,2.568502297257353,2.568502297257353,0.0
2023-07-03,2.565834076186544,2.568502297257353,-0.0010388237042490613
2023-07-05,2.5568379916514603,2.568502297257353,-0.004541286810740975
2023-07-06,2.5297399668268747,2.568502297257353,-0.015091413572753544
2023-07-07,2.522004044642271,2.568502297257353,-0.018103255217927088
2023-07-10,2.5246257644493872,2.568502297257353,-0.01708253594120478
2023-07-11,2.5367239169186804,2.568502297257353,-0.012372338686481067
2023-07-12,2.553679401664271,2.568502297257353,-0.005771026799901997
2023-07-13,2.5609927652966253,2.568502297257353,-0.002923700698553533
2023-07-14,2.554105690677738,2.568502297257353,-0.005605058868348202
2023-07-17,2.5681432495933,2.568502297257353,-0.00013978872607454474
2023-07-18,2.5730755329662798,2.5730755329662798,0.0
2023-07-19,2.5882518592443,2.5882518592443,0.0
2023-07-20,2.610540195830161,2.610540195830161,0.0
2023-07-21,2.6104019172848427,2.610540195830161,-5.296932241801495e-05
2023-07-24,2.6240061289866596,2.6240061289866596,0.0
2023-07-25,2.6270499668428444,2.6270499668428444,0.0
2023-07-26,2.635503375593093,2.635503375593093,0.0
2023-07-27,2.6156305555785075,2.635503375593093,-0.007540426697466583
2023-07-28,2.6271906706068764,2.635503375593093,-0.0031541242038234624
2023-07-31,2.6264667116463296,2.635503375593093,-0.003428818961284685
2023-08-01,2.613638235133099,2.635503375593093,-0.008296381124942917
2023-08-02,2.594183155776178,2.635503375593093,-0.015678302748375894
2023-08-03,2.5906267332963644,2.635503375593093,-0.01702773091179577
2023-08-04,2.5728214356002272,2.635503375593093,-0.023783669022529645
2023-08-07,2.577316489296709,2.635503375593093,-0.022078092115245175
2023-08-08,2.5778368739475757,2.635503375593093,-0.021880640404241595
2023-08-09,2.574619704470188,2.635503375593093,-0.023101344390880768
2023-08-10,2.567447848542466,2.635503375593093,-0.025822591494617873
2023-08-11,2.577922772055826,2.635503375593093,-0.021848047728001523
2023-08-14,2.579678300308275,2.635503375593093,-0.02118194034650215
2023-08-15,2.5499003013411095,2.635503375593093,-0.03248073026380376
2023-08-16,2.533968984381965,2.635503375593093,-0.038525616074492286
2023-08-17,2.531611274009008,2.635503375593093,-0.03942021192088397
2023-08-18,2.5383489097031164,2.635503375593093,-0.0368637228051787
2023-08-21,2.5245965009969127,2.635503375593093,-0.04208185640104591
2023-08-22,2.5164228754098064,2.635503375593093,-0.045183209130395745
2023-08-23,2.5354615409459695,2.635503375593093,-0.03795928913375422
2023-08-24,2.518183598244597,2.635503375593093,-0.04451513074692775
2023-08-25,2.5362215925262177,2.635503375593093,-0.03767089960358444
2023-08-28,2.5431991780516894,2.635503375593093,-0.03502336532603815
2023-08-29,2.5653368695012073,2.635503375593093,-0.02662356904630996
2023-08-30,2.5738150615380047,2.635503375593093,-0.02340665340305475
2023-08-31,2.564116761972943,2.635503375593093,-0.027086519517010816
2023-09-01,2.565219129574983,2.635503375593093,-0.02666824359589111
2023-09-05,2.551366979349727,2.635503375593093,-0.03192422253089775
2023-09-06,2.533855477404922,2.635503375593093,-0.03856868449857189
2023-09-07,2.5222016880868803,2.635503375593093,-0.04299053021729306
2023-09-08,2.5309690692223548,2.635503375593093,-0.03966388635234203
2023-09-11,2.537990620674425,2.635503375593093,-0.03699966990052662
2023-09-12,2.5430822606796704,2.635503375593093,-0.03506772777045836
2023-09-13,2.53775399586303,2.635503375593093,-0.03708945343622082
2023-09-14,2.555108967971557,2.635503375593093,-0.030504384234925984
2023-09-15,2.5369432080934367,2.635503375593093,-0.037397094009593665
2023-09-18,2.5533564097229835,2.635503375593093,-0.031169364695510272
2023-09-19,2.5495741676726884,2.635503375593093,-0.032604476517153806
2023-09-20,2.540444984762102,2.635503375593093,-0.03606840033342741
2023-09-21,2.5076335341867138,2.635503375593093,-0.04851818540266656
2023-09-22,2.507570327117753,2.635503375593093,-0.04854216832355595
2023-09-25,2.5032065455961208,2.635503375593093,-0.050197936083918
2023-09-26,2.4799361502490544,2.635503375593093,-0.05902751891146022
2023-09-27,2.476870250079626,2.635503375593093,-0.060190826155845256
2023-09-28,2.4792718442987365,2.635503375593093,-0.05927957927930873
2023-09-29,2.4647268282364645,2.635503375593093,-0.06479845517867985
2023-10-02,2.4490791761115074,2.635503375593093,-0.070735708862309
2023-10-03,2.430469563777635,2.635503375593093,-0.0777968314190899
2023-10-04,2.4303955096534087,2.635503375593093,-0.07782493008324336
2023-10-05,2.413321147693003,2.635503375593093,-0.08430352620970943
2023-10-06,2.4241953033126107,2.635503375593093,-0.0801775001456523
2023-10-09,2.451540625767844,2.635503375593093,-0.06980175078844293
2023-10-10,2.45805113327884,2.635503375593093,-0.06733144186329074
2023-10-11,2.4543887939456166,2.635503375593093,-0.06872105849863251
2023-10-12,2.4391950908953284,2.635503375593093,-0.07448606839806739
2023-10-13,2.465587644541385,2.635503375593093,-0.06447183207020947
2023-10-16,2.4665418089273525,2.635503375593093,-0.06410978951135564
2023-10-17,2.4652382794877647,2.635503375593093,-0.06460439310460449
2023-10-18,2.4547860995683934,2.635503375593093,-0.06857030717482233
2023-10-19,2.448676606633799,2.635503375593093,-0.07088845747247449
2023-10-20,2.43541033146287,2.635503375593093,-0.07592213540048834
2023-10-23,2.42316621925928,2.635503375593093,-0.08056796978528949
2023-10-24,2.4360274267980384,2.635503375593093,-0.07568798835257215
2023-10-25,2.4242641315973605,2.635503375593093,-0.08015138434349196
2023-10-26,2.4093457981143724,2.635503375593093,-0.08581190962346087
2023-10-27,2.3862303266160954,2.635503375593093,-0.09458270905113195
2023-10-30,2.4030196057854534,2.635503375593093,-0.0882122830729904
2023-10-31,2.4106423086052833,2.635503375593093,-0.08531996925908207
2023-11-01,2.4246731025965578,2.635503375593093,-0.07999620677742067
2023-11-02,2.4666856193054794,2.635503375593093,-0.06405522294184994
2023-11-03,2.4711665483831626,2.635503375593093,-0.062355005397383735
2023-11-06,2.4698311624825253,2.635503375593093,-0.06286169642005669
2023-11-07,2.472964429242609,2.635503375593093,-0.06167282799017706
2023-11-08,2.4733080944937424,2.635503375593093,-0.06154242965553029
2023-11-09,2.4550237326618967,2.635503375593093,-0.0684801410624569
2023-11-10,2.472185959758731,2.635503375593093,-0.06196820590207338
2023-11-13,2.474074325006213,2.635503375593093,-0.061251695627425294
2023-11-14,2.5020807680385952,2.635503375593093,-0.050625094541748544
2023-11-15,2.5023471673540514,2.635503375593093,-0.05052401354222367
2023-11-16,2.515331016793802,2.635503375593093,-0.04559749758326427
2023-11-17,2.527599888466115,2.635503375593093,-0.04094226861033543
2023-11-20,2.537522211477999,2.635503375593093,-0.037177400348821096
2023-11-21,2.5440317360535003,2.635503375593093,-0.03470746438296932
2023-11-22,2.547030064207333,2.635503375593093,-0.03356979626931795
2023-11-24,2.5494172197402207,2.635503375593093,-0.032664027923507956
2023-11-27,2.5502781037210136,2.635503375593093,-0.0323373791365
2023-11-28,2.5584331678473964,2.635503375593093,-0.029243069259341305
2023-11-29,2.5568962404816493,2.635503375593093,-0.02982623199780723
2023-11-30,2.568068666666762,2.635503375593093,-0.02558703189334959
2023-12-01,2.594902019017217,2.635503375593093,-0.015405541480947308
2023-12-04,2.583079319745354,2.635503375593093,-0.019891477405503847
2023-12-05,2.5890456405822335,2.635503375593093,-0.017627651491967693
2023-12-06,2.579447363462758,2.635503375593093,-0.021269565673661874
2023-12-07,2.5808632501447804,2.635503375593093,-0.020732329904914824
2023-12-08,2.58221314650461,2.635503375593093,-0.020220133118399247
2023-12-11,2.5801624422238887,2.635503375593093,-0.020998240367174792
2023-12-12,2.584863933103414,2.635503375593093,-0.01921433414149322
2023-12-13,2.617810898195943,2.635503375593093,-0.00671313023576324
2023-12-14,2.6417006415674154,2.6417006415674154,0.0
2023-12-15,2.631822796983861,2.6417006415674154,-0.0037391990705251464
2023-12-18,2.6371378160907932,2.6417006415674154,-0.0017272303321677039
2023-12-19,2.654781606917602,2.654781606917602,0.0
2023-12-20,2.6241359313086163,2.654781606917602,-0.011543576891271052
2023-12-21,2.6361217564868267,2.654781606917602,-0.007028770420193089
2023-12-22,2.638499307901029,2.654781606917602,-0.0061331971617347835
2023-12-26,2.647900807240464,2.654781606917602,-0.002591851495131735
2023-12-27,2.6577605957774866,2.6577605957774866,0.0
2023-12-28,2.651956996040415,2.6577605957774866,-0.0021836427804265914
2023-12-29,2.6459600062464,2.6577605957774866,-0.004440049848671403
2024-01-02,2.6531217779772684,2.6577605957774866,-0.0017453858739526979
2024-01-03,2.6507386471801184,2.6577605957774866,-0.00264205459608524
2024-01-04,2.638266451169817,2.6577605957774866,-0.007334800823912069
2024-01-05,2.6374757197255483,2.6577605957774866,-0.007632318758945355
2024-01-08,2.648106054999652,2.6577605957774866,-0.0036325848133851573
2024-01-09,2.6377322277675814,2.6577605957774866,-0.00753580591183615
2024-01-10,2.6382189312909223,2.6577605957774866,-0.007352680492596301
2024-01-11,2.6344549217491093,2.6577605957774866,-0.008768913974194704
2024-01-12,2.645428969661952,2.6577605957774866,-0.004639855875328454
2024-01-16,2.615631492091199,2.6577605957774866,-0.015851353862804722
2024-01-17,2.603692474884356,2.6577605957774866,-0.0203434880399052
2024-01-18,2.619384860178039,2.6577605957774866,-0.014439124299012033
2024-01-19,2.635896115648576,2.6577605957774866,-0.008226655238868353
2024-01-22,2.6406659445424476,2.6577605957774866,-0.006431975574548758
2024-01-23,2.6401863408324324,2.6577605957774866,-0.0066124296420735675
2024-01-24,2.6364494224421944,2.6577605957774866,-0.008018469898737416
2024-01-25,2.656874490804093,2.6577605957774866,-0.00033340285607412256
2024-01-26,2.6552079654342147,2.6577605957774866,-0.0009604440472657316
2024-01-29,2.6658181834099675,2.6658181834099675,0.0
2024-01-30,2.674730119466862,2.674730119466862,0.0
2024-01-31,2.6536950768394933,2.674730119466862,-0.007864360772054808
2024-02-01,2.6770457352679493,2.6770457352679493,0.0
2024-02-02,2.662646077515033,2.6770457352679493,-0.005378936027581502
2024-02-05,2.649875660072059,2.6770457352679493,-0.010149275687727773
2024-02-06,2.666339920542189,2.6770457352679493,-0.003999115362401089
2024-02-07,2.668251591578649,2.6770457352679493,-0.003285018097914643
2024-02-08,2.664526341373127,2.6770457352679493,-0.004676570792156892
2024-02-09,2.6584670098274277,2.6770457352679493,-0.0069400104733967375
2024-02-12,2.6639957027208006,2.6770457352679493,-0.004874788792445701
2024-02-13,2.6347287612873713,2.6770457352679493,-0.01580734069018153
2024-02-14,2.63746808243052,2.6770457352679493,-0.014784077954300635
2024-02-15,2.665012004651574,2.6770457352679493,-0.004495153167478726
2024-02-16,2.657842454688881,2.6770457352679493,-0.007173310611051783
2024-02-20,2.665216347630682,2.6770457352679493,-0.00441882164410734
2024-02-21,2.678234104245416,2.678234104245416,0.0
2024-02-22,2.6976748029672457,2.6976748029672457,0.0
2024-02-23,2.702873775360162,2.702873775360162,0.0
2024-02-26,2.69263882609924,2.702873775360162,-0.0037866915407687215
2024-02-27,2.691065343801411,2.702873775360162,-0.004368843142583574
2024-02-28,2.695304814673,2.702873775360162,-0.0028003382015698124
2024-02-29,2.7006260566737508,2.702873775360162,-0.0008316032760767268
2024-03-01,2.711905178836627,2.711905178836627,0.0
2024-03-04,2.701687132337193,2.711905178836627,-0.003767847998217089
2024-03-05,2.7017120416592832,2.711905178836627,-0.00375866282379259
2024-03-06,2.7104023422062324,2.711905178836627,-0.0005541626757906524
2024-03-07,2.7124442906498523,2.7124442906498523,0.0
2024-03-08,2.7218096096002937,2.7218096096002937,0.0
2024-03-11,2.7358873175834493,2.7358873175834493,0.0
2024-03-12,2.73921380117177,2.73921380117177,0.0
2024-03-13,2.741926440990583,2.741926440990583,0.0
2024-03-14,2.7334793250109315,2.741926440990583,-0.0030807230468953865
2024-03-15,2.727091126738629,2.741926440990583,-0.005410544218171788
2024-03-18,2.7365545453964875,2.741926440990583,-0.00195916838387351
2024-03-19,2.7474504214950035,2.7474504214950035,0.0
2024-03-20,2.765831990374483,2.765831990374483,0.0
2024-03-21,2.757955832015275,2.765831990374483,-0.002847663338416142
2024-03-22,2.754400875117013,2.765831990374483,-0.004132975284562397
2024-03-25,2.7498027235479716,2.765831990374483,-0.005795459334585569
2024-03-26,2.7499833235331184,2.765831990374483,-0.005730162532113379
2024-03-27,2.7838981283076443,2.7838981283076443,0.0
2024-03-28,2.790918495372755,2.790918495372755,0.0
2024-04-01,2.780546700531403,2.790918495372755,-0.0037162657593004063
2024-04-02,2.782640993282794,2.790918495372755,-0.002965870233646958
2024-04-03,2.777243809360991,2.790918495372755,-0.004899708119185836
2024-04-04,2.763351916636932,2.790918495372755,-0.009877242485413832
2024-04-05,2.778531658974255,2.790918495372755,-0.004438265187262532
2024-04-08,2.774778094134497,2.790918495372755,-0.005783186167929302
2024-04-09,2.786547872249451,2.790918495372755,-0.0015660160375697712
2024-04-10,2.758809995110427,2.790918495372755,-0.011504635594182633
2024-04-11,2.777764985970864,2.790918495372755,-0.0047129679435995425
2024-04-12,2.7392291202643992,2.790918495372755,-0.0185205605946769
2024-04-15,2.726118151494357,2.790918495372755,-0.02321828601796664
2024-04-16,2.7026882624311472,2.790918495372755,-0.031613331986545014
2024-04-17,2.7010471599099786,2.790918495372755,-0.03220134719511866
2024-04-18,2.7043254485343113,2.790918495372755,-0.03102672005005224
2024-04-19,2.724151296888689,2.790918495372755,-0.023923019821167592
2024-04-22,2.733519887985231,2.790918495372755,-0.020566206961145146
2024-04-23,2.7468067031643906,2.790918495372755,-0.01580547489348043
2024-04-24,2.7524611796563345,2.790918495372755,-0.013779447798343517
2024-04-25,2.750977521126423,2.790918495372755,-0.014311050040534122
2024-04-26,2.7450275203305203,2.790918495372755,-0.016442964965949425
2024-04-29,2.764713844301043,2.790918495372755,-0.009389257018848235
2024-04-30,2.7296193388639174,2.790918495372755,-0.021963793142103324
2024-05-01,2.742241198974228,2.790918495372755,-0.017441317788115973
2024-05-02,2.7511503248868636,2.790918495372755,-0.014249133592337234
2024-05-03,2.775923152601252,2.790918495372755,-0.005372906015121674
2024-05-06,2.7857061508812397,2.790918495372755,-0.0018676089968793323
2024-05-07,2.787586851713837,2.790918495372755,-0.0011937445197492023
2024-05-08,2.7939790902009665,2.7939790902009665,0.0
2024-05-09,2.819168446238307,2.819168446238307,0.0
2024-05-10,2.8211786621575663,2.8211786621575663,0.0
2024-05-13,2.8290433778175066,2.8290433778175066,0.0
2024-05-14,2.8426354654940496,2.8426354654940496,0.0
2024-05-15,2.8677911096341737,2.8677911096341737,0.0
2024-05-16,2.8688855790606875,2.8688855790606875,0.0
2024-05-17,2.8816462987523264,2.8816462987523264,0.0
2024-05-20,2.857915855109035,2.8816462987523264,-0.008235029973514132
2024-05-21,2.86915788548913,2.8816462987523264,-0.00433377728161972
2024-05-22,2.85574758523933,2.8816462987523264,-0.008987471336856945
2024-05-23,2.813621804883511,2.8816462987523264,-0.023606121923522752
2024-05-24,2.8227178251859333,2.8816462987523264,-0.020449585916185304
2024-05-28,2.816744448711131,2.8816462987523264,-0.02252249003262345
2024-05-29,2.8005373654304457,2.8816462987523264,-0.028146734509713618
2024-05-30,2.8109348393671363,2.8816462987523264,-0.024538563048423466
2024-05-31,2.8409253941686585,2.8816462987523264,-0.014131125183995992
2024-06-03,2.8460747205338817,2.8816462987523264,-0.012344186111198386
2024-06-04,2.8436532652604396,2.8816462987523264,-0.013184488848730915
2024-06-05,2.850993177293367,2.8816462987523264,-0.010637364298398223
2024-06-06,2.854983659586697,2.8816462987523264,-0.009252571759821275
2024-06-07,2.841653617126072,2.8816462987523264,-0.01387841444786964
2024-06-10,2.8356163179191927,2.8816462987523264,-0.01597350127705243
2024-06-11,2.853609413440997,2.8816462987523264,-0.009729467951520805
2024-06-12,2.8541837025119117,2.8816462987523264,-0.009530175945710354
2024-06-13,2.8610253831233465,2.8816462987523264,-0.007155949582677138
2024-06-14,2.863643725335378,2.8816462987523264,-0.006247322381217584
2024-06-17,2.869286701174924,2.8816462987523264,-0.004289075166079058
2024-06-18,2.877398025404516,2.8816462987523264,-0.001474252183430555
2024-06-20,2.8842633661960693,2.8842633661960693,0.0
2024-06-21,2.872753082807777,2.8842633661960693,-0.003990718574175393
2024-06-24,2.898728430911777,2.898728430911777,0.0
2024-06-25,2.8946740113116425,2.898728430911777,-0.0013986890102910907
2024-06-26,2.893090045678944,2.898728430911777,-0.0019451236523938462
2024-06-27,2.902071146670656,2.902071146670656,0.0
2024-06-28,2.8937738829604776,2.902071146670656,-0.0028590834927314695
2024-07-01,2.903537867286306,2.903537867286306,0.0
2024-07-02,2.9164300471252913,2.9164300471252913,0.0
2024-07-03,2.9308704577866025,2.9308704577866025,0.0
2024-07-05,2.944060165030506,2.944060165030506,0.0
2024-07-08,2.9328126323124235,2.944060165030506,-0.0038204153745499277
2024-07-09,2.9362816864911596,2.944060165030506,-0.002642092247889178
2024-07-10,2.959614077064649,2.959614077064649,0.0
2024-07-11,2.964019732869511,2.964019732869511,0.0
2024-07-12,2.9720949714454123,2.9720949714454123,0.0
2024-07-15,2.9886134349716063,2.9886134349716063,0.0
2024-07-16,3.022750062912369,3.022750062912369,0.0
2024-07-17,3.0366415571550855,3.0366415571550855,0.0
2024-07-18,3.009361273011563,3.0366415571550855,-0.008983702432459809
2024-07-19,2.9879279028051657,3.0366415571550855,-0.01604195076469868
2024-07-22,2.9844830948581116,3.0366415571550855,-0.017176364518253925
2024-07-23,2.9770276012507515,3.0366415571550855,-0.019631541880163198
2024-07-24,2.969207896027597,3.0366415571550855,-0.022206658197309482
2024-07-25,2.980123741653104,3.0366415571550855,-0.018611948245525173
2024-07-26,3.0058467575178205,3.0366415571550855,-0.010141071660138756
2024-07-29,2.995545137684698,3.0366415571550855,-0.013533510194363873
2024-07-30,3.0254770896089327,3.0366415571550855,-0.0036765839286650687
2024-07-31,3.031744795609715,3.0366415571550855,-0.0016125582994253435
2024-08-01,3.022047778807148,3.0366415571550855,-0.004805894299098671
2024-08-02,3.027971550586115,3.0366415571550855,-0.0028551300526537143
2024-08-05,2.9676450737885616,3.0366415571550855,-0.02272131302555319
2024-08-06,2.959048462247107,3.0366415571550855,-0.025552273275438093
2024-08-07,2.9654447987742443,3.0366415571550855,-0.023445888176391427
2024-08-08,3.002107262084178,3.0366415571550855,-0.011372529296233903
2024-08-09,3.020458365776862,3.0366415571550855,-0.0053293057720598235
2024-08-12,3.027843261657273,3.0366415571550855,-0.002897377030582205
2024-08-13,3.040289176404688,3.040289176404688,0.0
2024-08-14,3.050144828659914,3.050144828659914,0.0
2024-08-15,3.0665495252397417,3.0665495252397417,0.0
2024-08-16,3.085860583301504,3.085860583301504,0.0
2024-08-19,3.0937342125932767,3.0937342125932767,0.0
2024-08-20,3.087637037810475,3.0937342125932767,-0.0019708140272627745
2024-08-21,3.0902984011732735,3.0937342125932767,-0.0011105709747196567
2024-08-22,3.083124733078986,3.0937342125932767,-0.0034293442116339235
2024-08-23,3.1132726893731593,3.1132726893731593,0.0
2024-08-26,3.130037111016112,3.130037111016112,0.0
2024-08-27,3.1331407627953913,3.1331407627953913,0.0
2024-08-28,3.126804988193955,3.1331407627953913,-0.002022180004381138
2024-08-29,3.1426794136713045,3.1426794136713045,0.0
2024-08-30,3.148226274895275,3.148226274895275,0.0
2024-09-03,3.1240542349953633,3.148226274895275,-0.007677986837434669
2024-09-04,3.116732650447023,3.148226274895275,-0.010003608920804022
2024-09-05,3.1048939713418067,3.148226274895275,-0.013764037197392982
2024-09-06,3.080091352276169,3.148226274895275,-0.021642320681467736
2024-09-09,3.1128904573844722,3.148226274895275,-0.011224039959446175
2024-09-10,3.083421099452917,3.148226274895275,-0.02058466253176606
2024-09-11,3.081799852745939,3.148226274895275,-0.021099633999956343
2024-09-12,3.094725557900355,3.148226274895275,-0.01699392366474664
2024-09-13,3.102323349605774,3.148226274895275,-0.014580567367581702
2024-09-16,3.114998069242821,3.148226274895275,-0.010554579865311402
2024-09-17,3.118215265162822,3.148226274895275,-0.009532672404067076
2024-09-18,3.111978073439434,3.148226274895275,-0.01151384884399619
2024-09-19,3.138900928616541,3.148226274895275,-0.0029620953084270804
2024-09-20,3.143322886916504,3.148226274895275,-0.0015575081174665883
2024-09-23,3.1472734636938102,3.148226274895275,-0.0003026501649715914
2024-09-24,3.151363942249461,3.151363942249461,0.0
2024-09-25,3.1300515480324758,3.151363942249461,-0.006762911110092975
2024-09-26,3.130672244135683,3.151363942249461,-0.006565950011793397
2024-09-27,3.1434810452302866,3.151363942249461,-0.002501423879828867
2024-09-30,3.1564377223246534,3.1564377223246534,0.0
2024-10-01,3.1493729221199973,3.1564377223246534,-0.002238219418900167
2024-10-02,3.147152493559165,3.1564377223246534,-0.002941679697912796
2024-10-03,3.135701687935685,3.1564377223246534,-0.006569441951066518
2024-10-04,3.154270969788746,3.1564377223246534,-0.0006864550251007288
2024-10-07,3.1302930395539583,3.1564377223246534,-0.008282971206997235
2024-10-08,3.129599747897538,3.1564377223246534,-0.008502614905815347
2024-10-09,3.1441609412320544,3.1564377223246534,-0.0038894418875330744
2024-10-10,3.1441250455420136,3.1564377223246534,-0.0039008141030489802
2024-10-11,3.1697155611301717,3.1697155611301717,0.0
2024-10-14,3.1839273615016612,3.1839273615016612,0.0
2024-10-15,3.1872698921542253,3.1872698921542253,0.0
2024-10-16,3.1941521069452277,3.1941521069452277,0.0
2024-10-17,3.1879268079322975,3.1941521069452277,-0.0019489676147213199
2024-10-18,3.2040945840567923,3.2040945840567923,0.0
2024-10-21,3.1837206685099835,3.2040945840567923,-0.0063587122702891035
2024-10-22,3.192716057480367,3.2040945840567923,-0.0035512455322147746
2024-10-23,3.1694734203193784,3.2040945840567923,-0.010805287680858365
2024-10-24,3.1667676256273154,3.2040945840567923,-0.01164976796103696
2024-10-25,3.152654310825515,3.2040945840567923,-0.01605454267400157
2024-10-28,3.160208155388765,3.2040945840567923,-0.013696982881342277
2024-10-29,3.1460051519565115,3.2040945840567923,-0.018129749474103257
2024-10-30,3.146248991214958,3.2040945840567923,-0.01805364708322509
2024-10-31,3.1163868313187217,3.2040945840567923,-0.02737364657538334
2024-11-01,3.1003224473491464,3.2040945840567923,-0.03238735124237721
2024-11-04,3.1073590805858458,3.2040945840567923,-0.030191213440543013
2024-11-05,3.1235033137930155,3.2040945840567923,-0.025152587774652378
2024-11-06,3.150014926131883,3.2040945840567923,-0.016878296350552078
2024-11-07,3.153089333543876,3.2040945840567923,-0.01591877180115482
2024-11-08,3.155977693619007,3.2040945840567923,-0.015017312746386841
2024-11-11,3.137642961381113,3.2040945840567923,-0.020739594581987354
2024-11-12,3.1201490579921525,3.2040945840567923,-0.026199453187912464
2024-11-13,3.1207881654429936,3.2040945840567923,-0.02599998733755296
2024-11-14,3.12002634628748,3.2040945840567923,-0.02623775159061345
2024-11-15,3.10972351295421,3.2040945840567923,-0.02945327256322641
2024-11-18,3.1301311631778557,3.2040945840567923,-0.023084031678393672
2024-11-19,3.129088613304522,3.2040945840567923,-0.02340941217075527
2024-11-20,3.136043210633668,3.2040945840567923,-0.02123887782893174
2024-11-21,3.1629276063902294,3.2040945840567923,-0.01284824045813286
2024-11-22,3.1776260087017163,3.2040945840567923,-0.00826085955351648
2024-11-25,3.184003612803006,3.2040945840567923,-0.006270405172730175
2024-11-26,3.1829066294419412,3.2040945840567923,-0.006612774391954547
2024-11-27,3.185316157188657,3.2040945840567923,-0.005860759217775451
2024-11-29,3.200145683035437,3.2040945840567923,-0.0012324545726597534
2024-12-02,3.1929735005214073,3.2040945840567923,-0.003470897391956601
2024-12-03,3.1855819254005744,3.2040945840567923,-0.005777812786281261
2024-12-04,3.1671989087189663,3.2040945840567923,-0.011515164228114445
2024-12-05,3.171601570184994,3.2040945840567923,-0.010141090726060335
2024-12-06,3.168605371731788,3.2040945840567923,-0.011076206208641469
2024-12-09,3.1664129935117153,3.2040945840567923,-0.011760448874566998
2024-12-10,3.168799316394282,3.2040945840567923,-0.011015675953555074
2024-12-11,3.159728138712759,3.2040945840567923,-0.01384679639758317
2024-12-12,3.1523514404930735,3.2040945840567923,-0.01614906870140062
2024-12-13,3.134287757698096,3.2040945840567923,-0.021786755829883164
2024-12-16,3.122770027129789,3.2040945840567923,-0.025381447018344844
2024-12-17,3.1330153404779257,3.2040945840567923,-0.022183878070437965
2024-12-18,3.073813444994085,3.2040945840567923,-0.040660828088837093
2024-12-19,3.0666022103314527,3.2040945840567923,-0.04291145910906807
2024-12-20,3.096533764714493,3.2040945840567923,-0.033569801552522684
2024-12-23,3.098615746438019,3.2040945840567923,-0.032920013704846235
2024-12-24,3.1209120219818316,3.2040945840567923,-0.025961331631365554
2024-12-26,3.1238565876033295,3.2040945840567923,-0.025042330789084015
2024-12-27,3.103320140170032,3.2040945840567923,-0.03145176936667296
2024-12-30,3.082847844094462,3.2040945840567923,-0.03784118626386379
2024-12-31,3.0911585078540216,3.2040945840567923,-0.03524742270865775
2025-01-02,3.0817077574329566,3.2040945840567923,-0.03819700805114136
2025-01-03,3.0886221253919444,3.2040945840567923,-0.036039029321863855
2025-01-06,3.081639256728343,3.2040945840567923,-0.03821838716552654
2025-01-07,3.085126875971596,3.2040945840567923,-0.037129898935307964
2025-01-08,3.077568016365657,3.2040945840567923,-0.03948902392604664
2025-01-10,3.0524314485581816,3.2040945840567923,-0.047334163059127236
2025-01-13,3.0719940777874246,3.2040945840567923,-0.0412286537752926
2025-01-14,3.081884522372916,3.2040945840567923,-0.03814183959861217
2025-01-15,3.118786828909463,3.2040945840567923,-0.02662460576907154
2025-01-16,3.119100761583108,3.2040945840567923,-0.026526627177800452
2025-01-17,3.136484805221173,3.2040945840567923,-0.021101055871458246
2025-01-21,3.1411999428334583,3.2040945840567923,-0.01962945836127639
2025-01-22,3.12669316197365,3.2040945840567923,-0.02415703408641021
2025-01-23,3.1338807265728987,3.2040945840567923,-0.021913790508329447
2025-01-24,3.1314213654877583,3.2040945840567923,-0.022681358699786075
2025-01-27,3.1743158564262317,3.2040945840567923,-0.009293960227870953
2025-01-28,3.173749623622784,3.2040945840567923,-0.009470681853463782
2025-01-29,3.177972411633248,3.2040945840567923,-0.008152746973677134
2025-01-30,3.202655533579609,3.2040945840567923,-0.00044912858825823696
2025-01-31,3.179161696464736,3.2040945840567923,-0.007781570405605274
2025-02-03,3.167083245939263,3.2040945840567923,-0.01155126265675595
2025-02-04,3.195426876497348,3.2040945840567923,-0.0027051971569671722
2025-02-05,3.2149671837848857,3.2149671837848857,0.0
2025-02-06,3.219190401284022,3.219190401284022,0.0
2025-02-07,3.2061172552906525,3.219190401284022,-0.004061004278639395
2025-02-10,3.22301810653885,3.22301810653885,0.0
2025-02-11,3.260454118292887,3.260454118292887,0.0
2025-02-12,3.254324126463652,3.260454118292887,-0.001880103693176441
2025-02-13,3.2915276690959607,3.2915276690959607,0.0
2025-02-14,3.2870117153101606,3.2915276690959607,-0.001371993262642237
2025-02-18,3.3034546556622737,3.3034546556622737,0.0
2025-02-19,3.3192403537901423,3.3192403537901423,0.0
2025-02-20,3.313330210034187,3.3192403537901423,-0.0017805711928051862
2025-02-21,3.3161214864705983,3.3192403537901423,-0.0009396328638818139
2025-02-24,3.3171904095389606,3.3192403537901423,-0.0006175943989235025
2025-02-25,3.3159579188021993,3.3192403537901423,-0.0009889115092840115
2025-02-26,3.297746299407374,3.3192403537901423,-0.006475594440825825
2025-02-27,3.2817859526299835,3.3192403537901423,-0.011284028020866484
2025-02-28,3.3169600829345547,3.3192403537901423,-0.0006869857595530255
2025-03-03,3.3030960984406774,3.3192403537901423,-0.004863840405841715
2025-03-04,3.259049382670796,3.3192403537901423,-0.018133959793124335
2025-03-05,3.2534462874465695,3.3192403537901423,-0.019822025322283297
2025-03-06,3.2464023786111933,3.3192403537901423,-0.021944170176099915
2025-03-07,3.2599942620951152,3.3192403537901423,-0.017849292422398903
2025-03-10,3.2261218742464552,3.3192403537901423,-0.028054153847990485
2025-03-11,3.1912392296236027,3.3192403537901423,-0.03856337912389467
2025-03-12,3.1700504323438654,3.3192403537901423,-0.04494700761152211
2025-03-13,3.154101632236904,3.3192403537901423,-0.049751962482822695
2025-03-14,3.1917412981580155,3.3192403537901423,-0.038412119052041324
2025-03-17,3.2147223875342497,3.3192403537901423,-0.03148851999721763
2025-03-18,3.2136098422303423,3.3192403537901423,-0.03182370069681263
2025-03-19,3.2362063065348834,3.3192403537901423,-0.025015979081010133
2025-03-20,3.236775617724804,3.3192403537901423,-0.02484446056193981
2025-03-21,3.237654288159409,3.3192403537901423,-0.024579740222057958
2025-03-24,3.2561415456475182,3.3192403537901423,-0.019010014767557693
2025-03-25,3.2657639123368396,3.3192403537901423,-0.016111048237961886
2025-03-26,3.2684924224462173,3.3192403537901423,-0.015289019755974407
2025-03-27,3.2776865110490956,3.3192403537901423,-0.0125190821730031
2025-03-28,3.2573057735391386,3.3192403537901423,-0.0186592634607742
2025-03-31,3.2985990326274206,3.3192403537901423,-0.006218688302928092
2025-04-01,3.272250479753129,3.3192403537901423,-0.014156815725428571
2025-04-02,3.2816056672111427,3.3192403537901423,-0.011338343285693567
2025-04-03,3.195133044974608,3.3192403537901423,-0.03739027475784331
2025-04-04,3.0448371219073684,3.3192403537901423,-0.08267049162903822
2025-04-07,2.9979476862609453,3.3192403537901423,-0.09679704790354286
2025-04-08,2.963452852880811,3.3192403537901423,-0.10718943583072192
2025-04-09,3.1340307877038613,3.3192403537901423,-0.05579878115027
2025-04-10,3.063822587281518,3.3192403537901423,-0.07695066921471057
2025-04-11,3.1346826094304996,3.3192403537901423,-0.05560240437210329
2025-04-14,3.1585672316160758,3.3192403537901423,-0.0484065945964409
2025-04-15,3.15129516048329,3.3192403537901423,-0.05059747876199464
2025-04-16,3.1401928248993296,3.3192403537901423,-0.05394232107547246
2025-04-17,3.171647968184984,3.3192403537901423,-0.04446571199239219
2025-04-21,3.1463259538465356,3.3192403537901423,-0.052094570297134664
2025-04-22,3.1971040823595476,3.3192403537901423,-0.03679645292668574
2025-04-23,3.203612576192805,3.3192403537901423,-0.034835614560212606
2025-04-24,3.234997555369407,3.3192403537901423,-0.02538014408162431
2025-04-25,3.2319400196613866,3.3192403537901423,-0.026301299340697047
2025-04-28,3.2430670736352534,3.3192403537901423,-0.022949010025112786
2025-04-29,3.253085221172849,3.3192403537901423,-0.019930805113812487
2025-04-30,3.2413194069710825,3.3192403537901423,-0.02347553612081276
2025-05-01,3.2277868459159507,3.3192403537901423,-0.0275525415837282
2025-05-02,3.232237777304192,3.3192403537901423,-0.0262115927780296
2025-05-05,3.2133010046669095,3.3192403537901423,-0.03191674534875541
2025-05-06,3.2208430641086943,3.3192403537901423,-0.029644520791961046
2025-05-07,3.224653211590746,3.3192403537901423,-0.028496623358832754
2025-05-08,3.2187457967219357,3.3192403537901423,-0.03027637240956497
2025-05-09,3.2205604065558413,3.3192403537901423,-0.029729678093850978
2025-05-12,3.256357347881185,3.3192403537901423,-0.01894499921861726
2025-05-13,3.2506222937040983,3.3192403537901423,-0.020672820516806217
2025-05-14,3.2346618509883562,3.3192403537901423,-0.02548128300055413
2025-05-15,3.275187963799227,3.3192403537901423,-0.013271828881151436
2025-05-16,3.2791319624956325,3.3192403537901423,-0.012083605590270415
2025-05-19,3.2709821303845414,3.3192403537901423,-0.014538936100393026
2025-05-20,3.267685962420712,3.3192403537901423,-0.015531984994868372
2025-05-21,3.2348991372219156,3.3192403537901423,-0.02540979488632691
2025-05-22,3.223368410503414,3.3192403537901423,-0.02888370020485403
2025-05-23,3.22266302329295,3.3192403537901423,-0.0290962148573885
2025-05-27,3.2533490980281483,3.3192403537901423,-0.01985130594316699
2025-05-28,3.2347026532553538,3.3192403537901423,-0.025468990348426375
2025-05-29,3.250118012549447,3.3192403537901423,-0.02082474719306381
2025-05-30,3.2551001859356634,3.3192403537901423,-0.019323749116643238
2025-06-02,3.2700769917526715,3.3192403537901423,-0.014811630613412057
2025-06-03,3.2693647471163008,3.3192403537901423,-0.015026211228388453
2025-06-04,3.2665953857141905,3.3192403537901423,-0.01586054713267089
2025-06-05,3.2515914590362103,3.3192403537901423,-0.02038083643948403
2025-06-06,3.2735557833371534,3.3192403537901423,-0.013763562015273479
2025-06-09,3.278569326425144,3.3192403537901423,-0.012253113071054752
2025-06-10,3.3037805872093347,3.3192403537901423,-0.0046576219053117264
2025-06-11,3.300780192968256,3.3192403537901423,-0.005561561940161116
2025-06-12,3.319767337466169,3.319767337466169,0.0
2025-06-13,3.311843554838588,3.319767337466169,-0.0023868487824899014
2025-06-16,3.3117724987554986,3.319767337466169,-0.0024082527171233664
2025-06-17,3.2991357248931408,3.319767337466169,-0.006214776662263127
2025-06-18,3.2965183692764954,3.319767337466169,-0.007003192039180187
2025-06-20,3.3061708658503797,3.319767337466169,-0.004095609792391907
2025-06-23,3.3177583884889876,3.319767337466169,-0.0006051475217882685
2025-06-24,3.3133784461689384,3.319767337466169,-0.0019244997157261275
2025-06-25,3.3190565829009326,3.319767337466169,-0.0002140977041417516
2025-06-26,3.3341395354612255,3.3341395354612255,0.0
2025-06-27,3.3277465729396,3.3341395354612255,-0.001917425006851461
2025-06-30,3.3487351645088497,3.3487351645088497,0.0
2025-07-01,3.379222740086971,3.379222740086971,0.0
2025-07-02,3.3940360976790838,3.3940360976790838,0.0
2025-07-03,3.409883843612984,3.409883843612984,0.0
2025-07-07,3.3817766423106828,3.409883843612984,-0.008242861807433314
2025-07-08,3.3719556637988335,3.409883843612984,-0.011123012264829342
2025-07-09,3.3789371879160988,3.409883843612984,-0.009075574745706137
2025-07-10,3.401171085404299,3.409883843612984,-0.002555148095441724
2025-07-11,3.3937588395147267,3.409883843612984,-0.004728901287491368
2025-07-14,3.381551534801869,3.409883843612984,-0.00830887798837608
2025-07-15,3.364006802936638,3.409883843612984,-0.013454135912071613
2025-07-16,3.3921082402692755,3.409883843612984,-0.0052129644759025835
2025-07-17,3.4007467346015923,3.409883843612984,-0.002679595385193687
2025-07-18,3.3891593907549105,3.409883843612984,-0.006077759187279185
2025-07-21,3.406566023915374,3.409883843612984,-0.0009730007970285611
2025-07-22,3.426450117797753,3.426450117797753,0.0
2025-07-23,3.4351350286527924,3.4351350286527924,0.0
2025-07-24,3.4349702729485085,3.4351350286527924,-4.796192956306715e-05
2025-07-25,3.434483076673891,3.4351350286527924,-0.0001897893309763516
2025-07-28,3.420702246913183,3.4351350286527924,-0.004201518024538786
2025-07-29,3.4391275904758007,3.4391275904758007,0.0
2025-07-30,3.418366833337612,3.4391275904758007,-0.006036634754605445
2025-07-31,3.399214125052021,3.4391275904758007,-0.011605694867010685
2025-08-01,3.3915772350392386,3.4391275904758007,-0.01382628419144624
2025-08-04,3.4120824757476615,3.4391275904758007,-0.007863946310987992
2025-08-05,3.4057722475921555,3.4391275904758007,-0.009698780288355219
2025-08-06,3.426879014807592,3.4391275904758007,-0.0035615356935664354
2025-08-07,3.4423160578294145,3.4423160578294145,0.0
2025-08-08,3.47208303375925,3.47208303375925,0.0
2025-08-11,3.462881949426471,3.47208303375925,-0.002650018517217578
2025-08-12,3.4729348660270922,3.4729348660270922,0.0
2025-08-13,3.4914551870573582,3.4914551870573582,0.0
2025-08-14,3.4841395871440795,3.4914551870573582,-0.002095286784833252
2025-08-15,3.4801244355324243,3.4914551870573582,-0.0032452805257064173
2025-08-18,3.4733983935289974,3.4914551870573582,-0.005171709949277441
2025-08-19,3.482216903221376,3.4914551870573582,-0.002645969471476525
2025-08-20,3.490778472152974,3.4914551870573582,-0.00019382030360652532
2025-08-21,3.4848477533659197,3.4914551870573582,-0.0018924583984156463
2025-08-22,3.5178800187675066,3.5178800187675066,0.0
2025-08-25,3.502607497860204,3.5178800187675066,-0.004341399031753597
2025-08-26,3.5131779337310847,3.5178800187675066,-0.0013366246180474537
2025-08-27,3.524211393512758,3.524211393512758,0.0
2025-08-28,3.534525929747286,3.534525929747286,0.0
2025-08-29,3.544796517954219,3.544796517954219,0.0
2025-09-02,3.5457702850878494,3.5457702850878494,0.0
2025-09-03,3.5617684035394785,3.5617684035394785,0.0
2025-09-04,3.57484368193228,3.57484368193228,0.0
2025-09-05,3.5569480131830455,3.57484368193228,-0.00500600035735309
2025-09-08,3.5617587881246195,3.57484368193228,-0.003660270202524704
2025-09-09,3.5633065934398154,3.57484368193228,-0.003227298734983722
2025-09-10,3.562633357983148,3.57484368193228,-0.0034156245798507407
2025-09-11,3.586575039118302,3.586575039118302,0.0
2025-09-12,3.5901587567999775,3.5901587567999775,0.0
2025-09-15,3.6033568170088204,3.6033568170088204,0.0
2025-09-16,3.614930272326438,3.614930272326438,0.0
2025-09-17,3.624823465933103,3.624823465933103,0.0
2025-09-18,3.6034576875858293,3.624823465933103,-0.005894294866515277
2025-09-19,3.6269238394617984,3.6269238394617984,0.0
2025-09-22,3.64164198505997,3.64164198505997,0.0
2025-09-23,3.6591831328636135,3.6591831328636135,0.0
2025-09-24,3.6499755740956776,3.6591831328636135,-0.0025162880439739592
2025-09-25,3.661620964506694,3.661620964506694,0.0
2025-09-26,3.6771752400352162,3.6771752400352162,0.0
2025-09-29,3.6831439600550953,3.6831439600550953,0.0
2025-09-30,3.6931165803754458,3.6931165803754458,0.0
2025-10-01,3.6928466234982698,3.6931165803754458,-7.309730719320267e-05
2025-10-02,3.6836965682759018,3.6931165803754458,-0.0025506944864942148
2025-10-03,3.7103895501993356,3.7103895501993356,0.0
2025-10-06,3.714537311002643,3.714537311002643,0.0
2025-10-07,3.7221569192232025,3.7221569192232025,0.0
2025-10-08,3.7266270006056206,3.7266270006056206,0.0
2025-10-09,3.7119978608504134,3.7266270006056206,-0.003925571234478197
2025-10-10,3.6834209273551903,3.7266270006056206,-0.011593881878548283
2025-10-13,3.7218059466243645,3.7266270006056206,-0.0012936776287169652
2025-10-14,3.7223888283225897,3.7266270006056206,-0.0011372676370192574
2025-10-15,3.7350026844164548,3.7350026844164548,0.0
2025-10-16,3.7335971101425125,3.7350026844164548,-0.0003763248363399452
2025-10-17,3.7496356953617607,3.7496356953617607,0.0
2025-10-20,3.8025505727897224,3.8025505727897224,0.0
2025-10-21,3.7818423178837155,3.8025505727897224,-0.005445885468083179
2025-10-22,3.7755080908288754,3.8025505727897224,-0.007111669244942464
2025-10-23,3.7779962600382015,3.8025505727897224,-0.006457327070736818
2025-10-24,3.7867988158637598,3.8025505727897224,-0.004142418785611692
2025-10-27,3.8018272560951667,3.8025505727897224,-0.00019021882305303895
2025-10-28,3.791685620153383,3.8025505727897224,-0.002857280246076605
2025-10-29,3.7795812560161437,3.8025505727897224,-0.006040502639976039
2025-10-30,3.793388871485317,3.8025505727897224,-0.0024093568590421075
2025-10-31,3.789364531737018,3.8025505727897224,-0.0034676832826527316
2025-11-03,3.7694863799363825,3.8025505727897224,-0.008695267089921322
2025-11-04,3.7661538527374017,3.8025505727897224,-0.009571659694092767
2025-11-05,3.7668810764970786,3.8025505727897224,-0.009380413385659475
2025-11-06,3.7771138299702116,3.8025505727897224,-0.006689389748431212
2025-11-07,3.798775551512029,3.8025505727897224,-0.0009927603079645415
2025-11-10,3.8338041365322177,3.8338041365322177,0.0
2025-11-11,3.8749305801616374,3.8749305801616374,0.0
2025-11-12,3.882093876552848,3.882093876552848,0.0
2025-11-13,3.8505718861502602,3.882093876552848,-0.008119842385310362
2025-11-14,3.8375175100314634,3.882093876552848,-0.011482557593626935
2025-11-17,3.8141275045893033,3.882093876552848,-0.017507658012612556
2025-11-18,3.821982876973238,3.882093876552848,-0.015484169494887736
2025-11-19,3.830316057059047,3.882093876552848,-0.013337601083407473
2025-11-20,3.813575782654172,3.882093876552848,-0.017649777691496088
2025-11-21,3.8416764027073214,3.882093876552848,-0.010411256175344143
2025-11-24,3.865034021907399,3.882093876552848,-0.004394498223880484
2025-11-25,3.8791862876577285,3.882093876552848,-0.0007489743905165831
2025-11-26,3.9019946673682933,3.9019946673682933,0.0
2025-11-28,3.924301990636013,3.924301990636013,0.0
2025-12-01,3.914079212840725,3.924301990636013,-0.002604992638099979
2025-12-02,3.901991019170364,3.924301990636013,-0.0056853350019662775
2025-12-03,3.9188384837095676,3.924301990636013,-0.0013922238756044385
2025-12-04,3.9051217066707626,3.924301990636013,-0.004887565740612598
2025-12-05,3.8909993370323948,3.924301990636013,-0.008486261679932768
2025-12-08,3.8840178073903084,3.924301990636013,-0.010265311727239351
2025-12-09,3.867107318935896,3.924301990636013,-0.014574482758103758
2025-12-10,3.9144803311444627,3.924301990636013,-0.0025027787145296986
2025-12-11,3.930933053347174,3.930933053347174,0.0
2025-12-12,3.9366085316753474,3.9366085316753474,0.0
2025-12-15,3.936368602938486,3.9366085316753474,-6.0948081306724537e-05
2025-12-16,3.903645120359899,3.9366085316753474,-0.008373555828630953
2025-12-17,3.9123164389142504,3.9366085316753474,-0.006170817485567645
2025-12-18,3.9045565468233376,3.9366085316753474,-0.008142030022570988
2025-12-19,3.9109299248633977,3.9366085316753474,-0.006523027780214998
2025-12-22,3.9378508986114706,3.9378508986114706,0.0
2025-12-23,3.953515349186776,3.953515349186776,0.0
2025-12-24,3.9694207402773376,3.9694207402773376,0.0
2025-12-26,3.968372859649447,3.9694207402773376,-0.00026398829865971663
2025-12-29,3.949044221223591,3.9694207402773376,-0.005133373453458386
2025-12-30,3.945598938369502,3.9694207402773376,-0.006001329530557944
2025-12-31,3.927111759957489,3.9694207402773376,-0.010658729091260952
2026-01-02,3.937975707574427,3.9694207402773376,-0.007921819016019387
2026-01-05,3.9580293643469,3.9694207402773376,-0.0028697829420928802
2026-01-06,3.942736127349893,3.9694207402773376,-0.006722545850753103
2026-01-07,3.918174603174768,3.9694207402773376,-0.01291023059928617
2026-01-08,3.9475750285968596,3.9694207402773376,-0.005503501168019712
2026-01-09,3.969091756906995,3.9694207402773376,-8.287944057036626e-05
2026-01-12,3.982851064128298,3.982851064128298,0.0
2026-01-13,3.987309813654335,3.987309813654335,0.0
2026-01-14,4.013156823549226,4.013156823549226,0.0
2026-01-15,4.001701065714653,4.013156823549226,-0.002854550255138348
2026-01-16,3.996569929598984,4.013156823549226,-0.004133128776057197
2026-01-20,3.976394598733831,4.013156823549226,-0.009160425677779093
2026-01-21,4.007270318708043,4.013156823549226,-0.0014668015978444775
2026-01-22,4.025609114243466,4.025609114243466,0.0
2026-01-23,4.039542415557054,4.039542415557054,0.0
2026-01-26,4.072932467206894,4.072932467206894,0.0
2026-01-27,4.1099881828196105,4.1099881828196105,0.0
2026-01-28,4.132734047131474,4.132734047131474,0.0
2026-01-29,4.1592798696657205,4.1592798696657205,0.0
2026-01-30,4.115893766151399,4.1592798696657205,-0.010431157525787849
2026-02-02,4.121623888893689,4.1592798696657205,-0.009053485687910196
2026-02-03,4.197243142921805,4.197243142921805,0.0
2026-02-04,4.230994657153892,4.230994657153892,0.0
2026-02-05,4.21309702245017,4.230994657153892,-0.004230124628841168
2026-02-06,4.283815297330573,4.283815297330573,0.0
2026-02-09,4.290700944781861,4.290700944781861,0.0
2026-02-10,4.274679011862756,4.290700944781861,-0.0037341061810868
2026-02-11,4.300864687836842,4.300864687836842,0.0
2026-02-12,4.2349816370571105,4.300864687836842,-0.015318559304145034
2026-02-13,4.2294887792028035,4.300864687836842,-0.01659571128473191
2026-02-17,4.237095902775105,4.300864687836842,-0.014826968456385004
2026-02-18,4.272874646535267,4.300864687836842,-0.006508003234961872
2026-02-19,4.265931444895932,4.300864687836842,-0.0081223766559558
2026-02-20,4.275684839103571,4.300864687836842,-0.00585460147223003
2026-02-23,4.292140112333711,4.300864687836842,-0.002028563123086634
2026-02-24,4.3004521398962465,4.300864687836842,-9.592209254166489e-05
2026-02-25,4.313869459229413,4.313869459229413,0.0
2026-02-26,4.314753054764111,4.314753054764111,0.0
2026-02-27,4.327398982356354,4.327398982356354,0.0
2026-03-02,4.322930213943718,4.327398982356354,-0.0010326684530028126
2026-03-03,4.2776611879673485,4.327398982356354,-0.011493692768287891
2026-03-04,4.261319424855205,4.327398982356354,-0.01527004044937124
2026-03-05,4.218613839968566,4.327398982356354,-0.02513869019966175
2026-03-06,4.208383364818495,4.327398982356354,-0.027502806656633454
2026-03-09,4.2295289068306685,4.327398982356354,-0.022616374391342446
2026-03-10,4.223643112157471,4.327398982356354,-0.023976497342148493
2026-03-11,4.22116144243311,4.327398982356354,-0.024549975714371404
2026-03-12,4.187625172839196,4.327398982356354,-0.03229972787049289
2026-03-13,4.1742484949674585,4.327398982356354,-0.035390886769008326
2026-03-16,4.204329850679628,4.327398982356354,-0.028439515787313175
2026-03-17,4.202788538876027,4.327398982356354,-0.02879569089616829
2026-03-18,4.151815848729112,4.327398982356354,-0.040574750408531486
2026-03-19,4.130398125781475,4.327398982356354,-0.04552407979437308
2026-03-20,4.087500599796008,4.327398982356354,-0.05543708438682417
2026-03-23,4.105080193928515,4.327398982356354,-0.05137469166450237
2026-03-24,4.116129747148957,4.327398982356354,-0.048821297982641065
2026-03-25,4.154353363093885,4.327398982356354,-0.039988367138784654
2026-03-26,4.116681876037157,4.327398982356354,-0.04869370889495778
2026-03-27,4.12619828194073,4.327398982356354,-0.046494603625863606
2026-03-30,4.13802644908749,4.327398982356354,-0.043761283403950704
2026-03-31,4.203289068525413,4.327398982356354,-0.02868002565443159
2026-04-01,4.193932976024142,4.327398982356354,-0.030842084789588206
2026-04-02,4.188563690357621,4.327398982356354,-0.032082849897777266
2026-04-06,4.20594555989924,4.327398982356354,-0.028066148499896502
2026-04-07,4.1910478795299,4.327398982356354,-0.03150878931718205
2026-04-08,4.230458895234755,4.327398982356354,-0.022401467374938713
2026-04-09,4.245701088218247,4.327398982356354,-0.018879214620885428
2026-04-10,4.2225640238167355,4.327398982356354,-0.024225859220989594
2026-04-13,4.22318894608978,4.327398982356354,-0.024081448623401364
2026-04-14,4.228622034591951,4.327398982356354,-0.02282593959261342
2026-04-15,4.2236228250967205,4.327398982356354,-0.023981185391675038
2026-04-16,4.222529586462204,4.327398982356354,-0.024233817200984498
2026-04-17,4.238904446159364,4.327398982356354,-0.020449821372561017
2026-04-20,4.244902069083967,4.327398982356354,-0.01906385651259413
2026-04-21,4.18996729965074,4.327398982356354,-0.03175849586921608
2026-04-22,4.2204391925199065,4.327398982356354,-0.0247168773372974
2026-04-23,4.2362969806831225,4.327398982356354,-0.02105236934349528
2026-04-24,4.2232101547461305,4.327398982356354,-0.024076547606315415
2026-04-27,4.20066267011364,4.327398982356354,-0.02928694875592546
2026-04-28,4.229048556476332,4.327398982356354,-0.02272737648666454
2026-04-29,4.231357238352116,4.327398982356354,-0.022193873131601476
2026-04-30,4.257078809485489,4.327398982356354,-0.016249985997957177
2026-05-01,4.262976233898047,4.327398982356354,-0.014887175580752171
2026-05-04,4.225418231123554,4.327398982356354,-0.02356629274272953
2026-05-05,4.263368170719512,4.327398982356354,-0.014796604588092765
2026-05-06,4.2883133480353814,4.327398982356354,-0.009032130959112481
2026-05-07,4.252012091710573,4.327398982356354,-0.01742083199472664
2026-05-08,4.255079362588435,4.327398982356354,-0.01671202957314085
2026-05-11,4.270480095981659,4.327398982356354,-0.013153140398369633
2026-05-12,4.2960603264347785,4.327398982356354,-0.007241915074008514
2026-05-13,4.313754063469113,4.327398982356354,-0.0031531455599250633
2026-05-14,4.31932194543936,4.327398982356354,-0.0018664876869282602
2026-05-15,4.307023526423408,4.327398982356354,-0.0047084763887085025
2026-05-18,4.325006067505472,4.327398982356354,-0.0005529683906288589
2026-05-19,4.316249793317999,4.327398982356354,-0.002576418094058966
2026-05-20,4.327833608791817,4.327833608791817,0.0
2026-05-21,4.336842448824486,4.336842448824486,0.0
2026-05-22,4.357553050280212,4.357553050280212,0.0
2026-05-26,4.3325054753906445,4.357553050280212,-0.005748082605203645
2026-05-27,4.3212467063929285,4.357553050280212,-0.00833181913527112
2026-05-28,4.318369489390151,4.357553050280212,-0.008992101860364346
2026-05-29,4.301009256469221,4.357553050280212,-0.012976042553826297
2026-06-01,4.2887884109283565,4.357553050280212,-0.015780562751251833
2026-06-02,4.31261230638243,4.357553050280212,-0.010313298169690007
2026-06-03,4.306662683845121,4.357553050280212,-0.011678656770872483
2026-06-04,4.33093061323247,4.357553050280212,-0.006109492355125919
2026-06-05,4.312309716323557,4.357553050280212,-0.010382738531145592
2026-06-08,4.305370325733248,4.357553050280212,-0.011975235629915813
2026-06-09,4.294641372423917,4.357553050280212,-0.014437386563142295
2026-06-10,4.282590353406148,4.357553050280212,-0.017202933850511345
2026-06-11,4.3089378994439596,4.357553050280212,-0.011156525296490992
2026-06-12,4.322899512697721,4.357553050280212,-0.007952522248756701
2026-06-15,4.31186108293801,4.357553050280212,-0.010485693877958472
2026-06-16,4.33631035098465,4.357553050280212,-0.004874914671250158
2026-06-17,4.307049316310934,4.357553050280212,-0.011589929803844974
2026-06-18,4.275457707767979,4.357553050280212,-0.01883978039164764
2026-06-22,4.2849987142118175,4.357553050280212,-0.01665024733634145
2026-06-23,4.295357994162021,4.357553050280212,-0.014272931482541914
2026-06-24,4.278278885918034,4.357553050280212,-0.01819235783189839
2026-06-25,4.263958037572225,4.357553050280212,-0.02147880051671857
2026-06-26,4.3052637822059525,4.357553050280212,-0.011999685940919812
2026-06-29,4.310472315015046,4.357553050280212,-0.010804397496007258
2026-06-30,4.303386918013944,4.357553050280212,-0.012430401108435248
2026-07-01,4.321096068645588,4.357553050280212,-0.008366388478570595
2026-07-02,4.399506148746984,4.399506148746984,0.0
2026-07-06,4.4066868484481985,4.4066868484481985,0.0
2026-07-07,4.435736318872781,4.435736318872781,0.0
2026-07-08,4.404681074549517,4.435736318872781,-0.007001147518875952
2026-07-09,4.400334283693578,4.435736318872781,-0.00798109550123112
2026-07-10,4.407853641606241,4.435736318872781,-0.006285918562811531
2026-07-13,4.415280396156939,4.435736318872781,-0.004611618285065224
2026-07-14,4.421198222157148,4.435736318872781,-0.0032774934465282257
2026-07-15,4.43213317463761,4.435736318872781,-0.0008122990133207521
2026-07-16,4.450411395994511,4.450411395994511,0.0
2026-07-17,4.439885668667266,4.450411395994511,-0.002365113332380559
2026-07-20,4.416435714959565,4.450411395994511,-0.007634278724327521
2026-07-21,4.458088472592336,4.458088472592336,0.0
2026-07-22,4.486838480905701,4.486838480905701,0.0
